lattice_id,u,s,smoothness_value,smoothness_index,cost
0,657072,235,47,14,93
0,11165154,-1075,43,13,100
0,8537760,-1121,59,16,210
0,82055753,-48872,149,34,190
0,16410576,-10349,131,31,226
0,7222110,-3097,163,37,163
0,12975724300,-11913701,107,27,326
0,22589466120,184853,89,23,208
0,64923040,-103823,47,14,597
0,16395939,-24986,31,10,398
0,655473,-1364,31,10,586
1,3969405,-358,179,40,85
1,1134903,685,137,32,94
1,2833866,-1679,73,20,139
1,241026786,5461,127,30,167
2,866052,29,29,9,93
2,209564901,-12665,149,34,187
2,4332042,1927,47,14,76
2,48534915,37627,197,44,176
2,17320303,-157,157,36,124
2,866320,297,11,4,66
2,228762625,132553,61,17,280
2,18183880,-2603,137,32,107
2,14723280,889,127,30,106
2,42413085,-22042,107,27,253
2,763749701,-82585,199,45,280
3,10534050,4921,37,11,83
4,1022450,333,37,11,58
4,1022208,91,13,5,118
4,11248640,5353,101,25,126
4,64420400,27029,179,40,196
4,1051747840,-10553,173,39,200
4,6131125,-1577,83,22,148
4,13280960,-6561,3,1,162
4,2658370000,-156317,163,37,310
4,9193600,-5453,41,12,262
4,651059200,-29329,211,46,339
4,7150000,-4819,79,21,371
5,4611915,-3053,71,19,150
5,31112125,-38909,73,20,264
5,46686250,-40301,211,46,333
5,46750000,23449,179,40,130
5,68656250,8601,61,17,211
5,25416015625,-3228119,89,23,292
5,1153977,235,47,14,81
5,763140625,-59708,59,16,197
5,6349330,3749,163,37,198
5,144204489,-13261,149,34,295
6,347766705,-227599,79,21,191
6,49711519,-1953,31,10,118
6,5437575,164,41,12,121
6,8541936,-2567,151,35,130
6,815730721,119071,167,38,332
7,20693556,-89,89,23,94
7,50247912,-8083,137,32,212
7,103541152,72927,73,20,356
7,1826653400,1473911,227,48,284
7,45507096,-18923,149,34,228
7,512435000,-176149,127,30,259
7,501126000,339791,113,29,231
7,28957500,-13603,223,47,236
7,5475734000,195533,89,23,375
8,528220,261,29,9,42
8,224827239,444664,163,37,470
8,64001056,118017,47,14,331
8,4802079233,10851308,211,46,649
9,39918125,-3792,79,21,114
10,844662,265,53,15,62
10,804156925,290981,101,25,204
10,38014691,16826,179,40,262
10,675491817,-25783,59,16,224
11,439239619,-395456,167,38,271
11,26606853,-37697,149,34,351
11,130551993,-6302,137,32,90
11,312126078537,43793297,197,44,343
11,182660427,-121186,79,21,213
12,3183624,209,19,7,228
12,2546775,43,43,13,89
12,54108054,-10001,137,32,148
12,155953512,-33823,227,48,287
12,91035000,-10669,227,48,186
12,4455000,-1781,137,32,215
12,827344287,-343613,131,31,347
12,14000231,-6795,151,35,96
12,33078375,-29141,181,41,354
12,7001316,-2197,13,5,225
13,8529920,2479,67,18,208
13,9834496,-4859,113,29,529
13,81962496,-32129,89,23,317
14,11320155,184,23,8,87
14,85325805,-9361,37,11,149
14,1742279,745,149,34,103
14,4349943,-3892,139,33,210
14,622598508,103,103,26,139
14,871563,796,199,45,114
14,326862536,324911,223,47,349
14,12196899,6161,101,25,130
14,239461677,752,47,14,143
14,239502744,41819,71,19,307
15,695604,205,41,12,49
15,27810783,-5177,167,38,164
15,695266,-133,19,7,59
15,17377536,-7439,173,39,271
15,3480048,3053,71,19,102
15,226289448,284773,83,22,352
15,17393508,8533,53,15,354
16,2162875,772,193,43,62
16,32411345484375,10289019479,227,48,783
16,5767125,1517,41,12,107
16,487179275,-14601,157,36,86
16,5769885,4277,47,14,131
17,8644482,1679,73,20,79
17,282386412,-166763,131,31,263
17,3326169,2014,53,15,114
17,11966045,-913,83,22,89
17,1329185,-477,53,15,75
17,3326427,2272,71,19,126
17,51195483,3496,23,8,166
17,46560501,22331,163,37,163
17,130323843,16967,47,14,98
17,564736653,-369697,127,30,216
17,11310156,8029,37,11,85
17,3321864,-2291,79,21,219
18,1244485,243,3,1,37
18,2490891,2407,83,22,146
18,623084,963,107,27,293
18,13078406,13865,59,16,174
18,56689952,76941,103,26,297
18,17786632160,18234279,127,30,279
19,15459444,18905,199,45,257
19,6565727168,3498093,131,31,358
19,417401600,507047,149,34,326
19,4473218750,10902979,173,39,678
19,15466880,26341,71,19,255
20,9490815488,20998001,107,27,603
20,4847040,4559,97,24,114
20,22857520,28681,43,13,239
20,35983101,10385,67,18,125
20,8418332153,716609,193,43,238
21,3696875,-57,19,7,77
22,634933,-298,149,34,76
22,634933,-298,149,34,76
22,6760131651,-3808037,79,21,346
22,6760131651,-3808037,79,21,346
22,538032456,-8201,139,33,159
22,538032456,-8201,139,33,159
22,10796058,-2869,151,35,112
22,10796058,-2869,151,35,112
22,8454839211,-85399,79,21,311
22,8454839211,-85399,79,21,311
23,1446445,-61,61,17,48
23,1265092587,-600163,107,27,290
23,65007371,-85399,79,21,283
24,648270,167,167,38,79
24,8434125,8786,191,42,140
24,81015228,2353,181,41,162
24,1020425000,958981,199,45,243
24,110270727,93217,97,24,242
25,1085773,47,47,14,84
26,334825029,28355,107,27,99
27,756756,-95,19,7,71
27,37841661,-889,127,30,151
27,132505956,57031,107,27,184
27,3028025,621,23,8,118
27,49187817,-7498,163,37,164
27,775018125,2701,73,20,298
27,1550095547,64699,97,24,306
27,3150913689,2413529,223,47,360
28,29094208,7367,139,33,89
28,203643000,35113,73,20,176
28,15421329,-12505,61,17,153
28,38586702,2117,73,20,104
28,1973183625,-2347127,131,31,410
28,2872370711,-696849,127,30,226
28,594000,391,23,8,188
28,2968812,767,59,16,179
28,282644505,86621,97,24,152
28,7717500,583,53,15,240
28,802234125,-325243,179,40,460
28,5934929,-1161,43,13,75
28,265939245,2413,127,30,170
29,352218537,-79588,197,44,291
29,22000363,16960,53,15,243
29,1127357,3,3,1,234
29,12403125,2231,97,24,70
29,95295690,34277,227,48,238
29,95249385,-12028,97,24,156
29,124521705,-50912,43,13,215
29,563550,-127,127,30,77
29,9582300,-209,19,7,122
29,365234375,-28321,223,47,155
29,410921875,1342,61,17,132
29,5078125,5032,37,11,133
29,7330400,2599,113,29,155
30,7768320,3233,61,17,299
30,38811136,-14299,181,41,501
31,3182179,-1216,19,7,82
31,2543541,-3175,127,30,282
31,10814375,-9168,191,42,250
31,21896462016,434527,131,31,258
31,637000,321,107,27,86
31,4461600,4847,131,31,128
31,8917095,3589,97,24,118
31,325450125,-529523,103,26,412
31,64976275,35017,97,24,80
32,14171157,1096,137,32,69
32,833833,300,5,2,63
32,140873040,5963,89,23,184
32,10000165,-2231,97,24,198
32,62488426,-26549,191,42,179
32,241026786,135749,151,35,234
32,9172800,3937,127,30,234
32,10841600,5671,107,27,370
32,37531648,22663,173,39,655
32,127527400,-3149,67,18,174
32,240945152,54115,137,32,701
33,528125,582,97,24,125
33,4229225,8881,107,27,634
33,8984250,16019,193,43,375
33,127817235,151829,131,31,293
33,2593937500,2118741,127,30,201
34,54946125,-17168,37,11,157
34,53535482,-193,193,43,128
34,714025,216,3,1,260
34,5000567,3904,61,17,109
34,6428125,3844,31,10,94
34,57857800,39271,227,48,273
34,3568572,-473,43,13,122
34,17853836,8611,109,28,181
34,714714,905,181,41,176
34,714000,191,191,42,168
34,65025000,68381,61,17,215
34,2143750,2323,101,25,143
35,595350,127,127,30,69
35,20253807,16225,59,16,243
35,14880348,-227,227,48,177
35,937461924,1176145,137,32,380
35,70858800,27263,199,45,207
35,20462131872,1341247,179,40,294
35,32752512,15247,193,43,298
35,6554520,7067,191,42,166
35,6561000,13547,31,10,402
36,687225,92,23,8,54
36,7563150,4687,109,28,103
36,62481375,-47728,157,36,399
36,7560000,1537,53,15,200
36,8930250,-2479,67,18,394
36,33637032,-32485,89,23,467
36,11681280,19,19,7,234
36,11675664,-5597,193,43,434
36,900000000,542903,211,46,383
36,11679525,-1736,31,10,207
36,116208400,82923,211,46,125
36,116160000,34523,79,21,210
36,4811400,1469,113,29,476
36,601261947,20572,139,33,422
36,11694375,13114,83,22,396
36,8944320,11591,173,39,235
36,152064000,207607,181,41,339
37,5140443,-4061,131,31,178
38,12478125,4154,67,18,133
38,1612078125,814,37,11,215
39,7728149,1675,67,18,43
39,7174090,-493,29,9,98
39,9938999,4961,41,12,96
39,44708300,5129,223,47,259
39,1395151488200,-168588223,223,47,382
40,125444088,965,193,43,158
40,742203,-64,2,0,157
40,2779161275,113627,83,22,265
40,86806489,-38750,31,10,108
40,10385793,-5945,41,12,147
40,214358881,-156282,61,17,129
41,7521514,-515,103,26,81
41,112920392,89957,181,41,203
41,9193600,9,3,1,122
41,42634592,9761,227,48,119
41,22596145,30058,113,29,263
41,14210196,1919,101,25,95
41,4183088,4183,89,23,103
41,140320193,-91015,167,38,135
41,935106029,-968691,139,33,215
41,7592570557,10365325,29,9,410
41,321911031,135346,59,16,83
42,9058973,4745,73,20,114
42,9046619855,8236754,83,22,188
42,89852906,65145,101,25,87
42,2400123635,1507734,227,48,134
43,11682825,4366,59,16,67
43,2697695,2666,43,13,179
43,897974,-369,41,12,103
44,9282325,-1727,157,36,94
44,9282325,-1727,157,36,94
44,6185025,-4343,101,25,211
44,6185025,-4343,101,25,211
44,563150313,-82175,173,39,281
44,563150313,-82175,173,39,281
44,1213014231,-101897,173,39,312
44,1213014231,-101897,173,39,312
45,2433431,-508,127,30,46
45,19471375,-137,137,32,207
45,198846076,74391,181,41,79
45,811538,225,5,2,73
45,71373939,-21605,149,34,110
45,207536175,-159953,97,24,481
45,64891827,-13213,181,41,257
45,25977105,15089,191,42,355
46,6762600,53,53,15,94
46,7996800,4699,127,30,270
46,614250,-527,31,10,195
46,2460375,1267,181,41,149
46,614125,-652,163,37,189
46,4303125,-314,157,36,135
46,103950000,52687,59,16,259
46,1660753125,-1603883,173,39,472
47,1323135,17,17,6,79
48,20992335,1711,59,16,75
48,83960569,-1927,47,14,197
48,923124475,-462981,97,24,223
48,5719065625,4368241,113,29,352
48,79366625,-4172,149,34,186
48,1311975,61,61,17,126
49,78092135,116,29,9,166
49,19293351,11371,137,32,164
49,651612346,845521,167,38,295
49,442890250,368809,59,16,158
49,17347225,-6557,83,22,205
50,11943503,11918,101,25,146
50,16713125,8906,73,20,93
50,794750,-689,53,15,131
50,99423038,-6837,53,15,137
50,3182179,423,47,14,88
50,13916018457,-4164043,89,23,374
51,619905,-226,113,29,52
51,30387500,1081,47,14,128
51,4335000,-5917,97,24,370
51,9358277487,-739565,109,28,243
52,2235415,1474,67,18,64
52,10440125,15067,61,17,291
52,503518631,137259,151,35,145
52,29816997,31117,37,11,256
52,83540925,140461,197,44,462
52,8193150,2033,107,27,133
52,3271524795,-454123,179,40,184
52,124351902675,-35421499,41,12,247
53,7055510,-6241,79,21,227
53,13323310,-15553,151,35,224
53,2562141400,-1274213,139,33,320
53,25894400,1313,101,25,220
53,5491200,-1273,67,18,227
53,784000,-639,71,19,398
53,664237600,-351633,199,45,299
53,119939072,-110695,131,31,435
53,21156245,-29008,37,11,300
53,3580825600,517843,131,31,316
53,359956480,-192821,109,28,518
54,5202085833,960233,163,37,261
54,1771561,-1550,31,10,109
54,14175161,-9727,137,32,123
54,4723719,-4577,199,45,200
55,6685250,1629,181,41,63
55,62272275000,978143,227,48,307
55,16230760,-891,11,4,117
55,42017625,6293,31,10,208
55,46787312,1965,131,31,167
55,327184000,-313429,179,40,506
55,3599337495,-3134224,89,23,412
56,18674500,18079,179,40,178
56,7099285,-7923,139,33,159
56,138590375,-181,181,41,163
56,15104375,1558,41,12,159
56,22204448,-5577,13,5,134
56,3552549,-1055,211,46,142
56,15107092,4275,19,7,115
56,78239525,60237,97,24,117
56,7109375,2167,197,44,219
56,1651455820,-81639,193,43,166
56,609118653,-324433,193,43,132
56,4875552825,8137,103,26,205
56,6222425,3618,67,18,190
56,88856229,16129,127,30,197
56,6223360,4553,157,36,112
56,890120,1719,191,42,319
56,11560000,10787,67,18,138
56,9771957,-454,227,48,102
56,889350,949,73,20,166
57,1419857,871,67,18,77
57,2837835,-137,137,32,179
57,2255604975,126728,73,20,226
57,64546875,-16988,137,32,175
57,710073,580,29,9,102
57,101478015,20516,223,47,131
57,9211875,-11534,79,21,229
57,205078125,34648,71,19,121
57,1318359375,-588112,89,23,246
57,31225005,7313,103,26,242
57,14508703125,280768,107,27,146
58,5923125,-1411,83,22,153
58,115548125,19673,191,42,167
58,35546875,-341,31,10,221
58,277265625,293567,191,42,153
59,313788397,-126380,89,23,102
60,3321188,1743,83,22,94
60,4654260,7037,227,48,253
60,53826500,51491,151,35,269
60,83086344,100219,139,33,287
60,3321864,2419,59,16,207
60,1329185,1407,67,18,191
60,83078541,92416,19,7,217
61,31596077821,-2841505,167,38,323
61,93462600,-25327,43,13,198
61,15798365625,-1094038,223,47,336
62,10549994,4859,113,29,168
62,1827958132,-568277,113,29,189
62,562122561,-284639,211,46,223
62,439088364,-292261,131,31,361
62,79577743518,42820303,167,38,332
62,25367712678,-28487447,199,45,439
63,5582577,-4393,191,42,180
63,71373939,-139277,79,21,491
63,13936923,-30502,151,35,662
63,119594217886,-176451489,109,28,847
63,26767741,-49715,163,37,451
64,8754966,-2185,23,8,175
64,2695275,767,59,16,134
64,280416411,187579,211,46,386
64,140072625,-41791,79,21,214
64,14573155905,1256641,59,16,434
64,2606940973,-1342771,127,30,296
64,43111575,-553,79,21,314
64,796539777,-360964,71,19,410
65,545292,-31,31,10,64
65,3814800,-2461,107,27,191
65,131948271,-19895,173,39,151
65,14707550,-16171,157,36,231
65,8719893,-5275,211,46,185
65,106776813,-106495,59,16,247
65,68167008,1633,71,19,163
65,272386257,-275243,173,39,353
65,309125960,-72181,131,31,223
65,53969305,-17672,47,14,262
65,3575405405,-2458798,223,47,281
65,2385443281,-344844,103,26,477
65,14162445,-15953,53,15,231
65,245027783,-367567,167,38,362
65,218101653,-27547,163,37,158
66,811538,225,5,2,54
66,71373939,-21605,149,34,202
66,101362989,-51136,47,14,426
66,2433431,-508,127,30,102
66,198846076,74391,181,41,182
67,643125,62,31,10,42
67,10924550,-7521,109,28,132
67,367653125,-178911,193,43,126
67,2571471,-781,71,19,123
67,1136953125,17741,157,36,256
67,6847351875,17051,59,16,288
68,59717515,-57879,109,28,198
68,3298450925,-174899,163,37,250
68,2436525,-3287,173,39,269
68,87819875,-13357,37,11,150
68,5488000,-1577,83,22,179
68,609375,-578,17,6,306
68,417828125,-599633,31,10,487
68,610368,415,83,22,93
68,45774421,27946,157,36,255
68,15247232,-1593,59,16,114
68,609840,-113,113,29,137
68,4266405,-3266,71,19,223
68,6100941,1411,83,22,112
68,7940625,11236,53,15,352
68,1830101,242,11,4,98
68,16472456,3725,149,34,249
68,10375750,6549,59,16,139
68,1830125,266,19,7,302
69,23529800,-25897,47,14,297
69,17853836,8611,109,28,97
69,714000,191,191,42,88
69,714025,216,3,1,148
69,713440,-369,41,12,200
69,36386714,-17545,29,9,310
69,5000000,3337,71,19,195
69,2272306400,3107589,181,41,278
70,695604,205,41,12,46
70,11830000,8217,83,22,115
70,603351125,440192,181,41,248
70,115796734144,99725519,163,37,263
70,15306375,7597,107,27,103
70,7647185,-2204,29,9,69
71,2756193,485,97,24,64
71,4826809,4320,5,2,88
71,1550095547,9797,101,25,276
71,17216199,-6976,109,28,249
71,917664930,703093,197,44,139
72,156065000,129559,131,31,258
73,686664,65,13,5,59
73,75557027,31137,107,27,89
73,581782500,233147,83,22,281
73,4811400,5207,127,30,330
73,9616475,4089,47,14,154
74,3174665,-963,107,27,49
74,5562128,4779,59,16,105
74,7153328,8165,71,19,207
74,138863582,-70143,227,48,113
74,850678400,404003,179,40,187
74,238289906712,18568337,193,43,285
74,1744635200,421521,149,34,167
74,1040000000,775737,157,36,319
74,134280960,110677,163,37,165
74,38937600,36157,173,39,229
74,229605376,166253,173,39,287
76,8711395,4371,47,14,225
76,46250919,-5146,83,22,74
76,29937843,7448,19,7,147
76,4348377,-5135,79,21,236
76,4349943,-3569,83,22,263
76,426629025,-15151,139,33,361
77,4151485,506,23,8,65
77,593190,193,193,43,104
77,8397790830,360313,197,44,270
78,897974,-369,41,12,50
78,9865221597,-3076258,157,36,222
78,1908737376,-241499,107,27,342
78,112252224,-40651,59,16,350
78,2692613,-2416,151,35,131
78,3702294323,-3370552,193,43,356
78,40424164,-1271,41,12,101
79,1742279,453,151,35,54
79,83604521,-3127,59,16,275
79,43560848331,15198331,227,48,315
79,2614430,1691,89,23,131
79,83490514835,29180219,223,47,370
80,28102360,909,101,25,115
80,22380160,13699,103,26,139
80,7453600,-1887,37,11,112
80,6881875,-113,113,29,111
80,196625000,-85157,67,18,251
80,11471889,1909,83,22,109
80,2508969606,-88519,127,30,291
80,28110720,9269,31,10,137
80,4588311,319,29,9,71
80,573300,-199,199,45,133
80,28114944,13493,131,31,298
80,19508125,9159,71,19,108
80,165785620,44409,131,31,138
80,9750000,517,47,14,210
80,5738733,3743,197,44,154
80,574464,965,193,43,273
80,9757440,7957,109,28,174
81,128108750,-46719,179,40,135
81,2898918,-527,31,10,85
81,82906875,-17252,227,48,180
81,30092125,-62103,163,37,575
82,1670420,707,101,25,142
82,2785671,2816,11,4,143
82,1113879,737,67,18,133
82,4459455,6887,97,24,435
82,9459450,-2257,61,17,107
82,556875,304,19,7,178
82,104104845,26068,19,7,123
82,27275820,3841,167,38,135
82,19494189,14204,67,18,126
82,318495051,136439,167,38,154
82,556325,-246,41,12,98
82,2226609,325,13,5,107
82,1718026970,-107707,71,19,178
83,588245,102,17,6,38
83,169954785,-18542,127,30,98
84,10995600,13837,137,32,210
84,54908469,-346,173,39,122
84,32941720,-3569,83,22,96
84,2534224,-29,29,9,110
84,373565115,185173,97,24,344
84,41399424,6625,53,15,238
85,893025,64,2,0,117
85,88367734,-35405,97,24,296
85,258011325,-54404,67,18,173
85,3570125,-1719,191,42,373
86,32155585,-656,41,12,44
86,2474329,772,193,43,93
86,5769885,-1748,23,8,75
86,17303000,-11899,163,37,375
86,714739025,-118948,227,48,179
87,584375,76,19,7,36
87,1751750,-1147,37,11,136
87,68359375,-3608,41,12,172
87,16212109375,1317919,113,29,249
87,386683451,-706786,103,26,447
87,337211875,-512947,151,35,401
88,3426962,927,103,26,106
88,85768683,117808,199,45,274
88,17114328,-15847,53,15,382
89,1226225,19,19,7,40
89,347633000,3599,61,17,267
89,7968750,-1589,227,48,251
89,425000000,119621,61,17,363
89,1838720,-589,31,10,158
89,30003402,-38645,131,31,359
89,66202675,-12449,211,46,262
89,71740900,7849,167,38,208
89,149072000,87971,101,25,396
89,1347500000,512709,149,34,270
89,82824896,55991,73,20,182
89,597601697,-173728,89,23,209
89,7968576,-1763,43,13,119
89,7964704,-5635,23,8,270
89,1472328000,267697,113,29,185
89,2454375,1963,151,35,152
89,46013968,31243,199,45,119
89,9813573,3925,157,36,159
89,4291650,-71,71,19,176
89,2436262400,2856593,193,43,442
89,76660276,22401,131,31,291
89,23936000,24983,83,22,199
90,728875,648,3,1,103
90,250000000,218139,89,23,386
90,729300,1073,37,11,202
91,117661005,-1384,173,39,107
91,13835745,-6889,83,22,107
92,5912634,-97,97,24,59
92,5917275,4544,71,19,145
92,603351125,252563,139,33,256
92,538265,744,31,10,193
92,236513641,4401,163,37,183
93,1446445,-157,157,36,42
93,15193750,4429,103,26,260
93,10122255,-3959,107,27,139
93,5788125,1717,101,25,382
93,174936125,-102717,113,29,262
93,18792225,-13601,67,18,172
93,722500,-801,89,23,408
93,12297285,1168,73,20,116
93,1447875,1273,67,18,298
93,55693950,-227,227,48,182
94,5826240,79,79,21,214
95,784329,92,23,8,36
95,2353208,497,71,19,98
95,3763454409,-2451665,197,44,200
95,662563814,-116451,227,48,230
95,69034875,22019,227,48,203
95,7055510,-2623,61,17,115
95,10182150,-12931,193,43,325
95,89596697575,2325747,179,40,281
95,1722620625,-348064,149,34,431
96,549250,-87,29,9,71
96,34606000,-2231,97,24,175
96,19751875,-24257,191,42,309
96,8783775,-5617,137,32,139
96,8236228,-3827,89,23,155
96,17540024125,-7997003,223,47,339
96,18126080,-2041,157,36,217
96,34587520,-20711,149,34,331
96,7137144,-4237,223,47,235
96,7133676,-7705,67,18,333
96,92683745,-154208,79,21,531
97,5812079,-1791,199,45,67
97,1161875,-899,31,10,150
97,564453125,-655039,181,41,417
98,812500,357,17,6,54
98,5686200,1199,109,28,247
98,159284697,104669,131,31,133
98,1353362985,332747,211,46,219
98,2197265625,1230953,103,26,244
98,22013671875,1348003,149,34,296
98,1625625,1339,103,26,121
98,13820625,14194,151,35,199
98,2752434555,894071,191,42,251
98,812175,32,2,0,55
98,20299734,-3841,167,38,292
98,6499899,2755,29,9,214
98,464551605,5809,157,36,362
98,520010127,238607,179,40,310
99,841568,69,23,8,53
99,12623962,1477,211,46,116
99,14310912,5429,89,23,188
99,4088307223,-1377917,223,47,445
99,7571200,-2291,79,21,212
100,89139564,88579,313,64,291
100,53453440,22849,313,64,123
100,9796674303,1065953,89,23,139
100,28007932140,-7507741,257,54,222
100,1763160100,-49403,389,76,144
100,2154915495,-118342,107,27,179
100,231720662400,-43431161,283,60,323
100,135757902592,-9229139,373,73,285
100,2157373440,2339603,359,71,262
100,3333474000,2967161,79,21,239
100,1443826150,1200193,401,78,182
100,11167351000,357481,83,22,216
100,195994500,82333,293,61,180
100,3332616625,2109786,263,55,223
100,784142255,493587,181,41,134
100,374412233,398096,179,40,254
100,26068574520,12256309,229,49,225
101,331230705,-848,53,15,87
101,38985765,17347,83,22,68
101,253828125,533408,211,46,538
101,272844975,66049,257,54,111
101,1481821575,1021691,317,65,138
101,546229125,671273,233,50,266
101,24028171875,23626387,227,48,347
101,1482853125,2053241,263,55,288
101,155859375,-14297,29,9,159
101,3818359375,-545589,167,38,188
101,272765625,-13301,283,60,103
101,3586309375,1214919,283,60,206
101,10610015625,10605929,307,62,486
101,34099177827,1812077,229,49,157
102,1934043573,-469475,211,46,189
102,180966998625,90028637,233,50,178
104,1363189087273,309421158,313,64,146
104,1069963059347,-66430578,199,45,227
104,93087478,963,107,27,58
104,2432897992217,305330328,419,80,131
105,6837877529,-2622917,409,79,142
105,2022876427,-940273,157,36,289
105,4188364180,-936389,269,56,246
105,121430575,1573,13,5,155
105,80946775,-5893,83,22,197
105,182003003,-140500,281,59,204
105,60736445,21944,211,46,102
105,1153640026,64507,257,54,110
105,384513701,-11472,239,51,190
105,318349605623,3238713,131,31,219
105,283461893,127555,263,55,72
105,303515212,-57293,53,15,150
105,668363969,504458,401,78,121
105,1113540239,441054,229,49,128
106,671373259284,-29856341,271,57,174
106,2736832813,2391033,271,57,203
106,14863744181,19631661,151,35,348
107,1084579375,-726002,163,37,184
108,42891849,24503,229,49,102
108,1351796875,1475476,163,37,185
108,703649784838,518142073,277,58,316
108,407618750,378963,79,21,192
108,536621932,780107,359,71,425
108,236121075,350672,101,25,274
108,21441420,7747,127,30,151
108,150218750,183039,97,24,159
108,34884860472,55141847,379,74,473
109,70195125,5177,167,38,115
109,807755949,571547,179,40,260
109,193135722,113365,79,21,60
109,44336101524,-6398125,353,70,236
109,192756652506,-2492189,281,59,244
109,122820750,-11659,131,31,123
109,1596746250,-75067,277,58,202
109,87737364,-71,71,19,144
109,228128076,10745,307,62,309
109,1597289625,468308,53,15,208
109,2386855107,396875,127,30,339
109,47728601271,-563369,199,45,506
109,2193846039,410164,61,17,460
109,2333097000,-718771,373,73,272
109,4561859169,-487451,131,31,313
109,35093331,-1643,53,15,422
110,34821803016,-19231439,317,65,368
110,17821848,347,347,68,169
110,231723107,43594,307,62,65
110,89101012,-6493,151,35,144
110,445510989,-26536,107,27,222
110,51232964409,31792036,379,74,121
110,10248086772,723697,311,63,284
110,303143841,178324,409,79,135
111,742296503,-185537,167,38,78
111,42227447218,-1218807,367,72,163
111,1189642149376,-946363815,157,36,454
111,1577275063,-499272,293,61,187
111,2651149294904,395601849,383,75,187
111,278050864,-379901,137,32,348
111,5987721376,-7821097,197,44,355
111,2207682048,-1202021,229,49,268
111,2206073888,-2810181,67,18,386
112,4841894151,-898562,173,39,207
112,77100952797,56523272,397,77,256
112,7530594841,-63684,61,17,237
113,2038769863,256150,109,28,82
113,738391927,-199998,271,57,198
113,206819427,13688,59,16,106
113,620217494,-199723,97,24,100
113,32151460432,-21603821,251,53,325
113,158125892775123,-35591170837,401,78,300
113,1518890602502,-392987223,419,80,355
113,206695112,-110627,113,29,145
113,147660552,-57833,383,75,151
113,1298742081,-1179707,137,32,209
113,324646127,-334320,199,45,321
113,3572576384,-2208533,373,73,360
113,737814688,-777237,89,23,383
114,44996875,15921,61,17,74
114,11376665625,-3515737,233,50,161
114,1551893875,50962,307,62,142
115,160787462,43165,97,24,106
115,160638049,-106248,233,50,135
115,74229382097,-34483117,193,43,263
115,436289139,-16810,41,12,152
115,2296125351091,214557040,347,68,194
115,2035409025067,-2024939408,293,61,615
116,662291322,289747,191,42,128
116,503118000,-3197,139,33,180
116,211896531,56027,313,64,179
116,26481070,1007,53,15,188
116,3787274484,625475,197,44,258
116,1721212416,8321,157,36,490
116,26494160,14097,127,30,83
116,344678400,437581,191,42,283
116,22405388544,29735309,109,28,350
116,26492928,12865,83,22,310
116,6542382000,1806439,373,73,343
117,746408949,-72416,73,20,131
117,746408949,-72416,73,20,131
117,1087741967,11978,113,29,287
117,1087741967,11978,113,29,287
117,14398120451,1694126,293,61,126
117,14398120451,1694126,293,61,126
117,576150575,293522,97,24,106
117,576150575,293522,97,24,106
118,1232991045,-191261,307,62,184
118,4855861746131,206416256,149,34,438
118,104190275376,-13629481,293,61,251
118,349729654846,122471095,113,29,323
119,29504860,14859,127,30,60
119,2242555315,1315239,41,12,213
119,8532911772,10301483,409,79,554
119,1623169639,1219584,397,77,119
119,147531846,81841,367,72,107
119,294895029,-4981,293,61,160
119,2359558201,358121,233,50,278
119,18428802392,-2448233,283,60,262
119,58970275,-9727,137,32,103
119,5663505211,1425019,419,80,194
119,2392177470277,-51410843,241,52,239
120,90380089599,-46322126,419,80,162
120,47024206560,2472463,263,55,208
120,376057535625,-116337151,353,70,375
120,610984690848,-297852413,281,59,325
120,1390250088,-925477,97,24,212
121,284664422,-143985,331,66,133
121,21903245,-5094,283,60,73
121,21907067,-1272,53,15,103
121,5586757891,131446,229,49,173
121,9649854539,-11722960,163,37,397
121,591559540,34387,251,53,181
121,12421581250,-446963,227,48,176
121,109417831,-123864,397,77,231
121,6240143777,-3732838,313,64,170
122,23417823,-514,257,54,46
122,23418945,608,19,7,147
122,4475757493350,3581094797,409,79,482
122,12394736640,6436367,113,29,267
122,538705860,84109,349,69,120
122,23425600,7263,269,56,280
122,444843828,-104575,89,23,126
122,7003486413,1403650,419,80,383
122,5782375104,-1954135,149,34,410
122,23417856,-481,37,11,213
122,444970240,21837,251,53,165
122,51451987840,1901451,113,29,299
122,23429120,10783,263,55,269
123,139553765,-29798,317,65,76
123,13141110619,-19625321,331,66,419
123,45820195421,-42975279,353,70,235
123,917443709,180295,337,67,167
123,598009867,-205403,263,55,215
123,258984649,-241968,71,19,236
123,12943390691,-17940159,307,62,283
123,60319784931,-254794,191,42,122
123,7794136350,-2602669,353,70,198
123,10548526989,-2272,71,19,233
123,458831100,199393,317,65,274
124,17045875,-58,29,9,63
124,289890942,110081,67,18,103
124,664622375,-169012,47,14,84
124,153425000,11603,283,60,222
124,119390700,69169,263,55,123
124,486748439375,-100453038,367,72,314
124,1551171875,-8028,223,47,138
124,441933593750,85964457,277,58,200
124,351722573125,47929402,113,29,207
124,477214925,-71199,293,61,131
124,221445125,-152004,239,51,218
125,345177261,259222,113,29,266
125,345445464,527425,73,20,360
125,11195597829,12991933,419,80,236
125,1017830385,1229849,191,42,403
125,309163470,552593,181,41,504
125,18167424,13843,127,30,117
125,1653992560,2016689,353,70,244
125,1035409837,655720,97,24,181
125,871355485,-16403,349,69,168
125,4939657905,1883873,227,48,185
125,3486417103,929551,97,24,143
125,22660786225,5117137,251,53,290
125,6267998464,5013019,113,29,237
125,2195598314,-984987,191,42,131
125,18158448,4867,157,36,81
125,2196582570,-731,43,13,277
125,74699724645,15892411,373,73,188
125,617382675,160921,179,40,333
125,453853114,13589,127,30,180
125,8262147883,2268528,283,60,212
125,399698117,319335,349,69,244
125,363065787,-5833,307,62,262
125,8713662409,-56471,379,74,247
126,83383300,7339,179,40,146
126,640010560,794859,229,49,270
126,44147667200,41783831,257,54,254
126,75572675500,61846821,233,50,270
126,1111248611,-430869,113,29,75
126,83371145,-4816,43,13,120
126,6809650894,614079,71,19,76
126,361554572,258741,37,11,85
126,14012765525,5604077,269,56,255
126,1160601369760,480456419,293,61,180
126,4255387136,3213125,97,24,247
126,55600545,16571,227,48,84
126,222392625,56729,71,19,193
126,1084579375,691882,151,35,247
126,66733735112,5174325,61,17,209
127,236167910,927,103,26,77
127,9205576534,-4935803,283,60,152
127,6486718750,1210063,263,55,159
127,39940161250,27941123,53,15,142
127,33814587235,-11791407,347,68,203
127,889614539,-553320,53,15,184
127,2669796875,-706702,113,29,194
127,1799195125,692716,167,38,143
128,17283479675,-2868651,379,74,188
128,3097485830450,-268259281,331,66,239
129,155971855,-5008,313,64,62
129,289890942,219625,251,53,227
129,200658601,116920,79,21,177
129,557294738,234513,367,72,124
129,1909237859375,14209028,239,51,162
129,200533921,-7760,97,24,145
129,13836359075,-1016914,197,44,259
129,6445234796,5618595,281,59,272
129,636759777500,351894051,397,77,333
129,1732933380475,186409408,167,38,234
129,1910126522815,902872468,293,61,180
130,3546665122,2684821,283,60,152
130,7481755974,19783,271,57,85
130,20735286,10255,293,61,160
130,269555451,130048,127,30,97
130,43382571408,5081525,163,37,227
130,311211758,336293,149,34,171
130,725347872,-28213,317,65,230
130,1016585856,1059337,163,37,366
130,207272637,22327,269,56,91
130,13201672572,-172175,97,24,191
131,142559375,-5767,79,21,79
131,1212421210,617503,191,42,143
131,166351042,25043,317,65,124
131,5348825812,2632987,151,35,261
131,2926505392096,-560309,139,33,562
131,11223969453125,1455322598,263,55,276
132,111353621561,174672341,331,66,699
132,22898524,22197,151,35,139
132,1255703534481,433719337,337,67,251
133,17129970,-3439,181,41,91
133,17132148,-1261,97,24,97
133,1388635820,829691,139,33,110
133,119933385,-478,239,51,76
133,43296476730,352187,317,65,170
133,37641132540,-967033,191,42,174
133,6182687500,-2473149,131,31,336
134,226871172,359,359,71,95
134,15275680667,5529792,347,68,346
134,174537363,21353,163,37,164
134,34921315,18113,307,62,97
134,48567312612,-492971,191,42,204
134,6596020145,-685033,179,40,117
134,314056327585,171831999,257,54,174
134,1309856371,986296,97,24,250
134,296740917,63700,13,5,103
134,4225178295,1890853,359,71,164
134,4746805245,-30227,181,41,164
135,2918142531,-626651,199,45,316
135,26705867729535,16225362301,307,62,367
135,204423563619,109720879,379,74,519
136,21036743,-5910,197,44,59
136,35562056211,-27359,251,53,255
136,8203837271,-2797399,379,74,235
136,28000829625,-6941518,199,45,135
136,21048105,5452,47,14,106
136,14442030625,6770667,337,67,187
136,2181239266635,-547167017,337,67,458
136,7216909479,-720500,131,31,223
136,21656092175,3202238,137,32,299
136,14726142679,-3714421,257,54,411
137,856033619,32469,137,32,131
137,81299687161,-20422089,157,36,215
137,5869467175,-2700714,157,36,152
137,7549037782,-892361,149,34,273
137,2894362625,1078738,137,32,108
137,6425915881,5907256,107,27,249
137,695689945643,189011268,211,46,352
137,119933385,93224,271,57,183
137,17134810,14787,53,15,206
137,2014280211658,126625731,151,35,385
138,257784345,121588,269,56,78
138,773006507,18236,97,24,106
138,3864887299,-54056,233,50,131
138,23417823,-6064,379,74,136
138,26383370949,-15349700,79,21,244
138,52788863403,-8577895,233,50,235
138,796370883,-41275,127,30,88
138,46830231,-17543,331,66,116
138,23430330,6443,379,74,80
138,48155848650,-27086909,383,75,316
138,304532305,21774,191,42,85
138,30151955225,5412656,223,47,155
138,304434045,-76486,229,49,141
138,478908490095,-86575168,193,43,202
138,23421475,-2412,67,18,121
138,163897425,-69784,61,17,157
138,23402547,-21340,97,24,182
138,8454839211,-1183996,379,74,143
138,16903287765,-8758649,293,61,180
138,108068925965,-79160314,409,79,184
138,5738880213,27898,37,11,111
138,7610057973,-2705302,379,74,260
138,772660574,-327697,73,20,147
138,14914950714,-6065305,359,71,203
138,11462505561,-15199069,179,40,363
138,116998182,-121253,151,35,250
139,271443250,39249,89,23,55
139,172822000,110363,127,30,183
139,567451500,-29593,293,61,108
139,468562500,-226229,269,56,262
139,10791015625,8874858,251,53,171
139,74060000,40727,293,61,286
139,7972781180,3372787,109,28,200
139,413281250000,475764479,223,47,426
139,24700000,26909,379,74,315
139,67056500000,19711753,163,37,393
139,469395500,606771,227,48,340
140,6429386535,-2966569,251,53,115
141,9969335625,8612461,263,55,435
141,711460035,-20191,331,66,112
141,12102660375,7496533,163,37,329
142,17087574,2035,37,11,54
142,324553460,-71781,337,67,124
142,119634678,35905,167,38,134
142,5109104484,528323,131,31,231
142,43308546512,-3294853,233,50,420
142,6918589909,-1053386,113,29,132
142,85374068,-53627,163,37,314
142,187767804,-173125,277,58,243
142,17086700,1161,43,13,157
142,1384319860,391201,109,28,180
142,461228768,-80785,151,35,506
142,2887451280,-4811,283,60,458
142,461134180,-175373,149,34,330
142,141416363880,-68984579,419,80,381
143,1438610992,-226353,383,75,151
144,20344155,16352,73,20,106
144,20333173,5370,179,40,105
144,30914379419,-4208944,193,43,207
144,56615070811,42795062,229,49,129
144,9354242469,3453089,191,42,188
144,814079187,967067,229,49,473
144,1321886867,579672,97,24,362
145,193759475,39449,383,75,66
145,1162109375,-210781,97,24,282
145,7369140625,7779637,233,50,279
146,51443768915,-2551159,101,25,197
146,74713023,-9301,131,31,153
146,971614875,224663,127,30,223
146,18681750,1169,167,38,115
146,6797179719,-2551765,163,37,131
146,971301375,-88837,37,11,219
146,2045223825161,-523961311,409,79,317
146,18680025,-556,139,33,147
146,74687613,-34711,337,67,187
146,224087045,-79927,311,63,230
146,523254699,198431,173,39,188
146,430018875,365512,107,27,199
146,261651335,123201,13,5,104
146,2017581709,78961,281,59,158
146,1345195687,193855,283,60,127
146,1960934222555,-78448501,223,47,394
146,149492475,47827,283,60,250
146,597774485,-4107,37,11,309
146,4269019479725,-16335043,293,61,379
146,95202820725,6579949,331,66,324
146,4707846125,339713,347,68,302
146,325909824625,83130823,337,67,205
146,18679375,-1206,67,18,189
146,12068143125,487799,239,51,208
146,2858253125,124232,293,61,298
146,13486955625,-423857,401,78,258
146,149428125,-16523,41,12,340
146,27231028825,-5258273,359,71,182
146,2129252125,-334109,281,59,273
146,4033054025,-1951471,379,74,376
146,336113375,-137083,163,37,169
146,1194366195,-1190989,373,73,543
146,261707875,179741,109,28,258
146,12552827375,-523057,139,33,423
147,1941256383143,987847808,419,80,374
148,3463401755,-10519,157,36,108
148,4421655205,-3816034,269,56,229
150,70799773,9100,13,5,63
150,3991252100,3377521,229,49,235
151,24137569,10296,13,5,45
151,537954000303,36448768,277,58,133
151,8323471949,-437236,389,76,81
153,16327790505,782633,151,35,348
153,3811063230,2642867,191,42,267
153,70592081625,36083321,211,46,367
153,838615635,398713,103,26,128
153,4952781015,-3632089,197,44,213
153,802811655,1038947,233,50,466
153,18225207,3100,31,10,198
153,3353006475,138787,37,11,265
153,2040880413,4429,103,26,274
153,2332876221,446525,337,67,482
154,123055911,92672,181,41,103
154,228596977,236676,163,37,159
154,9010994993,-453808,251,53,182
154,193228290,343,7,3,84
154,228512130,151829,131,31,147
154,30823053242410,13015188853,241,52,232
154,17563975,-2202,367,72,128
154,2967501130,-1182783,373,73,132
154,158129818,34225,37,11,66
154,9292964065,456432,257,54,115
154,228315780,-44521,211,46,175
154,2603434216460,-874487029,337,67,601
154,8060602550,-2272693,313,64,230
155,185644250,89349,79,21,126
155,662421643,-274432,67,18,334
155,450656250,22919,43,13,116
155,26503176,-4667,359,71,330
155,98140453125,-18089504,193,43,124
155,450327878,-305453,97,24,223
155,10355845500,-8721113,373,73,320
155,609845964,165575,179,40,219
155,14879921875,9021952,263,55,144
156,22837815,9952,311,63,51
156,3082845779,1084274,193,43,91
156,81124178863,16781624,239,51,171
156,114199462,60147,163,37,130
156,1712067238,-22487,199,45,203
156,434188755,459358,239,51,184
156,114250591,111276,281,59,122
156,125458658325,110862592,137,32,255
156,475343239579,-47007396,347,68,254
156,3902017735,-1546838,409,79,142
156,251286945,180452,229,49,155
156,68561045,77456,103,26,218
157,2749762631,361325,149,34,87
157,126459338863,-13121213,277,58,177
158,99891116,39411,151,35,57
158,379756404,319925,191,42,319
158,12477703316,-3759809,211,46,139
158,99849256,-2449,79,21,113
158,84375336309,645584,257,54,206
158,76302011667024,-146949973601,409,79,1028
159,387172500,394219,283,60,177
159,3719100000,2665213,197,44,345
159,5029062500,944847,379,74,126
159,33443265625000,21367585509,331,66,387
160,109627815,611,47,14,82
160,4418682840,6187879,137,32,253
160,14511356145,13158416,263,55,210
160,13541176209,2216515,109,28,231
160,27436266,29465,83,22,136
160,43488279428,-6313759,349,69,234
160,8854876800,2480077,373,73,225
160,2220305230,354349,157,36,114
160,520977600,248381,137,32,155
160,1889829667,-1239602,139,33,195
160,520720200,-9019,311,63,156
160,27424980,18179,53,15,113
160,13269742785,4851101,277,58,150
160,115848695193,54960968,271,57,301
160,24118047917,63037,373,73,215
160,8201094032,6460533,223,47,202
160,1068961432,96193,107,27,158
160,40972428552,-738943,269,56,204
160,4636735488,4986119,409,79,307
160,8197085952,2452453,211,46,203
160,1068433289,-431950,163,37,243
160,301507920,33109,293,61,106
161,20203612,23493,191,42,278
161,222226550,245241,293,61,353
161,1391922532,-505679,173,39,282
161,20180292,173,173,39,70
161,666021580,77653,67,18,110
161,222127100,145791,167,38,181
161,138449086776,33650555,269,56,228
161,1030023904,837835,67,18,575
161,545088544,225331,101,25,455
161,5830643819,-1410572,139,33,193
161,464564100,421363,331,66,318
162,35972721027,41761025,137,32,349
162,135355506,276709,397,77,383
162,1082055263,1424887,149,34,233
162,128771914401,176899657,383,75,404
163,297334800,318091,331,66,276
163,702807435,767941,227,48,219
163,3404636125,2444731,239,51,176
163,27027000,25481,307,62,230
163,45019420875,34890221,283,60,259
163,459555525,529702,67,18,297
164,2795977129,-154251,197,44,77
164,1998274707,1038007,109,28,166
164,1897341831,-33034,199,45,117
164,6846658676,-3863205,293,61,270
164,19997120,24753,223,47,143
164,19991439,19072,149,34,161
165,6056668475,3189554,401,78,170
165,1153658891,615287,349,69,241
166,20189400,-1027,79,21,71
166,5832820125,-2213278,199,45,294
166,343291905,54646,307,62,115
166,16819660800,1035109,239,51,267
166,5835691008,657605,151,35,257
166,32054068569600,13900153727,389,76,454
167,18680025,-316,79,21,66
167,130713255,-49132,173,39,159
167,18679375,-966,23,8,82
167,18652634,-27707,269,56,358
167,9864373750,-17526639,113,29,545
167,466817637,-190888,223,47,122
167,58300139898,-75925727,47,14,456
167,18667275,-13066,139,33,157
167,410921875,-45627,227,48,155
167,3151247330,-5730299,277,58,740
167,1286910625,-2032904,73,20,431
167,821590875,-344129,151,35,250
167,8145154325,-18154692,409,79,718
168,17446352,-225,5,2,54
168,19277494544,-973041,103,26,138
168,27197272277,-19387843,383,75,228
168,331051903,-433060,367,72,393
168,331508177,23214,73,20,78
168,1098802276,-332075,359,71,216
168,13334808256,-11823149,317,65,362
168,17454976,8399,227,48,79
168,52375232,35501,271,57,120
168,52330267,-9464,13,5,181
168,1385783265958,-783441117,67,18,444
168,41885441312,-3790065,167,38,193
169,1291865575,836653,157,36,146
169,49088710825,29611789,269,56,455
169,3303375625,4079491,239,51,314
169,1099921875,156497,347,68,90
169,2487515625,1089553,313,64,214
169,286983125,87809,317,65,103
169,95665625,33853,349,69,167
169,237585823475,36501827,401,78,394
169,5908203125,2941204,167,38,166
170,100978977,-21539,181,41,70
170,6237153846,371983,127,30,123
170,693236621154,-5670541,401,78,164
171,19476994734,3415301,131,31,182
171,48693995815,44534091,383,75,139
171,12409550180,17272359,349,69,251
171,68939809,-33908,173,39,84
171,37176317168,-516295,47,14,240
171,3587978639,1345355,401,78,111
171,1195955817,411389,251,53,104
171,22985326,-5913,73,20,63
171,437239660,406119,233,50,151
171,2783018745,1078826,293,61,236
171,2643773734,-218751,79,21,83
171,46009089,26611,89,23,137
171,160912140,-26533,157,36,80
171,5080955148,-108671,401,78,231
171,298882355,-3752,67,18,79
171,3888069592,2550201,373,73,220
171,1493942184,-488351,277,58,284
171,28171751212,7483437,383,75,130
171,574233732,-547243,139,33,361
172,9371315408,-279609,229,49,213
173,20674907,-752,47,14,66
173,186094265,13334,113,29,174
173,62064925,37948,179,40,121
173,869309375,931697,149,34,155
173,15076871887,4316476,293,61,268
173,516890661,-814,37,11,169
173,62046985,20008,61,17,83
173,3166447375,3071548,157,36,244
173,82696075,-6561,3,1,141
173,25845855021,1281271,359,71,210
173,82798485,95849,101,25,267
174,54626584194,12364319,359,71,280
174,7476548184,3023359,197,44,326
175,23925330,5719,43,13,78
175,88620213240,45893707,113,29,207
175,167510265,72988,257,54,83
175,550877184,726131,73,20,248
175,23918796,-815,163,37,92
175,119562768,-35287,71,19,144
175,6582985344,5092319,397,77,295
175,167514336,77059,293,61,151
175,1842867456,1057409,109,28,192
176,17353270,1227,409,79,47
176,367731774575,-409169713,353,70,377
176,2547775550,-2974771,379,74,343
176,17345328,-6715,79,21,95
176,17332693,-19350,43,13,198
176,17341632,-10411,359,71,202
176,225276996,-299563,241,52,301
176,51980390,-75739,89,23,331
176,415877605,-571427,137,32,293
176,17355800,3757,17,6,129
176,138802125,-14219,241,52,200
176,329326305,-362512,163,37,263
176,121431375,-32926,163,37,238
176,2306411250,-1410469,263,55,401
176,17342325,-9718,113,29,190
176,900951975,-1354261,149,34,400
176,294940800,-43931,223,47,231
177,20711691,3530,353,70,88
177,773445816990,16711801,131,31,407
177,269277272,71179,79,21,81
177,1658025369,1372489,127,30,471
177,22884825348,2307443,317,65,494
177,74808866979,52405769,239,51,533
178,85071664,-6437,157,36,61
178,4054251768,-1137713,317,65,192
178,3433468416,1985009,67,18,345
178,28359552,185,37,11,131
178,652087296,-178145,79,21,341
178,4963016448,127223,107,27,339
178,2183599323,-71936,281,59,118
178,3434318784,2835377,283,60,237
178,28406538240,18811873,181,41,252
178,311940720,-12317,113,29,154
178,5304106314,904685,107,27,204
178,534898721358,-100737097,211,46,324
178,14880825016,-7842659,211,46,178
178,85783579504,-3505671,83,22,234
178,62270121984,-35407315,317,65,340
178,5923674288,-3433415,277,58,189
179,2092303655,-225567,353,70,165
179,13596259609,-5180334,109,28,137
179,5188627730,9353,199,45,231
179,106732899,-28796,313,64,87
179,1045928910,-335701,211,46,123
179,106643732,-117963,257,54,389
179,64024870,-32147,61,17,167
179,10817248036,-8387837,283,60,357
179,234429524,-446205,197,44,597
179,418545885485,-2663593,373,73,199
179,12918329767,164672,83,22,105
179,21343517,-8822,401,78,189
179,319979933,-305152,149,34,314
180,42370209,3055,47,14,150
180,1037551905,-443368,353,70,157
180,931826025,-251363,241,52,241
180,71608817375,-12856462,349,69,265
180,932056875,-20513,281,59,267
180,7158472965,-1576061,227,48,218
180,10583029431,-8759069,379,74,293
180,1578823895025,-115200247,331,66,481
181,2871304590,277327,131,31,117
181,832516542,88519,127,30,229
181,15824871260,8738823,191,42,380
181,84859236,-82399,131,31,350
181,817249811202,-551262251,173,39,201
182,452040875,71219,311,63,145
182,319905850,-239323,191,42,179
182,2133180889125,-266543747,337,67,323
182,602004645,-621563,157,36,181
182,69666636325,-68515182,353,70,262
182,5920384757045,-2225615179,167,38,263
182,8504281144645,20097349,353,70,344
183,27759095,72,3,1,108
183,27784460,25437,139,33,138
183,27792050,33027,109,28,207
183,277465721,-124509,11,4,163
184,8525661551,-4951949,401,78,208
184,614204305,133,19,7,247
184,11194885317733,-1544901017,191,42,362
186,740353601,64583,131,31,60
186,88161216,31571,241,52,117
186,1145681152,-4233,83,22,190
186,123365974,-15529,293,61,67
186,712561865824,33685999,383,75,225
186,335244624,351973,229,49,200
186,2981109120,2327119,269,56,148
186,88151868,22223,313,64,135
186,9331305984,7189543,97,24,294
186,2202214833,-1026292,103,26,226
186,440685696,37471,101,25,196
186,2028990392,2008557,181,41,248
187,518862773,-41917,251,53,81
187,115210410371,100053306,229,49,188
187,86458702,-25413,197,44,83
187,121107558,29797,359,71,88
187,7871518721,1464256,167,38,129
187,77952020575,-22057509,331,66,238
187,86497411,13296,277,58,183
187,103787125,6187,269,56,279
187,45422770679,18610304,419,80,317
188,17959480,6771,61,17,93
188,413104692,192385,353,70,142
188,27318934720,12864331,347,68,190
188,67493838720,45511007,167,38,203
188,413048832,136525,127,30,305
188,218551477760,120867357,389,76,295
189,714243791492,411776037,283,60,185
189,103787684,-12231,151,35,119
189,415377677,178017,173,39,139
189,6001635640,2000553,269,56,276
189,41556515,36549,131,31,156
189,145310594,-9287,251,53,94
189,22926813448,-12967767,311,63,170
189,105523030965,37376,73,20,168
189,290697055,57293,53,15,110
189,62312096,32147,61,17,175
189,477076985,-402624,233,50,199
189,124479355,-80543,337,67,163
189,3508648528,211401,283,60,311
189,6474616225,-2498471,191,42,211
189,7532772205,-3101624,113,29,212
189,20773830,13847,227,48,99
189,20791816,31833,131,31,380
189,809713850,74513,277,58,73
189,145411750,91869,271,57,100
189,62339200,59251,307,62,287
189,5030309375,6393489,241,52,362
189,62266750,-13199,197,44,143
189,59634623125,-8808034,73,20,233
190,472627968750,-10134473,401,78,263
191,384359283,121900,53,15,74
191,519932777,82200,137,32,197
191,294007252,178665,277,58,127
191,519847713,-2864,179,40,114
191,22600956,-1243,113,29,87
191,1469081691,-61244,251,53,108
191,90411321,2525,101,25,80
191,93493458289,-79645571,373,73,450
191,4520797281,357481,83,22,187
191,90453243,44447,263,55,241
191,10982181203,-2487511,359,71,171
191,1039190229,-510925,191,42,159
191,22589974,-12225,163,37,166
191,903041139,-1046821,131,31,308
192,246879450795,284453531,251,53,400
192,3057982265,1019489,173,39,167
192,1600993485,-272731,263,55,176
192,892012950,398807,137,32,122
192,200146950,-11327,241,52,151
192,18225769095,11365888,281,59,230
193,120971812500,86650999,317,65,203
194,502329685,-23864,157,36,279
194,1766670906,-869359,349,69,184
194,930326241,41891,257,54,128
194,428117481,186680,359,71,102
194,60602995423971,-14797964204,359,71,330
194,4076891557739,2134470617,283,60,471
195,33682649,8587,277,58,63
195,202135661,91289,193,43,105
195,219062438,181035,149,34,323
195,34377155449,29612209,127,30,344
195,1792160394037,1508473125,359,71,207
195,24351401984,21892189,199,45,251
196,1036251223,193103,307,62,74
196,598661332731,-180260629,397,77,393
196,828797381181,-49114819,107,27,626
197,1289251821,1356271,311,63,326
197,87687808637,110911237,313,64,366
197,438124876,240389,89,23,106
197,438581066,696579,337,67,286
197,46552768108,59738753,283,60,314
197,386947561,578896,373,73,286
198,28452424,8717,379,74,80
198,540480864,50431,47,14,123
198,483971040,428021,233,50,224
198,3555458676,-4699,127,30,155
199,1231693125,15337,313,64,211
199,1231693125,15337,313,64,211
199,16618931875,-8718263,311,63,336
199,16618931875,-8718263,311,63,336
200,248113540125,8640134,83,22,200
200,19091899827,6907520,251,53,181
200,5922051575,-877072,191,42,163
200,3288813759,-1702156,107,27,158
200,320050468595,212321657,491,93,177
200,15141471345,5098136,337,67,106
200,10096344363105,383432702,491,93,363
201,4963366595421,222631696,359,71,331
201,686891205,-49136,83,22,173
201,235623308778,2771815,179,40,339
201,247944091010,-41372091,421,81,235
201,39170019889,14420452,271,57,162
201,1630023173779,-1460136096,241,52,271
203,7146369747,-566143,359,71,116
203,95106149919,51902582,349,69,258
203,3574921959,1454014,433,83,231
203,102162085515,-39097712,271,57,196
203,133635622419,-12078724,131,31,208
203,113035624181829,-8175483890,317,65,348
204,155011468118,-7633161,251,53,178
204,1843706317935495,-3817615129,197,44,335
204,14494494729,-14682238,271,57,272
205,19473419636563,-3747913497,257,54,228
205,204781194761,-87584879,179,40,378
205,96539000665,-41995451,307,62,498
205,1281029207240497,-899134297727,457,87,615
205,2926158235,-538617,151,35,497
205,21230697147,12144970,359,71,106
205,732150237,476024,379,74,116
205,9509118850,-2645919,53,15,157
205,24869480779,-7442463,257,54,83
205,88525461622,-7118151,401,78,67
205,4392342955,2297677,353,70,127
205,2926765985,69133,269,56,124
205,71244113166369,25871969801,277,58,462
206,18758507625,-155918,43,13,224
206,1293001281,-699653,307,62,178
206,646261839,-588628,101,25,262
206,646699625,-150842,379,74,131
206,4528627675,674406,181,41,94
206,646041990,-808477,193,43,274
208,11899821517,-7240416,379,74,503
208,3011589777875,-896891174,461,88,275
208,21068786375,2446032,389,76,212
208,663976248052,-71436673,227,48,438
208,4021005649960,998355811,101,25,228
208,403605711106,-318466775,137,32,466
208,2315251250000,701595793,521,97,289
208,403987469600,63291719,367,72,314
208,156619937500,-3723311,229,49,191
208,4359848400625,-884050376,353,70,708
209,611605995,163216,101,25,102
209,1223452685,567127,109,28,138
210,122391589879,120596209,331,66,273
210,15142099875,3786373,359,71,116
210,582674235,431408,457,87,116
210,32644697525,39099213,307,62,386
210,2330302975,1331667,43,13,155
210,4658503421,560805,109,28,240
210,3499436525,5979563,373,73,394
210,9315996685,111453,383,75,313
210,65264926155,53729531,509,96,537
211,553311920,294541,163,37,78
211,552993518,-23861,223,47,69
211,6084803200,1612031,349,69,179
211,2378918303125,390556046,317,65,320
211,2764890336,-196559,167,38,177
211,8292118016,-3142669,541,99,258
211,1105788125,-246633,359,71,158
211,9400083693,-1211750,131,31,153
211,47015410624,8933409,379,74,143
211,6849997562500,-5758884963,263,55,474
211,243771164624,-109499515,487,92,318
212,17233974681,3092519,457,87,160
212,401013474099,64100714,521,97,315
212,33805905287,6867200,37,11,280
212,198154412533,-732330,103,26,103
213,25816463781,-2745925,71,19,66
213,169226920084455,113134868816,499,94,246
214,295284670436,96544709,373,73,252
214,23583700049,1177608,353,70,143
214,223490628711,-136739264,41,12,211
215,9287762575,4771902,229,49,178
215,9285895125,2904452,397,77,237
215,529375388750,244920389,149,34,266
215,5004629296875,1097324128,419,80,374
215,5911641125,4283424,139,33,117
215,109625150781250,95143830523,449,86,566
215,529116689465,-13778896,251,53,179
215,176454667242,77844455,307,62,172
215,33687862090553125,5356619742522,463,89,679
215,5179744828125,679940834,353,70,342
215,5788171545975,-195092762,277,58,487
215,3255562000275,607907024,293,61,403
216,26619221416424,-3234688645,107,27,318
216,52037575701280,-1018321139,367,72,376
216,2528975488,6541,211,46,519
217,11467397500,1745987,293,61,71
217,7418524075,-426904,73,20,66
217,674181750,-268339,83,22,157
217,1348293375,-606803,293,61,221
217,674377165,-72924,103,26,143
217,17525048145,-10654169,401,78,160
217,614801004235,-297476933,521,97,325
217,286643654869,2367044,109,28,122
217,62046225725,-3182463,379,74,185
217,12824409000,9857309,409,79,146
217,9252300921875,194600973,409,79,285
218,16789281600,2906101,71,19,215
218,486806866000,1976529,401,78,365
219,26257109375,23559184,283,60,294
219,761044889990,271934451,223,47,107
219,123017708275,-8596069,467,90,211
219,576683148635,449649612,457,87,174
219,9950522775,-134194,293,61,102
219,44334778125,9124354,401,78,206
219,94065324375,-13614241,97,24,225
220,42452255313,8140615,223,47,245
220,1757012239125,-27750356,461,88,283
220,3658775071,-200334,193,43,127
220,91446721821,-27663304,431,82,135
220,16097812263,-1679519,167,38,304
220,98739937963,-52397972,269,56,121
220,16101694245,2202463,439,84,164
220,4032158558571,-32337739,433,83,332
220,731535585,-259496,199,45,96
221,9179879830,3344447,503,95,60
221,9689864827825,-556536623,353,70,302
221,3745147083125,1120646861,359,71,404
221,155976377375,-24724136,211,46,266
222,294066616725,130720207,541,99,245
222,91979113240,25904971,383,75,137
222,296201703574,-91967515,487,92,252
222,173674847360,-14546037,241,52,233
223,1118796401888,122353763,491,93,207
223,10730459767885,-458327889,257,54,305
223,15682979660755,-7691694786,241,52,433
223,521805414321,-242474804,433,83,211
225,1313713485,-201541,109,28,62
225,78210035475,32091428,373,73,146
225,100525141249,10641760,293,61,102
225,15109768674,-254125,107,27,169
225,19076463120,24695243,223,47,411
225,55918446584,77057979,433,83,336
225,147969550729,154110304,113,29,291
225,196531537356,101240969,487,92,157
225,17762441840,24588989,397,77,412
225,237277215318,115553125,359,71,185
225,10546586682012,-866189203,251,53,186
225,287443242086,352808905,313,64,275
227,900416650000,756273033,421,81,354
227,163578515625,3901631,97,24,255
227,14849364595,-21054859,167,38,305
227,2370138671875,-1693231038,233,50,420
227,37192961624,16912989,223,47,228
228,135318341772,3694681,233,50,250
228,517739742432,360209437,479,91,348
228,125195257423539,-10589561251,509,96,323
229,20880682225,14139574,419,80,95
229,49035945619375,20436932176,353,70,280
229,44819834787,-4590167,277,58,227
229,5485690862243,108649769,397,77,188
230,20402934825,13797788,173,39,359
230,469021362810,71210959,251,53,184
230,20389718349,581312,293,61,255
231,1755886055,439749,89,23,127
231,17429512951942,2319749127,151,35,367
231,150122202923,31543760,163,37,244
231,6153210401,9148330,421,81,368
231,106305954066,101452553,353,70,248
231,878633028,909875,251,53,274
231,1420730777050,1452438649,479,91,349
231,94779919831212,39360419545,191,42,474
232,586963335,29282,11,4,64
232,1174062071,193965,193,43,163
232,6455858868,-415715,61,17,426
232,83931694875,125296,191,42,134
232,2085417187500,40497191,433,83,274
232,3519779263,-1825055,97,24,341
233,342619720625,-19792811,227,48,319
233,1629661773675,2124084854,347,68,422
234,152686407718,-46611875,107,27,140
234,661307735,125832,107,27,49
234,356150903125,-226142592,509,96,303
234,879142502909,-229428081,521,97,173
234,16524295766,-5251809,463,89,295
234,13899486212,14666249,271,57,338
234,3910953471486,62515241,433,83,228
234,782053405925,-124785324,461,88,151
234,1068819118580,-312018571,431,82,304
234,162000908264,11342029,467,90,456
235,700740425,-74948,457,87,119
235,401201997875,335604519,401,78,350
235,19306386197175,28356916691,179,40,645
236,50183341131,-38213057,491,93,240
236,201809212150,-42803721,499,94,331
236,24114986126,-29991849,103,26,413
236,180485330900,-119104353,359,71,335
236,966015939,216820,293,61,232
236,1192385674039,-376237926,439,84,321
236,24131456986,-13520989,463,89,415
236,238522843125,-29539268,101,25,496
237,9550313843,2562248,347,68,60
237,270498472167,-21156358,457,87,145
237,3582055525363,1648677238,331,66,262
237,41380305813,6715568,227,48,270
237,174804205189383,786404258,491,93,400
237,535462533837,151927744,199,45,343
237,54106049998,2124293,269,56,313
237,9543905371,-3846224,89,23,371
237,1015765140572,520887637,499,94,229
238,765692655,-32806,349,69,80
238,17602459875,-9225728,487,92,155
238,8685805078125,3244075846,499,94,239
238,17613495900,1810297,503,95,250
238,421885406250,-29322761,359,71,175
238,65074877868,-11786317,353,70,258
238,13022004996,4672159,277,58,282
238,488108515625,341396968,541,99,160
238,14548770170,-13589,127,30,140
238,2392074558951,-817506674,349,69,200
238,1323964034525,24712456,397,77,188
238,494486964125,-171683681,449,86,278
239,930874780,-506049,97,24,123
239,3722276415,-3246901,139,33,210
239,931548150,167321,53,15,192
239,6520336875,671072,313,64,357
239,286834634775,-30660557,317,65,288
239,10247852160,2663041,401,78,305
239,21417771375,-3987692,277,58,310
239,13644035939205,7689221816,233,50,346
239,126724792005,56999261,347,68,420
241,228389516264,-58980361,541,99,458
241,26930817653740,-6001480307,107,27,328
241,2328675548563,-1499117012,433,83,228
241,1148205230788,-129212247,233,50,332
241,593987800637,21709412,461,88,174
241,8053320877602,-3296103373,211,46,343
242,146209318125,10417904,487,92,126
242,252507748779,-17624330,241,52,255
242,5507690383624,-1000234751,401,78,288
243,226617111695,-12493287,317,65,150
243,391086248735,-364887143,401,78,251
243,1698246942133,-1475095232,163,37,266
243,117049343047,-11403328,223,47,381
243,110381903271353,-100029157372,503,95,440
243,16954953382367,-18854842008,421,81,590
243,14031507581,-15781984,433,83,324
243,1245356278985,-1106548416,541,99,362
243,935744719,-741252,277,58,119
243,23372600161,-39549114,479,91,480
243,4677177921,-5251934,353,70,278
244,538945407,670136,397,77,260
244,1215618519159,2346058325,347,68,504
244,12395070090,14738857,313,64,212
245,9203750955,1044494,241,52,134
245,9201090591,-1615870,463,89,150
245,1416289875,488881,181,41,150
245,3122919174375,2493783599,491,93,317
245,24081220863,12603965,251,53,137
245,708187779,287282,379,74,138
245,9202668552,-37909,227,48,239
245,485818834023,199093081,107,27,252
245,138770855883,22358471,193,43,267
245,1150059680055,429272927,367,72,279
245,708122250,221753,401,78,185
245,708588000,687503,157,36,282
245,1058656335462,345092447,353,70,308
245,374494958145,15595232,199,45,255
245,1700304381396,635288099,353,70,263
247,248472000000,378291391,353,70,385
248,6653109375000,-943484429,431,82,395
249,90993009745,-1936908,311,63,114
249,22585127587,-29001167,467,90,227
250,5244888467,-63754,251,53,102
250,84515253636,13245631,73,20,437
250,84530535089,28527084,263,55,108
250,582868494,96025,167,38,80
250,582781794,9325,373,73,206
250,4079249161,-158122,457,87,156
250,103645804058378,-62636207455,367,72,442
250,20963275553428,20181334975,251,53,328
251,3381736644,262589,151,35,71
251,4737537792,3474115,211,46,199
251,3382328664,854609,163,37,205
251,3385234944,3760889,269,56,259
251,490375461888,61723913,313,64,326
251,12014198816256,-178501159,307,62,440
251,676823040,528229,227,48,345
251,90188699247855,10196559493,439,84,379
251,12850698276,1096867,347,68,380
251,141501136896,155521397,241,52,656
251,9319206048768,3245027243,523,98,559
252,1173202975,-35643,109,28,63
252,1174062071,823453,263,55,127
252,17590785751,-7793519,349,69,176
252,2933094307,-2238,373,73,135
252,86249381545,16343122,127,30,226
252,586282125,-337184,257,54,159
252,201169812987,-40610000,131,31,222
252,189453756205,-24280602,389,76,79
252,4106386834,51671,317,65,83
252,586793250,173941,181,41,95
252,2213481155484,166502627,431,82,290
252,156034584303,-6151891,311,63,111
252,7626093750,42733,283,60,173
252,22878416825,263774,227,48,158
252,4870810546875,110424248,331,66,291
252,211688496019,-81074530,139,33,210
252,1639017015625,589285588,509,96,159
252,4626372091770,-1467636931,179,40,383
253,1932378525,951743,409,79,155
253,511192316250,329932411,463,89,247
253,1931442777,15995,457,87,117
253,422042053125,25301258,421,81,228
253,8173501070625,-297070799,523,98,290
253,965732625,19234,163,37,95
253,18346453125,-2101304,229,49,141
254,1931651435,1142306,379,74,103
254,3218621679,1106464,487,92,149
254,2574203125,190953,433,83,167
254,4666132917589,735855839,499,94,149
254,1287284999,278913,389,76,146
254,28333885125,19751233,337,67,301
255,103517461531,11021702,523,98,116
255,1346378831250,795113473,197,44,268
255,6212371444565,147662402,263,55,240
256,966815939375,504737463,397,77,251
257,3498034375,741013,479,91,172
257,1129612841357,-12914569,307,62,216
257,16903590858,6275,251,53,116
257,335159854029,2573504,509,96,115
257,14566374823,-5680852,241,52,152
257,13408945209,2653988,149,34,89
257,12238083143,-2443624,97,24,178
257,582989211,106984,311,63,126
257,141055171673,-2327261,331,66,306
257,26815688361,3105919,307,62,186
257,235906318879,-160983056,439,84,149
257,30308024439,-1851365,109,28,223
257,1165184475,-579979,353,70,191
257,492388645287,-146836528,431,82,207
257,5247846835,1906792,241,52,103
257,115415406197,4725251,283,60,193
258,742761110,492001,269,56,76
258,8164595355,-364844,463,89,235
258,64591648835,14236352,241,52,117
258,624521966250,273645581,503,95,253
258,4496973178425,-1919891224,431,82,352
258,416385450525625,11820639402,491,93,309
259,1928226284808915,677028353224,439,84,418
259,918569925,977276,101,25,374
259,918248625,655976,491,93,250
259,80754366875,6213763,523,98,356
259,917478185,-114464,73,20,266
259,452492915875,119739918,137,32,236
259,15602193750,3118717,179,40,313
259,34873678125,5157463,433,83,460
260,758547548,55375,443,85,113
260,128181457206,-3720031,79,21,129
260,5305986246,-3458965,359,71,148
260,757891365,-600808,109,28,114
260,11379525586,2142991,61,17,93
260,758515758,23585,89,23,110
260,39414084435,-27508561,421,81,191
260,21221529219,-16251625,137,32,201
260,8327433296259,-4603224146,383,75,257
260,17442943245,-2376734,223,47,177
260,95616172223,46158425,359,71,229
260,98604396387,413897,197,44,200
260,246476233949,-33722276,149,34,149
260,139076089824947,-73850264941,443,85,594
260,45495613163,-13917217,151,35,159
260,835745287572547,-492333159953,509,96,441
262,16362125728,-1298079,367,72,143
262,81828260241,11141206,359,71,192
262,61872000463,-24428720,89,23,162
262,10664334668,-7463467,509,96,294
262,5673426043376,-413298399,431,82,301
263,1047762038037,-338569300,503,95,299
263,118728362610,-21952507,499,94,289
263,645362792136,-19355239,109,28,230
263,737258445,-321152,193,43,135
263,12538336122,-517027,317,65,180
263,10602532319808,-174387067,239,51,497
263,16958670300,-5660431,349,69,452
263,1492591678820,468154089,229,49,284
263,2194879044072,579742997,461,88,436
263,1441868704848,-99407287,499,94,487
264,878369835,1384,173,39,70
264,16688295195,-705374,367,72,175
264,6148926927,347770,419,80,88
264,114232929921,45031291,113,29,272
264,565882192316745,-352759409699,463,89,381
265,24703129737,6228335,491,93,117
265,2473117257325,1974358219,389,76,302
265,61765676577,23423072,271,57,152
265,21081542625,16538488,367,72,168
265,10171725525,2413183,439,84,285
265,996718389381,125779865,251,53,330
265,35610089940,17496743,521,97,297
266,2225671875,889943,167,38,142
266,2223772635,-1009297,239,51,219
266,1112042811,-348155,389,76,360
266,3335524423,-1648475,283,60,252
266,542306210831,15614906,223,47,497
267,7001832500,7906737,283,60,187
267,3817168355,2299757,293,61,215
267,671534652425,117779177,379,74,367
267,7002937500,9011737,521,97,271
267,12084539250,4122023,373,73,216
267,14630791175,7128216,541,99,295
267,5085569125,-922339,439,84,239
267,636010375,198942,467,90,100
267,636272000,460567,179,40,140
267,8268799000,3250371,157,36,206
267,55331192000,15597329,139,33,287
267,7630592375,855179,419,80,367
267,23222674475000,14921359067,487,92,318
267,190150100000,42481533,331,66,205
268,3130717673125,418895688,223,47,170
268,806396556749721,-464938468954,509,96,367
269,23197624989,2914,47,14,166
270,4388551904,3287049,307,62,243
270,877123676,70705,179,40,156
270,2633278648,2119735,421,81,125
270,65803343606,24370781,89,23,235
270,11418096816,16408193,337,67,399
271,30764079080625,2866538101,463,89,279
271,180680545125,-89299273,467,90,215
272,68679739375,-9936834,211,46,141
272,2676430445,209294,461,88,137
272,22307179349,5336424,541,99,158
272,150816036333,55578160,461,88,198
272,51775085505,34809919,311,63,234
272,12855790599625,10821148542,283,60,371
272,30364269375,33762997,401,78,287
272,19607027250525,13520130337,491,93,283
272,216160442875,278603361,103,26,292
273,4535979819525,2960562148,401,78,339
273,1744508259351,1039314206,499,94,306
274,772781415406,316802671,431,82,147
274,93266722549,-26105076,137,32,164
274,3233747826547,-1647435488,463,89,163
275,4722684337833,1956732772,443,85,154
275,1375496872750,1907235157,131,31,329
275,10546411736575,15557848362,383,75,394
275,1373929375,1026189,103,26,178
275,233882189687575,24606790707,157,36,469
275,2061116057,1761278,457,87,186
275,142212059275,116579524,461,88,299
276,24319857185,-4774977,103,26,71
276,2559601161,-886435,227,48,105
276,61454336801,2634497,239,51,227
276,347998818453,-227494603,349,69,285
276,2515641659756225,363878266,199,45,275
277,118696757763,-26218648,383,75,81
278,43564764859,17968299,389,76,232
278,41927617680,13825991,373,73,106
278,26767436236937,12284430473,383,75,582
278,49508351167,-26129920,173,39,288
278,35385279204,3506999,83,22,335
278,8711432873,2073561,337,67,215
279,33301503235,-7660143,101,25,153
279,10513798295,-4884877,311,63,184
279,14017668665,-7242231,263,55,293
279,98153512897,-20863375,347,68,307
279,3281596915135,-232234529,541,99,532
279,42088233803,13501115,167,38,299
279,42068101075,-6631613,131,31,453
279,2440044522461,-289973443,71,19,372
279,266258719727,-214587297,487,92,330
279,4396646543471,-163022425,419,80,240
280,51233456274,28391959,281,59,206
281,871674286,298413,467,90,59
281,871370192,-5681,23,8,238
281,7838514632,-3868225,431,82,268
281,6101946000,2314889,277,58,287
281,871751160,375287,313,64,254
281,21784396088,-737,67,18,238
281,872067700,691827,173,39,150
281,60157227872,32292635,523,98,322
281,7842052400,-330457,89,23,275
281,14817051200,3661359,349,69,390
281,872105168,729295,311,63,290
281,871624000,248127,103,26,397
281,30533759772,35604217,439,84,254
281,1007015371304,576237989,281,59,301
282,545490000,34997,443,85,271
282,1091434575,524569,523,98,123
282,2679414437700,-405992039,229,49,238
282,458713262700,-14394823,397,77,252
282,2728294569,1019554,137,32,140
282,545497524,42521,421,81,234
282,268876789335,-32527144,107,27,157
282,110728356750,991141,157,36,288
282,157641155100,4659233,479,91,282
282,6003628470,3623437,277,58,123
282,6004600875,4595842,227,48,188
282,458905680792,178023269,503,95,385
282,2680574832936,754403197,257,54,427
283,8916019920,7866419,131,31,196
283,3427826688,1613803,541,99,186
283,26762272768,37812265,443,85,463
283,599928473808,341218933,157,36,255
283,685679904,437327,479,91,112
283,17147858112,16793687,443,85,274
283,6461884531872,3473243647,157,36,441
284,8546206968,1113917,179,40,130
284,7990736259168,1074256483,239,51,286
284,26713925903808,-1919106823,337,67,358
284,13738217518080,-3068934569,509,96,566
284,470064052224,83934419,281,59,346
285,163283005809,5823208,191,42,131
285,940619170755,-625764239,433,83,284
285,4764902031351,-7815613909,401,78,699
285,9597147095,-7393058,193,43,282
286,2019228334695,-581076736,379,74,195
286,3817705606,-459633,439,84,204
286,15818012525,-100608,131,31,120
286,1636014380,-342151,109,28,203
286,44163399170,-18227167,127,30,235
286,656552349345464,-254326781,311,63,296
286,545119025,-333152,359,71,193
286,64937578563,28769500,353,70,240
286,545579320,127143,277,58,287
286,1378497400800,139749521,263,55,358
286,374288736705,108543283,409,79,182
286,3310344491740,-4770473,379,74,254
286,7089724125,-1154176,127,30,250
286,3817719400,-445839,421,81,307
286,51826200357,8243542,439,84,62
286,40922268794,13355519,331,66,147
286,31089188872,-1585217,269,56,139
286,7091493101,614800,53,15,207
286,602497770336,-226885249,349,69,469
286,62728449498,1449143,503,95,227
286,25108756101,17955959,449,86,203
286,205737279300,101808571,313,64,201
286,12545351280,-48791,503,95,333
286,12549213765,3813694,251,53,259
286,9277058142,4371133,139,33,256
286,53479149729,24836383,113,29,114
286,38196282597,14630207,179,40,219
286,1567211462124,127357603,317,65,260
286,7090594192,-284109,163,37,298
287,730991313,209824,83,22,126
287,4761613290837,-889672976,457,87,371
287,263251475929,170139889,401,78,292
287,3939630696703,718470993,199,45,256
288,13100693595,-2690092,349,69,79
288,3425451917355666,-336023924675,487,92,302
288,3236599681095,63910406,193,43,125
288,374150923134582,-94818349825,313,64,213
288,55017714855873,-3393245840,131,31,152
288,6222623956549,-1483294776,233,50,184
289,2517104590,-140687,523,98,115
289,839533695,451936,487,92,192
289,5872554143,-1018170,419,80,70
289,446482545795,91050007,487,92,367
289,228202190073,-28048375,491,93,392
289,207244722663,-8471810,173,39,211
289,302890663647,-17851352,241,52,193
289,11746331883,-812743,461,88,300
289,838909071,-172688,251,53,147
289,41963768847,9680897,79,21,229
289,71298280911,-23668604,443,85,392
290,1228507586820,-552181,191,42,230
290,8598587522,7621515,173,39,305
290,661191336,347797,179,40,223
291,48267286162522,69563200289,499,94,300
291,9479888880,-2252171,337,67,199
291,9478506972,-3634079,293,61,160
292,1162586010885,130282649,233,50,160
293,77721399591823,48853833455,397,77,306
293,19440610600243,22474160651,227,48,402
293,38994512440,54399259,463,89,223
294,11166755677,5917118,419,80,177
294,11166755677,5917118,419,80,177
294,14600132855,5190124,239,51,143
294,14600132855,5190124,239,51,143
294,859031250,505207,379,74,116
294,859031250,505207,379,74,116
294,290204154625,22352091,431,82,186
294,290204154625,22352091,431,82,186
294,49793800343,-710151,139,33,147
294,49793800343,-710151,139,33,147
295,53424833308,50716863,499,94,401
295,41943761860,65608957,367,72,432
295,140558292875,143309612,463,89,378
295,821892500,752247,251,53,477
295,1899993549025,1517284089,313,64,401
296,1923376163049,-1065240290,509,96,343
296,35728349778,-3983971,271,57,307
297,292675541015,129925836,257,54,222
297,5095400546750976,4721914195351,373,73,509
297,4237859966613,3647115338,443,85,301
297,184286079744,189868819,541,99,223
297,15418218816,21081175,157,36,336
297,70359258112,67977577,251,53,298
298,19224734375,5060661,163,37,135
298,42732259067547,-29819092540,263,55,280
298,3909230497125,-277250111,397,77,343
298,2261146965,8881,107,27,216
298,95534586945,1502896,79,21,307
298,101074572238365,569314523,463,89,367
298,676071174625,-9112491,131,31,222
299,2406160723615,1496248542,191,42,163
299,368001051847,-198990650,461,88,150
299,95458221925,-1048352,181,41,146
299,648726375,-656416,281,59,232
299,109665138500,-80553179,251,53,370
299,16985948313125,-3853647808,197,44,254
299,59113037500,19203519,227,48,408
299,59082352500,-11481481,241,52,363
299,232189385908095,-32497684669,503,95,339
300,124148048409,-1631506,311,63,84
300,422055081441,-53830270,757,133,123
300,24832292079,2356096,233,50,123
300,273165095385,35799572,439,84,139
300,17455961548025,516551976,283,60,204
300,24842613978,12677995,653,118,138
300,571360239450,271711841,557,101,171
300,24832695447,2759464,179,40,86
300,571132121175,43593566,647,117,137
300,2110228465254,-316093301,107,27,266
300,24837784686,7848703,421,81,182
300,422169439230,60527519,643,116,195
300,121926409034815,-63066449664,683,123,334
300,85497470684990,57660967487,743,131,316
300,1583139594901725,-190932926236,719,127,269
300,74470371598,-19436351,191,42,235
300,421879572114,-229339597,293,61,299
300,143945324236350,6185342899,727,128,382
300,273132920970,3625157,563,102,279
300,98583132645270,-16543143223,643,116,354
300,315143006807025,26289246772,173,39,336
300,37720441735470,3768977293,643,116,360
301,395410204125,135787432,653,118,247
302,22109092740,10568647,677,122,134
302,22109092740,10568647,677,122,134
302,508520069200,254015061,701,125,200
302,508520069200,254015061,701,125,200
302,1082824924500,-2756057,727,128,335
302,1082824924500,-2756057,727,128,335
302,1082119799331,-707881226,419,80,336
302,1082119799331,-707881226,419,80,336
302,15754775193828,-1472484481,683,123,402
302,15754775193828,-1472484481,683,123,402
302,685055052000,805117,269,56,287
302,685055052000,805117,269,56,287
302,508308937500,42883361,383,75,282
302,508308937500,42883361,383,75,282
302,508362586875,96532736,113,29,246
302,508362586875,96532736,113,29,246
302,508982809920,716755781,257,54,445
302,508982809920,716755781,257,54,445
302,22095265500,-3258593,683,123,183
302,22095265500,-3258593,683,123,183
302,773751752388,303409133,797,138,250
302,773751752388,303409133,797,138,250
302,4486008768835,8377956,569,103,99
302,4486008768835,8377956,569,103,99
302,18807279562500,1435559357,563,102,324
302,18807279562500,1435559357,563,102,324
302,771996901537125,-59234700016,613,111,316
302,771996901537125,-59234700016,613,111,316
302,8818724364340,1413251233,383,75,187
302,8818724364340,1413251233,383,75,187
303,5016606378882,-2467460417,643,116,217
303,35134240297848,723422755,613,111,223
303,254712327515006,46302828681,683,123,260
303,118815109105,20462021,719,127,138
303,207942794020,52161623,359,71,95
303,29678515755,-20146016,43,13,224
303,386183154720,100551697,643,116,344
303,1040557985896,1104823911,743,131,348
303,148465878218,-27430637,263,55,176
303,3499870770111034,31973707539,641,115,186
304,2589710937500,1498818399,773,136,206
304,619128876953125,176435899543,631,114,491
304,1109850596960,616831631,701,125,280
304,26620525859375,-1084508521,557,101,271
304,56565661250000,-5260781779,307,62,393
305,410047281644,-2851559,311,63,148
305,677544784917,70651799,593,107,180
305,110587973774049387,-336445733749,683,123,355
305,53503685807,18885824,601,109,99
305,1444111249009,21649468,659,119,176
305,7344059281093304,3751846626401,401,78,486
305,2562817097344735,-1226385573624,557,101,260
305,1069733001432263168,-748957363487017,631,114,789
305,20055784775613565,23373850780813,739,130,831
306,22978549052875,-885126792,757,133,248
306,271736038119,228222892,751,132,199
306,24687637650,5108993,757,133,160
306,419585892102,-17095067,349,69,317
306,848735687816991,273765232616,727,128,359
306,4664832428750,-165487423,347,68,376
306,172837884375,60183776,251,53,148
306,518378867605,45765808,569,103,112
306,2618546436171965,1482605198912,787,137,377
306,110026294202071,65629035136,797,138,383
306,715981318650,187987597,401,78,210
307,853452843636250,203052561373,397,77,478
308,261380034176,14575705,733,129,175
308,703737570272,61335927,223,47,162
308,462272826706,-142984435,317,65,226
308,221152596992,-2790945,569,103,194
308,66132206738176,6745745013,823,142,219
308,361589889732019,-19274580243,733,129,188
308,1581492406814879,734008947004,337,67,367
309,796652910963,651221164,659,119,363
309,4644690180480,5921712341,577,105,414
309,1202753154041280,1312120793279,433,83,721
309,27456158601,7824470,127,30,200
309,631639756566,328071553,419,80,503
309,304050864015360,389943524107,251,53,692
309,11999801538648,4879523401,641,115,365
309,379846173477104019,427192024271875,317,65,533
310,2773626273990,-148448449,653,118,215
310,2121051604221,-70242350,251,53,131
310,19400687320905,-15735736168,109,28,374
311,70891715895,7820627,61,17,320
311,4224947671476675,1543423618699,487,92,768
311,497770642380375,307465389551,389,76,780
311,17720237691,-736126,383,75,198
311,2057473993575,1841030803,503,95,440
312,67113669174642,-38061296095,349,69,298
312,29191309433,-17794730,353,70,140
312,29186034163,-23070000,769,135,297
312,44335485823681,-33143399916,379,74,274
312,19413037221864,-11017046531,811,140,457
312,6041023144013,-5261417728,691,124,287
312,87630524410,3211921,239,51,227
312,7216190004320,1541276059,797,138,220
312,1664267425535,-651511756,503,95,364
312,34971107309392,7809626281,761,134,415
312,171965491534632,11495327051,401,78,267
312,15742363943072,-1343200785,179,40,301
312,51692602405728,-36721066945,601,109,459
312,4700668325782,-1997444461,809,139,451
312,4295172955424,1434643463,499,94,356
313,5517058084375,13442857398,409,79,721
313,483085103650914193,694177905557208,601,109,319
314,1166322021484375,199278079624,569,103,350
314,22977000000,15952027,571,104,224
314,860937500000000,380383019933,683,123,555
314,139170291750000,3379985647,337,67,320
314,894614120000,-866750947,449,86,470
315,4078390078125,3472786876,733,129,180
315,694836828125,35262336,401,78,168
315,244259296875,139827814,347,68,168
315,6778751388750,-258482867,653,118,295
315,93901303188,9199703,197,44,211
315,767806559087832,50828890987,797,138,681
315,18768493557,-9927140,103,26,205
315,41272733353302,16543081993,773,136,493
315,4385640646121870520,66364091452511,751,132,993
315,227827307812500,214070544163,643,116,323
315,18785250000,6829303,643,116,374
315,356799506250,9513007,367,72,172
315,20748105339192,-2049530993,643,116,468
316,22480806579,-5018182,751,132,168
316,46276216934702,22875401325,271,57,146
316,22471917329,-13907432,211,46,102
317,3479564957022,2064849137,443,85,264
317,1423928645364423,284972165438,367,72,257
317,5391953720879,7437424799,743,131,466
318,785738964479,-485251259,677,122,184
320,455075377977,164726795,739,130,160
320,507176143617,-224198086,631,114,147
320,804801708711,-40212611,311,63,419
321,9529059009184,5234517909,587,106,267
321,9529059009184,5234517909,587,106,267
321,11204028075097,-471326403,239,51,224
321,11204028075097,-471326403,239,51,224
321,490197079454368,230638743,97,24,362
321,490197079454368,230638743,97,24,362
322,258386989735,83930526,227,48,77
322,19879956551,10490458,647,117,84
322,19869727605,261512,337,67,90
322,2839168778285,-2164873014,761,134,208
322,40850149570685,-21342182616,251,53,213
322,218589035231,24908208,223,47,116
322,39724941165,-13991021,719,127,150
322,26425757818530,-20501551253,751,132,419
322,264311508303297,-151085394533,787,137,408
322,57088759760593,3783675404,443,85,133
322,442069212808470,-86016159059,757,133,232
322,337587940086270,-530764418311,659,119,550
322,682455556555157,-756035052648,229,49,406
322,19840020305,-29445788,811,140,460
322,7446639510359,-4410274516,461,88,274
323,80623306841,75496088,683,123,232
323,1139598064193017,141884010828,709,126,135
324,5204388572198816,353849923191,827,143,724
325,428790691535,-64509904,599,108,207
325,147098046018209,711924632,761,134,301
325,3179617160396495,329757042857,211,46,479
325,37003874362169,-20624695398,331,66,252
325,3000083459417,-1902950656,389,76,276
325,1706821131908837,-573955077376,727,128,273
325,2884880831501306,-28108578847,691,124,299
326,1371529040797149,-137634648676,691,124,321
326,773891421875,370107574,97,24,190
326,773994163956,472849655,827,143,174
326,381257285103565,-88722846828,101,25,316
326,122747808649375,104670609513,569,103,359
327,233185908480,56188327,389,76,267
327,84779960175,5516483,307,62,178
327,108144931205272,-6065334797,359,71,339
327,46349169338800,-1257749801,541,99,302
327,339108925705,11150937,673,121,159
327,1144285240255,-169749587,523,98,325
328,21925409438677527,-6777787156358,757,133,454
329,31435099212,16057303,463,89,78
329,1414869379816,1012493911,283,60,164
329,471274650899,-10977736,251,53,131
329,2169531531596,1617639875,521,97,406
329,15896755422465,-1279783489,277,58,124
329,345596448535,-13012464,647,117,195
329,3487459635055,-54016844,223,47,175
329,31419073686,31777,739,130,163
329,1099886786559,220319744,149,34,106
329,852523842300702,282330519077,337,67,377
329,219885053583,-48239780,661,120,252
329,247478958361694,54003328319,773,136,376
329,31403379843,-15662066,79,21,139
329,31418005674,-1036235,167,38,195
329,215155745014452,92403147347,173,39,206
329,1099680598731,14131916,257,54,321
329,52653591376704251,1560945602051,631,114,431
330,17576029999710,4996754501,743,131,190
330,24642406593,-1398800,269,56,156
330,18237414912381,998921561,281,59,229
330,10843173058263,-101314657,313,64,212
330,10847089915207,3815542287,317,65,258
331,6806803266783,2888879884,701,125,270
333,1699337646500,206371781,659,119,183
333,495580318803986,363677611,587,106,261
333,957064678743,82696430,463,89,199
333,155813882894179,60182711604,397,77,192
333,25134935419300,-489299819,811,140,345
333,7357319436250,-5582754199,449,86,269
334,12787150328293,-6361255784,521,97,186
334,334084457938,-1098021,113,29,107
334,14806255089945,-11421921413,251,53,201
335,105107787858528,155063449267,757,133,496
336,15114738749360159,-3955524601185,307,62,735
336,9279943116535,-6724127913,353,70,404
336,28572371436350,40113233,599,108,287
336,1211893385910935,-16689489529,787,137,318
337,17744507360,7842693,751,132,107
337,408260332480,317045139,499,94,263
338,149120467639,-19892865,491,93,102
338,19648798762593,-443733809,599,108,248
338,5478556311085,-2351937437,719,127,254
338,191979191484798601,-101978538779150,587,106,768
339,19280134575,1813196,29,9,70
339,454970473463675,-113581008999,313,64,323
339,9506651163750,2438723903,709,126,227
339,1426581398025,-14384021,661,120,196
340,988642712983079,-913501995250,677,122,301
340,5809918074321854019219,1599783464897873125,173,39,571
341,9060689453491,-2505291939,601,109,224
341,18494185437,-2130370,181,41,160
341,324524734656759,6873822944,389,76,331
341,4461688003967415,1689869741312,599,108,703
341,9786544512147,1993450244,683,123,166
341,5086768841973,281995048,491,93,367
342,414901413381,-10633978,223,47,87
342,6563834324937,-2599815875,641,115,297
342,20708077639054,16594233803,733,129,174
342,36116067299,36758833,599,108,159
342,298828810880181,56057473235,389,76,268
343,362200313790,164983949,617,112,148
343,362481429726,446099885,479,91,311
343,149254596555,181225444,127,30,472
343,21331731915,35536042,197,44,419
343,25236865922875,43466205116,733,129,684
344,7153397540625,3094767044,599,108,160
344,7153397540625,3094767044,599,108,160
344,17568419820,108337,827,143,242
344,17568419820,108337,827,143,242
344,333713856875,-84061302,353,70,198
344,333713856875,-84061302,353,70,198
344,597126359375,-196231047,619,113,152
344,597126359375,-196231047,619,113,152
344,102231009015625,1004496048,283,60,210
344,102231009015625,1004496048,283,60,210
344,48864222265625,-28388591564,631,114,323
344,48864222265625,-28388591564,631,114,323
347,58878302945,-31195301,103,26,156
347,176684241305,-44253433,601,109,187
347,382495572877,-416165722,223,47,198
347,4584353649276317,-2546067401104,811,140,276
347,417027299181535,36415847224,823,142,348
347,7277738104021,2415070640,547,100,182
347,265133365882,40623775,307,62,220
347,795962390258,684163937,691,124,422
347,265162220186,69478079,643,116,210
348,709506496250,-199150583,359,71,152
348,2838785266625,-37320707,563,102,206
348,709908061135,202414302,139,33,140
349,65955335728581,20051637956,593,107,186
349,37929252213567,-7272840815,821,141,277
350,245010858004,15202775,797,138,92
351,22921235337,762884,709,126,79
351,664582173255,-111527882,593,107,218
351,1133295207062382,-7553376203,521,97,314
352,19015272276,9380375,743,131,163
352,19031388684,25496783,401,78,347
352,4225514707271,6206705249,479,91,377
352,95021807972,-7651533,311,63,127
352,551657523690,486658561,797,138,286
352,704800050500,1582050163,601,109,720
352,19041215560,35323659,463,89,417
353,5497569979077,1244576992,541,99,185
353,157176478965,138610334,677,122,257
353,1063429922722453,1539855039631,691,124,637
353,145419030958890,69266550283,421,81,245
353,146193259965324,-8995730137,601,109,399
353,20889154187415,3117659492,491,93,299
354,3487163756175,-248596256,283,60,247
354,63290221229677,-33845169728,227,48,180
354,8469547368051,117369290,601,109,211
354,263653381025713,104647534856,809,139,274
354,160904417365300,-14752611159,607,110,354
355,19660352712,6231119,569,103,265
355,134807371942971,-248063416,659,119,261
355,15581898041277260,-6119914198121,601,109,519
355,98291965422,21357457,631,114,216
355,19656200568,2078975,607,110,247
355,4858029782991,3461749520,751,132,349
355,255622998456,119417747,727,128,347
355,19669010634,14889041,373,73,231
355,373513463400,85153133,643,116,407
356,350921769865,-32700851,479,91,175
356,435183393668023,-150019817,601,109,346
357,13459947725224,11660387905,673,121,584
357,445800345445,145599374,751,132,134
357,21985986974549,44044476818,827,143,705
358,20973735751,-1939630,229,49,173
358,20968778138,-6897243,421,81,295
358,92497633939555614,78829186544995,613,111,287
358,1534953521363477,226280761850,227,48,254
359,39595962875,-27428507,197,44,119
359,2448766087925510,-494415265747,823,142,231
359,435862871375,5566173,467,90,255
360,11811346825005,2793172118,457,87,198
360,22398098111,-9024570,509,96,165
360,112050437037,14823632,383,75,143
360,3629685888829,-267985493,401,78,176
360,18151321060301,1551688691,263,55,264
360,130390990133873,3943253134,229,49,214
360,3471322878361,-1781137194,797,138,218
360,20822418473857,-16205619473,373,73,253
360,201466169431065,-41084839168,73,20,294
360,1030366762469,-360880857,557,101,216
361,179641815353,-7308373,449,86,146
361,29190086895594779,-16908341530849,487,92,411
361,21043457211315,-5431785248,271,57,161
361,29953544621,12024000,167,38,106
361,2722669100283,-2009276228,337,67,172
362,3693504475323,1790343098,313,64,361
362,160453324194813,232930856248,509,96,731
363,2594596596896128,-610435751997,827,143,383
363,69350858115088,-14122481037,599,108,423
363,593403320832,213141941,677,122,235
363,9087948922624,-1255431351,661,120,329
363,2773909360768,-689863077,773,136,184
364,1893436528317243,-155812921669,311,63,217
364,109272914587499,-1711502031,331,66,264
364,9023385421325,2187788381,509,96,284
364,10313283162871,3343010935,811,140,296
364,26864613171,15810692,337,67,212
364,109972709961543,15007559,683,123,488
365,22081274942272,-10565709923,647,117,404
365,1474107658240,1318281427,191,42,296
367,21171486197708,-7703873867,389,76,323
367,60445213201867,-1340083493,823,142,193
368,273695894891,2989392,41,12,82
369,482909733959213,-77621354647,691,124,549
370,124170482051,-21250543,773,136,133
370,372615485099,40287317,787,137,216
370,3764586518583,-2562703435,83,22,334
370,2960033737897,130777740,379,74,267
370,231460631856935,91434034313,397,77,335
370,1675589050997290,677249368309,547,100,528
370,55766821868979,-15964687826,503,95,350
370,29436485902395,23743899716,503,95,342
370,145112443190,222088497,191,42,343
370,17610365001625,-4162404624,647,117,435
370,20955702293825,8696729637,431,82,400
370,3496816804635,-1250330096,379,74,152
370,165652356177,63379385,353,70,196
370,20711689713,13067614,443,85,123
370,8408707958079,5067385885,809,139,208
370,13822619815862,16638875829,719,127,376
370,89587358860450,-16976206121,761,134,288
371,543925384960,402300419,467,90,327
371,18744497200,2321871,439,84,162
372,41927702526875,21203592848,641,115,298
372,87853270973,136894345,409,79,427
372,87869702895,153326267,173,39,448
372,1997152815625,1605247338,139,33,231
372,776648534064975,841040978629,821,141,514
372,12439227682255,5431295236,181,41,303
372,1229881961925,1852689133,479,91,477
374,752288955925,60513534,211,46,75
374,711479810561,-87634944,257,54,116
374,142313790025,300924,643,116,122
374,202209077273125,-18390739396,683,123,406
375,105497295498353,-8377530000,139,33,293
375,382044173290,-141303267,443,85,164
375,426935571634,-212902165,227,48,194
375,14709797522747132,-4185954207021,643,116,458
375,247124688681,-171796150,463,89,162
375,11692759656550414,-7084337289027,653,118,217
376,33475353174024125,13382005719534,223,47,292
377,1145471275798641,-72407489161,263,55,384
377,34593527994701,24571891323,487,92,183
377,38451931245,-745177,181,41,275
378,161233311701,90997546,479,91,141
378,193484634637,113857651,787,137,163
378,612650507414,309713625,181,41,156
378,221224990830140,169964272311,641,115,251
378,64447102459,-9823203,743,131,96
378,64466326365,9400703,251,53,205
378,902920352675,523393407,311,63,226
378,7002651809450,9075375123,709,126,288
378,2805488585525,1612319228,293,61,288
379,138248193359375,22344268457,653,118,261
379,441828707031250,34159540753,653,118,229
379,7473876953125,2209434697,491,93,569
380,22687191927,-933992,373,73,49
380,31054535259876,-5509123235,109,28,247
380,22688867199,741280,113,29,97
380,133569361200513,-63700462397,619,113,280
380,152656908939711198,58910885486855,727,128,366
380,1475085566196,357381461,379,74,303
380,1071013787498330109,-181801472521561,619,113,484
380,1418036298606612,822513076277,683,123,290
380,208947255791845329,6337226657632,709,126,371
381,1464442115409,1001506231,823,142,197
381,14962012667613,24825760141,367,72,783
381,1819336638119,2651743967,743,131,515
382,361625702490,80599643,599,108,151
382,658571289200,-716839521,223,47,414
382,21239648430,-27710561,541,99,322
382,446935869500,321330689,773,136,236
382,787031388000,139105333,641,115,524
382,1041582533175,-518057384,643,116,227
382,3422633729460,-1411068091,769,135,190
382,21273019020,5660029,397,77,152
382,15162974551296,-652409287,619,113,513
382,488442117618,-707139175,787,137,433
382,21263795280,-3563711,463,89,216
382,5930639595125,-2953563364,491,93,309
382,11019102021525,2610064187,607,110,167
382,7078397519900,-3633024103,373,73,217
382,977730730375,-567783211,373,73,314
382,21262741500,-4617491,263,55,411
383,1525180666711988,-205655934137,461,88,464
383,182189661823741557843,-5576424135139162,547,100,427
384,20743234724,6170295,127,30,51
384,3503881081008,-682807493,293,61,289
384,228434989344,327280625,313,64,314
384,228168554016,60845297,523,98,303
384,2085497235216048,281721557953,643,116,459
385,20931807957368,-356241227,569,103,194
385,5548398234665,-483162359,281,59,243
385,1188717776785,-328236863,443,85,282
385,2675963145583,609614875,461,88,396
385,1115119744739,389106944,149,34,236
385,25776576520989,13912891949,733,129,328
385,5747199509205,143776573,277,58,279
385,24779621685,7829734,743,131,134
385,286364373453411,2458499851,359,71,462
385,3370805128951,1841423615,223,47,401
385,1981890129219,146773139,787,137,226
385,6324890507488,8083559983,601,109,600
385,247918410201,200490691,773,136,223
385,825265050648661,983673479136,523,98,399
385,49582880529,39296627,757,133,255
385,164978771146826,122495712921,719,127,412
385,49529706941,-13876961,409,79,140
385,198150315181,-24020427,683,123,200
385,49531878487,-11705415,379,74,145
385,916474931911,-81370276,241,52,131
385,916369472788,-186829399,293,61,142
385,1213861196273,43390674,179,40,302
385,18211143832739,3876748754,587,106,415
385,9291341532011,1919550386,823,142,325
385,4088395203347,1049531432,397,77,376
386,173386269134884,-9648410219,421,81,208
386,13233567387391,208921547,233,50,151
386,3309415338996,1075722535,677,122,147
386,9080385934672,4566559033,467,90,487
386,46053845083675,37848600172,419,80,283
387,100057322790000,-75565976867,811,140,527
388,495309079087251,6520593095,631,114,314
388,113620420264285,5290654681,349,69,216
388,2190407019885643,-25846558340,761,134,304
388,510585768861025,33747359044,613,111,453
389,163475884186811,-59215675,503,95,240
389,26471924078474221,-8476671019379,773,136,498
390,1005483740625,788074474,419,80,269
390,461635632465,18704774,233,50,251
390,3285764234305,137866622,743,131,147
390,461683096875,66169184,631,114,281
390,7845017215322,-2470555425,337,67,247
390,745079752784163,-431585436802,773,136,393
390,27179557125,25620202,587,106,261
391,373562200450117,-45329236623,283,60,555
391,1865066754793,-749683595,757,133,124
391,710649975529,-137239095,449,86,403
391,9615408418110943,7009062924168,433,83,622
391,3754030994217,186016984,593,107,365
391,244349632107,16527080,149,34,261
391,284191217633323,-123668216277,827,143,566
391,127980572438399,38873806079,397,77,363
391,1154898968237,-130255527,769,135,376
391,22206066289,-6034168,389,76,253
391,288754264359,-3041582,233,50,251
391,5778532307783,3386188963,709,126,506
392,30482913384,-15561167,389,76,312
392,28211463977697,375018022,821,141,274
392,792459132885,-501205441,677,122,259
392,255386078292015,52849351043,563,102,261
393,3176048866905,-4645012,823,142,148
393,8376575095350,3343109387,487,92,387
393,288864880260,132742813,257,54,214
393,22222205550,12041131,587,106,213
393,199806836055750,70827435683,397,77,437
393,790321132907955,61272715516,659,119,297
393,78102468196892370,5688826446173,641,115,400
393,74866398162930,84774564157,631,114,450
393,11748680542830,-496434821,563,102,226
393,288711135020,-21002427,421,81,372
393,3223781304579,3307463824,809,139,324
393,991072408329333,721176886123,487,92,472
393,22210199550,35131,43,13,200
393,10697664787590,14575702051,647,117,417
393,699842904990075,511457929022,397,77,370
394,107510251871,-5579947,547,100,111
394,53759560811,1644902,401,78,222
394,9480164963775,852458488,491,93,392
394,698810524225,-42382592,353,70,304
394,76810065182851,-99593177625,787,137,464
394,499267227616850,-125891872457,641,115,375
394,1559252045945,272484584,787,137,309
395,668867036124,19025849,773,136,145
395,16721288266452,88009577,757,133,218
395,776080872350,217180431,647,117,127
395,455001041264,184394277,107,27,254
395,50502952363600,18304548043,463,89,314
395,26761134400,7213989,769,135,394
396,40702268803,-767475,379,74,189
396,7346467628115,-430420064,317,65,286
396,162781770877,-30374235,163,37,242
397,68785452734418,36281156045,643,116,371
397,355445644554,98755885,823,142,162
397,20908933227,6175070,769,135,277
397,961581159945,54284723,739,130,310
397,229932365250,2025523,389,76,205
397,429788347955859375,-100221923706994,659,119,418
397,2361705767426250,-285001556593,821,141,371
397,104463135378,-50655407,577,105,314
397,20897653257,-5104900,719,127,138
397,1546448371013,-355732605,101,25,291
397,480808120625,44683014,331,66,221
397,41805500275,-16039,373,73,163
397,376197696875,-51949951,401,78,238
397,773294271750,-107780059,821,141,286
397,1208885717464425,-715091564851,673,121,523
397,1777057690716,323247371,619,113,325
397,302128264453125,-271937804194,701,125,461
397,772850566950,-551484859,661,120,287
397,513094986406431,-381267720274,547,100,689
398,22594577643,2296850,647,117,82
398,22614587841099,-285232694,701,125,252
398,35717582859805,-813073928,547,100,272
398,836395130571,480741230,167,38,201
398,384345047471,276273990,59,16,165
398,768107531835,-30015127,673,121,143
398,429295192326,41857259,523,98,148
398,21711646039821,464197748,367,72,281
398,5940495153417111,487502759965,599,108,329
398,15890594684679,8221287200,587,106,227
398,306072383875713,14755972942,613,111,268
399,396170211826973,596566895519,311,63,353
400,310156878917743,-34464399872,1049,175,200
400,629912532824718,28489727507,191,42,197
400,1676708320859,-1643020,727,128,123
400,347046445728554,-32516794399,1039,174,370
400,13967612331413,-4970700912,419,80,269
400,2793829783276,-686823189,709,126,236
400,1426549443267749,-330735993280,1009,168,483
401,71804403989175,-5694432362,433,83,243
401,10257803003666,-782485125,433,83,315
401,173273699386250,84638487249,613,111,383
401,1206722366481,-170043965,263,55,252
401,384592058365885,196825638834,887,153,583
401,99393364541046407,-17156414980167,1021,171,310
402,18706379927620,3995315559,1013,169,180
402,3332668233352650731,-2602824054635643,1063,178,306
402,339866690946090,-781142053,271,57,278
402,373823974915097,-223717326123,709,126,278
402,243264194639308535,6792358930571,761,134,345
402,644321629700,-588184509,263,55,392
402,644492446675,-417367534,277,58,289
402,439752695446813,-75797843725,419,80,215
402,7851919331780183,-3082205285437,421,81,463
402,972521328677833,-2671149339,811,140,284
402,12253670711975,384242004,541,99,235
402,7539252807859399,2191809198816,1093,182,378
402,979542055133400,-75952650071,827,143,358
402,139948212654230,2782970877,401,78,154
403,41400418329725,-8511438353,1117,186,179
403,1864923964921875,-278262892421,997,167,290
403,7201378816775,-174186369,1063,178,387
403,331280472097575,9033952951,1031,172,407
403,504498463196013,389752975933,503,95,445
403,461026908671875,127516470659,653,118,565
403,5398896015625,-2268736733,877,150,253
403,14391602442945,-11503563343,1193,195,396
403,12603955078125,1237322623,809,139,288
403,1466180419921875,664383782071,1061,177,392
403,1800580491801,192241015,919,156,257
403,350055020661328125,1932284504573,1171,192,578
403,28839111328125,32899315549,643,116,490
403,7200064453125,-1488550019,983,165,263
403,691293424609375,-55663692449,863,149,561
403,4723567488859375,-651281203089,1123,187,547
404,60670767122875,56273950847,607,110,328
404,891157234464,-232371007,359,71,239
404,11587624002108,-440869015,541,99,309
404,63721066630133976,80683039541,1181,193,297
404,11594556428224,6491557101,1063,178,191
404,1022635689681060,211812205823,457,87,323
404,20496320183703,-5640742130,1171,192,218
404,15150608569152,-3014723855,419,80,343
404,11075152602649842,-2146024538275,977,164,402
404,891986482240,596876769,1117,186,168
404,891453950890,64345419,659,119,124
404,305723405866365,-23228810188,311,63,302
404,5251423043589927,3812436182150,617,112,415
404,884254048350795,-4440276437,1069,179,412
404,6722061670269141,984045017801,1097,183,311
404,150672257859648,27414535049,1019,170,221
404,14854585319714672763,1806018554135263,1009,168,822
404,890889924960,-499680511,701,125,337
404,20495858605908,-6102319925,1103,184,162
404,13672399516514088,-2408421016523,1193,195,268
404,197097733353059,100630543968,997,167,221
404,1448042786311751,-465322578624,443,85,239
405,696637056315109,-71392968365,739,130,455
406,12586961702925,-118893121,719,127,159
406,5109780255765475,-574466229201,1049,175,280
406,1858312062060705,1254062641,727,128,465
406,8013054631835,3094252533,317,65,138
406,242381885358251105,16504201331189,1019,170,371
406,82969622272867,9318344382,859,148,308
406,829946488300461,343449015611,997,167,429
406,515517191782173,-553112655713,631,114,385
406,43469414762125,-13227296943,163,37,348
406,47906777818231625,-11093730861311,503,95,527
406,469827241543688905,39632457464047,617,112,368
406,21738522878283,-2798151251,1163,191,295
407,693403059505877201,42004868422326,761,134,292
408,565098702126,-94663,523,98,84
408,23164193614653,-4857053696,311,63,301
408,192690351025068,-8338679981,1069,179,364
408,1130190722955,-6870623,883,152,301
408,565382856360,284059571,653,118,224
409,25356280384435,-3392684356,547,100,249
409,166936472563157,53462691113,271,57,355
409,361456369927625,-123484795137,947,160,250
409,14925910861090625,3788395032024,983,165,240
409,236301439490347,-116157828382,173,39,428
409,12271537130567,727581152,641,115,256
409,4090628186498,358336693,661,120,157
409,14714609221629625,1090517911079,313,64,295
410,20175875984696250,-8899610870237,1069,179,341
410,410010905068310,-497967718383,1171,192,431
410,776008450987,-760330,547,100,138
410,125011675506250,74192484213,1187,194,296
410,10085924035130,-2195711991,401,78,234
410,19408864033559,8633750634,691,124,191
410,101402302304187500,6610725874329,941,159,651
410,3880157756657,111700072,373,73,159
410,767442413318750,-30696673763,509,96,412
411,8122959677602,4024014553,1151,189,224
411,307884731100457,267279867156,1021,171,432
411,903031480806,927518245,929,157,432
411,643373658933390,173533627397,953,161,379
411,10951584456250746,17182326048865,1117,186,556
413,18758675682240,3790125347,1171,192,319
413,12287659652320,-23988403,1123,187,364
413,36880007921900,16956999731,941,159,283
413,24573222991375,-2144290071,631,114,440
413,1323146817798195,-1336134633421,1151,189,351
413,150039670238315,585783171,631,114,308
413,356338375969290,-4449611677,281,59,290
414,325134328721083,-95157562216,1151,189,185
414,472446453804637,20080169505,1153,190,323
414,2176535183936425,-608882576,733,129,220
414,124953933967353,-134329987762,643,116,415
414,13376131294370,-5403919433,457,87,265
414,16869433040625,-2937446344,857,147,267
416,100508409362313,12572427292,967,162,187
416,2467792305951335,3567940776068,653,118,522
416,173706428930517,122710588208,563,102,388
416,40691156270169,-5504967980,971,163,262
417,4449571279803,572684275,569,103,213
417,1171731841628247,-579288293381,1049,175,303
417,1929844311685875,-1021078773277,773,136,450
417,2553074300770785,-650893062287,977,164,402
418,659319351595,18218382,547,100,80
418,653778050725865,-248673421431,1153,190,209
418,2182749950867987,-196101200256,1087,180,287
418,15157698489232,-6227574667,937,158,515
418,8617038487563211,-1345925797125,971,163,378
418,1488482176584552085,-287030925989641,829,144,621
418,20432739350227,-5595779376,283,60,236
418,210390371438182,73309943235,419,80,327
418,1395447727226683,366529347975,409,79,263
418,27881685603130967,3796486352475,1129,188,262
419,34801182356073900,-1886695461101,1129,188,286
419,11481353786420375,4069605410581,1117,186,459
419,1788999437493125,-142423173301,883,152,371
420,30373245039830,20602392581,859,148,278
420,17909364267256,9087834263,631,114,403
420,148653448082888815,27452859747936,823,142,388
420,2334650005748,-168659425,853,146,356
420,180071507417403448,155828989390805,701,125,576
421,1236874095765,-442355017,499,94,263
421,76670130637485,-43489310999,1019,170,408
421,49504064121149,11406089869,571,104,396
422,1364568918521425,949006137256,1019,170,250
423,21715430304167509,1593828332736,863,149,302
423,1497725634932007,219671081333,947,160,219
423,108682429241517872,113246862344007,1103,184,526
424,28429159124549,-6818245986,479,91,87
425,1703681606081,-302684320,433,83,144
425,12498247074131,2362277857,199,45,116
425,218980378217764625,3629037385983,829,144,512
425,5038970038692625,3128465794203,1069,179,329
425,5111952884675,13472,421,81,288
425,3488092017840521,1740159680075,619,113,630
425,2462202208647181,-55090982264,991,166,343
425,316958637165625,17559151039,997,167,351
425,595380266566742041,6451516342240,881,151,457
425,3264531143286875,833232405493,181,41,258
427,50230664227419,7502321297,389,76,356
427,928751207077512,-377288185745,911,155,660
427,25138071972000,26491018939,877,150,335
428,205106487624576,155014461175,607,110,304
428,776660475842503,2261749615,1061,177,296
428,9656427577440,4973162543,293,61,214
428,567933101834,200489193,977,164,175
428,5355571315572069,5259174043285,719,127,435
429,456238513365019,9624233544,1181,193,240
429,2944242215299,830027354,1103,184,216
429,101997881532814179,-14898076983631,967,162,487
429,29429920979151,-4200900299,887,153,390
429,1076651070747461,1128257272358,457,87,311
429,2561653313785643,884710273493,521,97,308
429,663747140449961,302033287158,1093,182,320
430,187716693289039,-41397671609,409,79,186
430,703522862116471397,614341280100869,1153,190,488
431,410397559264589,-389666197286,1187,194,232
431,174731675948219,-99367208355,887,153,269
431,2849262167577077,41971773512,733,129,275
431,21684670333375,-4895171012,313,64,227
431,237179795454875,-90905971904,269,56,279
431,1161289982397125,-87661428688,661,120,253
431,187133448508097,-185526302518,751,132,361
431,189913049059825,-34963993746,263,55,307
431,11181960146357,8547613794,1171,192,392
431,290713236307488995,81602922992802,1123,187,637
431,59986859577356075,-42627883619012,977,164,592
432,785921064450,506366399,977,164,114
432,22796877625500,19851382021,1153,190,269
432,50981866374543183,21804520900150,887,153,522
432,48732897490875,37186211713,853,146,312
432,33337222791477198,5008420890809,509,96,340
432,18063189921030,-1348134143,929,157,193
433,57973641965250,-11465920273,1187,194,292
433,314083244452614,-55856509615,1063,178,139
433,636791029875,-407957878,1093,182,305
433,1723385074806761025,-828870526751006,1151,189,335
433,26561899751032374,-8660839279973,1009,168,261
434,3638594118408237,-1648020003005,1163,191,365
434,10017183730473585,-6931320619441,1193,195,329
434,1919983844372877,545824062440,1039,174,391
434,17932894367787,667084973,317,65,333
434,1241494589276939753,-548717517853024,557,101,458
435,28121837628709,-3569883741,653,118,171
435,208128365222349,349630219,1021,171,250
435,3940468784463,2911732720,839,145,263
435,1152997438058389,-144269952061,733,129,273
435,38779385882522835,10761659211506,1187,194,301
435,196914162548437,36309961287,271,57,341
435,562433555805,-74594444,523,98,173
435,83244227327877,-6978908975,919,156,540
435,6194087637540793,310395149054,977,164,380
435,1125606475455,590174957,337,67,349
435,14625785473915,573567441,647,117,308
435,1431263191480595,-2007575353857,739,130,419
435,173056901475467,-195608801225,1009,168,500
435,21370501669517,-4808039945,727,128,228
435,136079920776975,-47051583283,1021,171,367
435,192924041282115,-16254253292,823,142,204
435,530539457823375,94272138568,223,47,332
436,8102197932793965,2466659652389,601,109,380
436,117785957024304,57304798409,761,134,368
436,964954455910335,-420492342004,653,118,441
436,1148013444123,-558772715,797,138,462
436,6075471773892521,673319036339,887,153,454
436,1465223142272760000,749345773961737,863,149,472
436,224589674652750,43806260921,227,48,337
436,1012429097705025,-37311437672,1193,195,501
436,69523874791200,35255672501,683,123,221
436,1147983691225,-588525613,587,106,291
437,135925352307131,-108602543520,863,149,196
438,45204266860807804,7169951597679,283,60,276
438,46043669191566033,-2712701426459,1051,176,527
438,84833340239050,-18714846317,977,164,188
438,4381793949573612,-2228896503683,883,152,409
438,14956305029540160,-5940683846221,1109,185,397
438,763906451880,-526476817,997,167,345
438,3818730958926,-3433684559,1019,170,370
439,3980899296875,1325855206,1091,181,90
439,21035987098566,1098906887,463,89,299
439,25767595786042886,-142248763889,887,153,543
439,4900511058767518338,959726720687263,577,105,651
439,16505969671701,19165413358,751,132,436
439,147166444404603,-77772937150,907,154,382
439,98211797098453125,-95868496126,397,77,471
440,38928242883604459,4818136983166,587,106,342
442,56263772079658,11784424147,757,133,115
442,33988868230846815,-6082975633666,1153,190,307
442,646475321778,-99248975,457,87,125
442,885099414515745,-61172845112,857,147,243
442,229172663789230590,-83928337231373,577,105,434
442,850644870034995321,5545581211744,617,112,383
442,167484513916863,21700091836,997,167,152
442,4524418452411,-1603542860,1117,186,263
443,310968697325265,-325312440058,997,167,565
443,20064577244985,1969547012,587,106,232
443,5362146204253785,-1689040933319,1091,181,522
443,14892119470305,6958920196,1033,173,209
443,20707378346655,-2410244801,839,145,308
443,18769651653690,1405742683,937,158,472
443,647367237720,186344237,313,64,242
443,10205298496739115,-4627278848693,1069,179,524
443,703046214890901,-1086597218603,859,148,457
443,5176701143043,-746004821,607,110,112
443,766299292947045,37115063173,983,165,301
443,10995731699670,-6343489541,809,139,408
443,4528401275655,-1864978726,601,109,192
443,5174439193385,-3007954479,1033,173,426
443,134523139865235,-90485979229,1171,192,376
443,646941057840,-239835643,373,73,301
443,2095209584242206597,823486541113453,673,121,353
443,1293047596491,-1314190475,337,67,321
443,109293743791485,-79827207142,739,130,378
443,109257910552035,-115660446592,653,118,510
443,807208364442774,173790269473,439,84,160
443,959142039799349,19955657543,1097,183,269
444,7855842526767,-2523915635,419,80,248
444,7855842526767,-2523915635,419,80,248
444,12910640297841,466856752,617,112,188
444,12910640297841,466856752,617,112,188
444,3779716125848949,3771050274788,541,99,413
444,3779716125848949,3771050274788,541,99,413
444,1566019116277121,-41053315849,971,163,173
444,1566019116277121,-41053315849,971,163,173
444,45481343460410,15080472227,907,154,261
444,45481343460410,15080472227,907,154,261
444,7293787892019,-3266661640,1031,172,207
444,7293787892019,-3266661640,1031,172,207
444,3777887450219661,1942374645500,1051,176,348
444,3777887450219661,1942374645500,1051,176,348
444,7297976113605,921559946,193,43,174
444,7297976113605,921559946,193,43,174
444,24141977253459,5566037510,1009,168,105
444,24141977253459,5566037510,1009,168,105
444,904003955348787,291814472557,1033,173,370
444,904003955348787,291814472557,1033,173,370
444,27500492171295,-3790377112,1171,192,324
444,27500492171295,-3790377112,1171,192,324
444,561001157091,-310731652,1039,174,100
444,561001157091,-310731652,1039,174,100
444,121809654153261,4974296030,461,88,293
444,121809654153261,4974296030,461,88,293
444,561393520524,81631781,263,55,244
444,561393520524,81631781,263,55,244
444,3930419568105,1236346904,547,100,209
444,3930419568105,1236346904,547,100,209
445,4328338709695,-135560267,569,103,172
445,1433715674285125,-1173546207278,1163,191,592
445,41126901183599,6395618960,461,88,254
445,69174964607665,-80623711727,467,90,352
445,40393241797675,-5851388637,461,88,175
445,140684182090811905,-72029869325719,1151,189,424
445,721847101625,434723298,643,116,174
445,1590352685986605,359804153897,1063,178,483
445,721402888024,-9490303,1049,175,107
445,12977565519149,-7857290737,787,137,322
445,207252579862912,207227283063,491,93,310
446,886087474625,11761524,1171,192,134
446,22151802435224,-90392301,773,136,208
446,45190522877500,661509349,863,149,293
446,2657777997875,-449141428,457,87,337
446,30312452691073343,-13488589808382,1193,195,301
446,2659488910975,1261771672,353,70,188
446,101044014326255,31383032741,1033,173,329
446,1213665162003125,627510767856,643,116,197
446,110762046700396,2582562771,1019,170,217
446,27465686663675,-2660442456,337,67,177
446,639674979734375,-71685124547,859,148,262
446,44886490987812500,4097892107547,521,97,258
446,77803987733829721,-59915554920654,797,138,330
446,38101771764901,516101558,521,97,264
446,2495223175072799080,4726481850747,1033,173,548
446,886116474152,40761051,523,98,262
446,458578576417633324744,-101285455702765881,1093,182,537
446,885757671875,-318041226,1103,184,166
446,7400796242211349,-6796719313011,743,131,379
446,9467799073103644,-7008527085349,1049,175,420
446,3602927951123579,-3400201197491,727,128,421
447,604732677692,28725915,283,60,74
447,103442086846701148,-37876901137977,859,148,578
447,3021878922688,-1640836197,59,16,334
447,1285291360344992,295462818867,601,109,458
447,377803157986072,-136811874553,1103,184,701
447,13908651344896,460454025,787,137,391
448,654749240145,267624976,701,125,222
448,6128167982492715,1565582895706,1061,177,242
448,261307303888345,169139435914,823,142,325
448,654819590259,337975090,857,147,167
448,7204414103109,5116336250,263,55,388
448,494029385274529695,341467801864784,1129,188,711
449,6105288876347798984,407256722873923,1063,178,564
449,504109057648680,447509952539,653,118,524
450,583276169827,-77355520,67,18,54
450,18088033967003,4074681246,1153,190,144
450,714595152521042,-12916029033,463,89,317
450,5346703225990321,1434873235760,709,126,201
450,3803976997573259,2262072886860,331,66,260
450,6846558085192607969,-1531035722760756,541,99,505
450,49578599193431,-6450461064,853,146,223
451,3546806301283,-1293635915,701,125,177
451,7685885578970,-1664284959,199,45,255
451,41243682716227327,-22303751758,1019,170,311
451,138300729329819,-75168220903,617,112,301
451,81555860423003967,-5495533345525,1061,177,399
451,21355081964846175,-29907706635704,443,85,717
451,3934878815125818,-555365216297,743,131,274
452,135368877071780,52929481031,1033,173,187
452,7958806747307364,5236050028895,1013,169,312
452,210562697307547,71223277493,701,125,396
453,1668150816363659,-656095709175,1019,170,227
453,1668150816363659,-656095709175,1019,170,227
454,42663244446823,21956141420,383,75,139
454,239353075149331,145848070241,709,126,255
454,53041561536821,-40989412,1151,189,187
454,336014172645151,84023312342,1069,179,245
454,4941546652263221,1397397368971,761,134,433
454,5201624350559,1467240144,1033,173,257
454,88401694934399,-975942656,439,84,269
455,10675882861875,-3598206586,593,107,318
455,1257228700035,819162569,757,133,248
455,10686752851698,7271783237,1123,187,310
455,1887298615345,2684309146,1123,187,272
455,17963371672853750,11163996770809,491,93,247
455,3138617457423,-2406386242,433,83,256
455,236970366370056,137168557715,797,138,465
455,628861738585,656969852,431,82,151
455,32054244123250,15800917867,1187,194,156
455,628593599400,388830667,853,146,295
456,75138538552029,228616654,229,49,276
456,3609850598345,3211721447,887,153,225
456,1010660451538375,200459527452,937,158,251
456,3969618466763125,1714595695842,607,110,329
456,27685254588925,34356532707,241,52,278
456,24645639089490,273430687,971,163,182
456,112402704764623,-4206898698,1033,173,243
456,15024511896019,-3150091056,509,96,88
456,132288994986899,45569500639,599,108,194
456,6008750726693,-2314068137,1171,192,267
456,4809665215823,813379959,727,128,393
456,145478898106815,11130071929,1033,173,386
456,902251749541961,592030317461,487,92,477
457,4171300740617,-936019188,311,63,194
457,3795998155171411,-1571743603100,331,66,287
457,249564175868882,64417632543,761,134,169
457,24203082487129,4109280260,727,128,132
457,29200945185269,-4712133366,593,107,253
457,91627079217862034,22283366935415,1171,192,437
457,45898742407609,4138049754,683,123,252
457,107547592130314,-96116272655,433,83,493
457,14368827103554712789,1114833467800032,1031,172,370
457,3902751477646699,1710107229024,1031,172,451
457,42576532854142,19717904131,311,63,217
457,12532299677492,15589398077,881,151,519
458,19768256990594,744579565,1021,171,118
458,8868407091069,7108424056,541,99,282
458,233658541028345605,342592040970318,491,93,417
458,2561901901865625,986587098868,751,132,461
458,150759036649375,116959310154,197,44,347
458,549792296770035,391779415229,349,69,287
458,49905338644084681,6002573416476,863,149,164
458,9543969316013,1032289999,349,69,157
458,170462611021549,53021271299,853,146,206
458,50859202796575743,-4651552078877,701,125,402
458,10169394365962425,-3376503768499,401,78,345
458,876883358438773009,1046912596747110,757,133,352
459,34543408192125,142296568,937,158,206
459,2802356238115,1550895232,647,117,163
459,34557752501475,14486605918,733,129,396
459,19951646071790203225,-1892430455227659,1013,169,475
459,2406226462331544125,2118785798463596,1039,174,507
459,5603558147551,1947461785,311,63,333
459,74062444000162835,-67404611702487,853,146,540
459,2693711939513651,-662800339795,1039,174,275
459,151380815742247,137327226565,1087,180,336
460,10637813712123,-971392666,421,81,252
460,28810315355679,23014483897,457,87,198
460,2507157838965,3914284897,691,124,423
461,86074774851065,-23710839387,739,130,236
461,27136414001125,-3326053474,1009,168,439
461,20588723994055,-44323227,641,115,217
461,587081939913625,302042871088,269,56,601
461,16065025022662525,-1701089660083,463,89,578
461,1872424238685,718028023,857,147,134
461,337658201268395,-184769756096,709,126,419
461,12172157699625,6067330322,523,98,451
461,87118094674844625,-27610640472764,881,151,520
461,153256362020350820,121638240929,643,116,308
461,15919875217675,10372427048,787,137,303
461,1282644730420053,1461829221914,1123,187,381
461,936747391580,894286249,769,135,241
461,15909781918835,279128208,293,61,244
461,3743643022735,230601411,331,66,163
461,124558673351970,90210342947,1103,184,377
461,507476031548654300,-373078737160829,977,164,508
461,1992137506983525,642098839157,373,73,585
461,59808923541581825,-7063538754371,977,164,910
461,936272243214,419137883,1193,195,193
461,10305169896840,10785738199,1013,169,293
461,17778169620673,-3039380616,233,50,220
461,1872317620965,611410303,937,158,217
462,1012661632947263,945715960928,1123,187,288
462,1672667394475,409680448,719,127,280
462,404633795645261,-52571149273,1051,176,340
462,30662996313959,4938223464,409,79,95
462,3221272072225909,2175972723934,599,108,262
462,7247251798325,801704208,971,163,195
462,71905719363569,-1362339592,991,166,345
462,55255691976095,71187413204,761,134,385
463,13246339275422,-34763291,701,125,165
463,13248449143909,2075105196,677,122,210
463,7309784676254355,665853414934,739,130,304
463,3601284838520450,-1112091393,251,53,491
463,6905868343727,-5283328645,311,63,404
463,127296403334485,16026701634,179,40,325
463,6122184225484765,6390924741576,677,122,401
463,45125429084641895,792027807014,313,64,401
463,228312980229135965,-28015450198729,499,94,569
464,3281001708244728,526916276515,431,82,325
464,103017017546214,103496719625,727,128,615
465,329123314309405,46807261572,541,99,277
465,4346825119808875,-1024587119783,1109,185,385
465,14304540758123,-3133461348,281,59,300
465,1845685267011509,-4707300250,947,160,427
465,24403418453125,-3790509502,1061,177,117
465,18243334588359375,-10732831999832,631,114,553
465,19358940198125,1498607076,907,154,171
465,36150540628125,-39458868184,631,114,319
465,707854356015625,45296099442,1093,182,296
465,174051960191484375,-29512036819282,1193,195,453
465,9258256765625,349917732,101,25,158
465,890168597555699,-273715632555,1151,189,311
465,1335240994140625,-422475641756,1093,182,372
465,840564030971,-1063864292,1087,180,319
465,840856935135,-770960128,919,156,298
465,444622573828125,-598582766002,887,153,854
466,5821444895437325,9469315281152,673,121,639
466,100141553081425,-34080186887,653,118,332
466,12532469765750,10515607211,643,116,437
467,1207276126611191549,1773242048493549,773,136,683
469,674294348871,177839540,683,123,92
469,674478417340,361908009,997,167,212
469,648429595704800,603630237709,439,84,502
469,29676413367027,15286956463,571,104,209
469,27651135439260,12358556689,941,159,219
469,674623689012,507179681,431,82,366
469,674129776716,13267385,223,47,180
469,27663979245084,25202362513,569,103,307
469,103878862605365400,39977857546153,271,57,507
469,7414247618739,-1033983902,503,95,176
469,1347728575347,-504443315,379,74,212
469,20901912181983,4300392722,751,132,241
469,674597752920,481243589,463,89,231
469,20918199229200,20587439939,173,39,411
469,195046373842320,226702645661,1129,188,545
470,4104873619914405,269744852099,383,75,245
470,650087631375,7828546,683,123,207
470,11052543291543,1186643450,1069,179,184
470,30165206709009879,1503857744279,1117,186,581
470,77369762026674,10265490023,199,45,367
470,546735029563125,17915383936,1061,177,307
470,26644896061875,-8375854114,1051,176,258
470,12355035468750,3519214999,601,109,231
470,10400923522899,-353322365,349,69,359
470,247201513123784830299,-12914551396342501,1049,175,1119
470,26662512093750,9240177761,1013,169,147
471,10307693329609,-3547041176,1019,170,111
471,687470096079,54071360,239,51,130
471,65320837503051,16315154746,293,61,226
471,154663914738047,-4690823728,1093,182,136
471,1460662424907543,-96627620332,463,89,281
471,3437077499427,-2624168,991,166,277
472,1583470944073398919,43739317695495,787,137,460
472,550750399960523,131183711451,829,144,321
472,6411175108435,8626082283,811,140,411
472,87814121189008045,-9643802718939,1129,188,345
472,7347440890570781,3717157574437,787,137,466
472,28043515456380547403,41896862465487731,823,142,428
473,13420991356736,2442631571,677,122,212
473,91224497673617,-21633657505,953,161,204
473,83154234099200,-40767996823,1033,173,320
473,36674526926576,-2839588875,239,51,174
473,2684858274560,1148529527,853,146,270
473,840706331523209536,97768355588067,1061,177,332
473,895073124352,503209341,1051,176,391
473,64637083701964400,-25113464775713,1153,190,305
473,38467927379200,1421033727,389,76,284
473,33087462562000,-11624293407,607,110,255
473,1957806424175275520,-434851451168821,1153,190,387
473,11626548346336,-2860548807,607,110,239
473,31189009359174400,-23429545474401,547,100,467
473,1224637782213120,-28431436939,461,88,300
473,14056301546546336,-10810367001639,773,136,368
473,894008812543,-561102468,599,108,236
473,2682160041088,-1549703945,947,160,498
473,15381152764881904,-9922622882351,439,84,403
474,26551264499200,69910737083,251,53,806
474,26552155750400,70801988283,367,72,807
474,30797079971840,21452626677,659,119,387
474,40203367984626560,31154327495071,911,155,379
474,1300488598323200,2902263979467,911,155,869
475,56449794915635,-7595156994,431,82,91
475,221422895201222,-63788929861,1031,172,317
475,73752319713585,-76574996776,1097,183,275
475,56451821795430,-5568277199,557,101,342
475,3614704764082275,-2911076725414,389,76,415
476,675762217107593,78195932512,1091,181,139
477,616483301806645,-69750318208,271,57,279
477,623409204509,-1363868,223,47,108
477,187602186179837,-44394901640,661,120,260
478,362700221711115,15738505706,701,125,178
478,397653663345939,-129318234187,1039,174,379
478,44306072224364951,-17789354738191,1187,194,459
478,11704947285535,5447827296,1021,171,371
478,71008622509524777,16059796930525,797,138,495
478,76351043093325,-3584949919,677,122,418
479,934183753073980,707377571551,673,121,231
479,8122092278391663,3676527809932,269,56,297
479,878064030096396,1161980381993,947,160,309
479,690058854100,128051807,263,55,183
479,2630535338120200,-170811023009,1163,191,399
479,237957037827392,-69088963693,859,148,372
479,23958870604245075,-356366983936,797,138,228
479,689509510184,-421292109,647,117,138
479,76607509803088,25190748565,1123,187,243
479,650537057693424,-67688868875,389,76,219
479,406299731073600,-69511476977,571,104,492
479,79211461913234,-130580350461,1051,176,555
479,15859086374600,-9322078139,479,91,270
479,21384382756000,-3472115083,839,145,358
479,25537548002000,10108317159,383,75,317
479,689709736320,-221065973,317,65,339
479,29654519923776,-12504574823,647,117,324
480,1039707367951525,87092092846,521,97,191
480,2378712817390,-280948877,421,81,214
480,86846885590981250,11234128469483,449,86,646
481,1181861948341147,483723983717,1163,191,252
481,3425958974581923,-37876054624,977,164,214
482,698196634224518,-404600765325,839,145,291
482,854402799239,-678271740,811,140,200
482,1138590306794798,-1232760820209,359,71,403
482,19661768405565,-5096226952,839,145,324
482,247165930770821249,-175674901635270,1021,171,350
482,854452496677,-628574302,1033,173,208
482,256922023712783,-457378651896,773,136,557
483,877038569615,517518304,857,147,81
483,842915650383235,578920073364,1039,174,163
483,2629766213425,203059492,653,118,135
485,257919207462153,41457769898,677,122,356
485,914419123988183,125284170188,1039,174,440
485,446752150979589,-12677708032,401,78,247
485,187548218248743,763927103,607,110,354
485,1626821063246370519,-24499025178785,607,110,364
485,51726560185943073,18387404793199,769,135,714
485,213812501460012,142366000715,1117,186,438
485,18403375308562278,13677599988613,557,101,544
486,87991587196655,-13317117406,743,131,174
486,167183501778698300,-59940768669991,797,138,379
486,211201272310250450,-98502947810011,1103,184,358
486,316695931937710,-1989029217,599,108,252
486,289129281991715,-29689325914,769,135,211
486,538123325785500,-83538012737,1021,171,495
486,133604012760353395,-75436892705264,1193,195,403
486,190967612852950,-9016236747,953,161,431
486,1796008486300,-9969089,571,104,138
486,1093920084971225,144845639324,1181,193,243
486,102283406619625,-89645337548,823,142,425
486,10777153886875,1043154541,491,93,359
486,443436444027500,-180114453583,971,163,622
486,11466645872648107100,-2241262464636481,1039,174,444
487,205919411456675,52366020117,1097,183,150
488,19058046603125,7729048518,641,115,164
488,19058046603125,7729048518,641,115,164
488,30000227234375000,34077720978189,739,130,493
488,30000227234375000,34077720978189,739,130,493
489,83860716016917035,24146882669534,991,166,417
489,1790706025109998788505,-359090973495381128,643,116,497
489,45104169602486,6499277447,659,119,141
489,884126506263,-141539326,563,102,151
489,9737373551143,10425049664,317,65,284
489,107067425104444,70991588175,743,131,362
489,419084782345693230,142457582855933,1163,191,258
490,43434018712409160,-21093637896587,1117,186,533
490,16768963285758785310,-214725009201403,433,83,383
490,14947801481191008,14950744879045,787,137,596
491,12786153050680,-9342387981,769,135,239
491,113191102269704,181081549,1181,193,191
492,4103584382231875,-52497260982,683,123,272
493,8088656926875,1268249624,337,67,167
493,599011556378081,544794261507,1033,173,484
493,3842258042444899,748420750674,409,79,476
493,43715762498484125,27066757152896,439,84,395
493,4358873829045,4126079756,653,118,257
493,623014459375,907638048,773,136,412
493,622327644517,220823190,857,147,342
493,71537128420373,-5156032232,1013,169,354
493,23648126309115,8067098689,937,158,304
493,27999942912613,5135952898,823,142,184
493,80881615097163,7728324653,769,135,192
495,1508427761259375,510147272696,461,88,353
496,10646825611942,1889781891,937,158,264
496,52172115292624152,1284789544201,937,158,585
496,1798886101007756,-108054270863,1021,171,214
496,341432327351972,234121009811,349,69,332
496,271030869744232,425395748725,1069,179,566
497,1065842043825,366925042,173,39,199
497,1459908755006625,1273317392698,139,33,372
497,777443279995382,711918402575,829,144,575
497,17911666851461350,4226530075469,857,147,363
497,109676181105700825,-15547848127808,431,82,450
498,1061205136549844741,168516772600000,1093,182,310
498,5476254005732279,-1145906198896,659,119,265
499,2931709936820678,-395043219447,977,164,263
499,4805701298136156,-2950869129649,577,105,601
499,12136611718648989,-14031318637289,883,152,780
500,21838683276932930,3566388085841,1061,177,608
500,939160187277812500,250161057387673,1423,223,402
500,55853096468750,8807750471,1097,183,258
501,25543887933720,19088707447,857,147,229
501,1199395112400030,-270451234801,1423,223,403
501,7682980865043198,16297935025,521,97,325
501,127529222500472,-94773630893,479,91,361
501,127574118654229,-49877477136,577,105,197
501,93210225399434156,-82915772593659,821,141,424
501,4387780136474735,-2485330444221,653,118,404
503,50622834607441239,1477871686388,863,149,144
503,489185889216734842,-231517797782875,173,39,227
503,60681002940438138225,-30537960904963636,1237,202,544
503,29104435863459,-5027469350,509,96,265
503,29122158952575,12695619766,349,69,312
503,29157996412350,48533079541,1063,178,570
503,2243554407645525,2125731019232,1231,201,348
503,669518225504271,568849664,1093,182,299
503,545030991883581346,538480243389001,787,137,287
503,2476394507081079,2090123792314,547,100,242
503,670155993890955,638337236348,1249,203,244
503,1370309364499790,2164587857767,1223,199,483
504,38430490458984375,3559863180352,1321,215,316
504,24855972043955,16327185646,1193,195,116
504,3240301668048859375,2727196861722624,389,76,357
504,68584614721919604375,75309305077308908,1223,199,514
505,431975722498593,309457194596,1163,191,279
505,352624765029759690,-46573723605859,1093,182,422
505,431581324665589,-84940638408,953,161,246
506,3803602909357947,-2992574906653,983,165,272
506,14140244762047922141,-15113469557790003,401,78,535
506,9627369421190625,-3317153998813,1289,208,418
507,19006218283147524,-499075288901,1279,206,381
507,11298956838808713048,-10039989460959827,1279,206,883
507,1746618873846561,55657125376,1117,186,299
508,307752511995929,-56411940136,631,114,219
508,75407007525704803,-6178838631122,853,146,478
508,184678383469580,-6970892059,1117,186,520
508,123083161047847,-40408526579,881,151,237
508,1682301118870729,-387665313093,827,143,294
508,430883109315076,-49384195415,907,154,393
508,20516451949747,-4142979324,983,165,354
508,61528166381825,-33618405388,953,161,500
508,530682020692856032,-288373096856093,563,102,941
508,1414871642608424,-1049407497475,971,163,707
508,765095083178225800,66783627529849,439,84,451
508,533357935975025,-177532180821,727,128,296
508,225709307086900,-17237132881,1279,206,383
508,20522462864750,1867935679,1033,173,203
508,7080037333885604,432083356109,829,144,369
508,61552255751525,-9529035688,683,123,224
508,471974179582675,496214042,1297,210,328
508,12414636018849176,-323913238779,797,138,479
508,103482187212827500,-3173014477553,1319,214,364
508,61538625229900,-23159557313,257,54,536
509,4701476637518991,394009268806,659,119,358
511,41523622756833,-19825267825,419,80,155
511,1786382111341503,13846281209,571,104,392
512,7634212321143291,1150798233908,953,161,193
512,425298265281877,-4282915420,953,161,135
512,19992189377961411,2969612688452,1087,180,157
512,1053679273241751,1615075069490,1291,209,379
513,179468304259493093,-18430349722906,601,109,345
513,1114574862860173,-249575706386,521,97,259
513,319966160751429686,11546882827253,919,156,270
513,654845777531803,107615199062,1201,196,227
513,406526907713276207,-65491095355954,1123,187,401
513,7798996675070029,-4774394895884,739,130,315
513,2018678355286030217,-2498351835141250,1307,213,465
514,372123046689453125,255411678126864,1109,185,282
515,117043555222840675,-1230293807901,991,166,335
515,4822453316302545,-2531193027383,499,94,347
516,99557622710059691,-14303603161099,941,159,353
517,100515067957248,53922843013,1129,188,312
517,2653958677646516544,679374034455959,1381,220,448
517,414292437837545472,91136531554567,1327,216,723
517,1908258792972288,-502964198177,1307,213,580
517,21718387091952384,-1312481745223,1301,211,328
517,16177459918012416,3215554620581,569,103,602
517,15569909834121216,-1567658585209,1201,196,614
517,462029091361056,-92176164425,1289,208,335
517,221078329454592,63810203275,433,83,454
518,7530540966591522,3971870052613,967,162,266
518,396238144735003,102929127692,373,73,76
518,44782058621954569,39628480202495,1231,201,251
518,354911872571326,475100712153,311,63,344
519,3316051714200500,2532335262249,947,160,280
520,135986745565645,-1569120773,1109,185,167
520,362857202776393,221696945945,863,149,341
520,975317852213640,734930294311,1279,206,264
520,43161253863391287,7628669567975,1373,219,275
520,237933087645881251,44195821107363,1277,205,368
520,22671597645840,6878531437,853,146,271
520,22664476102788,-243011615,239,51,446
520,2901501242067285,417195423701,811,140,551
520,2517322583478560,1538761779827,1091,181,491
520,22510508875145863,27107513658087,1171,192,604
522,6026047271093518,4317973804491,991,166,167
523,758745620178829,19059349232,673,121,116
523,7822817147270182,84675268475,613,111,128
523,1333790323609566031,-2091683147648549,659,119,491
524,100449297689133365,89887679946069,1327,216,629
524,71358595235790105,28766634218969,1033,173,618
524,127752402042243681,22243848732577,1193,195,678
524,6131749896766526099,-2615362968591597,919,156,616
524,54697742026222043,-43754342425573,937,158,520
525,413745999515863,433404712689,643,116,326
525,75132472178335,-15272331333,1231,201,219
525,5993032794133485,169487462,907,154,313
525,1052169851638697,101428503345,929,157,302
525,3082600058415521,1542533519133,859,148,328
525,12326740637233415,2510537647863,619,113,601
527,2913145712668614475,227429174060641,1297,210,780
528,56711037098034137,17039367623384,449,86,259
528,6466741334761319,-3021153377820,1237,202,205
528,58990092486409,-4702238264,281,59,272
528,19667647635363,2716060472,1427,224,295
528,963625538451901,43891282242,397,77,340
529,365683939192299,187843364036,971,163,396
530,37777611998313187,19057521080880,661,120,294
530,310828005839498147,-77538473031700,1303,212,372
530,269544468222551200679,174940581975922541,1103,184,529
530,16490632682150445,11678704282064,173,39,340
531,2431169751704618485726591,1729873901474462223235,1327,216,490
532,6713935158420765,1623055851484,953,161,213
532,898219464186231,251289929471,983,165,413
533,18675467091600961,5176063007374,811,140,287
533,12764468582476827349,-1794608913439220,1031,172,333
533,133889903852845,52692178339,1319,214,168
533,3304510230865515,3192342894367,1187,194,492
533,422551087910770035,49316856300344,173,39,474
533,42870011993406675,-2508146326747,809,139,388
533,334867633972765425,185379978717421,457,87,466
533,124158053582906175,1733552856109,1153,190,342
533,132369444443022921,115973106665242,1093,182,342
533,290157280497441,176655202678,1319,214,303
534,597906402955433,125713562680,569,103,237
534,597381394408810,-399294983943,199,45,363
535,1030978050142205,189886597618,1117,186,202
535,315370911659141,-176485344304,967,162,441
536,395340905648117,113590910960,1361,217,242
536,2236572790561791,-3048659615432,1019,170,567
536,152272614678444117,-21643933607047,1297,210,427
536,131745121041874,2682796155,499,94,248
536,94174175400448,72433796363,1009,168,278
536,545790146899712,45596019,607,110,410
536,294351869448470977,1621710893097,127,30,377
537,956078299520617,-337352975325,1301,211,412
537,20776310459541,-15334159936,397,77,331
537,103929864858281,-28358239104,347,68,157
537,103924496481641,-33726615744,1259,204,235
537,129961241831505357,13462959774107,487,92,638
537,72314717395661125,1377409120119,1069,179,448
537,1077747863832560349,-132576530366285,821,141,594
537,324764653339066941,-104793840261184,601,109,371
538,9877575569657016,-104530879705,709,126,434
538,24268273755748,-1210520755,401,78,150
538,45427645377676427,-4829187937189,859,148,207
538,60952066654160110,11391635861077,1249,203,606
538,8079873299209426,-1864964866073,1151,189,419
538,1147108124363772571,811843015982875,1213,197,498
538,21905576572113409,14501754707703,1163,191,512
539,23449693526603,-663464,347,68,139
539,23449693526603,-663464,347,68,139
539,2908716081060251,954001491943,709,126,332
539,2908716081060251,954001491943,709,126,332
539,2910961716203723,3199636635415,419,80,468
539,2910961716203723,3199636635415,419,80,468
540,386805641434426597175,-69789372533745984,991,166,472
540,516985203418875,-310236372964,659,119,264
540,5824176311655149825,220817330489027,941,159,630
540,48107863794918785,-612105722242,1427,224,198
540,143795574615057578125,35550828826977152,1061,177,580
541,114592883561720719,-31593213770271,1123,187,386
542,277563342721391,165831010436,1291,209,422
542,155646984498286391,119446265677621,1049,175,420
543,268016449646914,41112493669,1021,171,318
543,410670929714375,-224587253934,509,96,297
543,16027588153314298,2662991550247,919,156,732
543,9448276820653125,-2320069617982,877,150,387
543,4516330039528905,-3520647122494,1361,217,537
543,232249217670330,3925470851,953,161,322
544,33441480797136695,-10003040647743,353,70,263
544,37193152939085,-16506502277,691,124,288
544,25936917421327297,1784790697983,1091,181,360
544,632174472635475,-389737867679,691,124,498
544,45200906507371479,-27434543604032,863,149,583
544,52582319807320917185,9517570979653944,1427,224,336
545,30755388373193015,1576315067734,1061,177,187
546,2107627397761875,-2078079919472,461,88,559
546,671981004320175,-342719336518,1163,191,337
547,135632309921875,103717757322,1039,174,228
547,18534739819618750,6045147979147,701,125,297
547,910001007638775,23317391062,757,133,242
547,66811203738034405,-4392199090224,1217,198,541
547,6174165115879215,-2066441333986,1279,206,491
547,20803343702011325,28746645930558,563,102,498
547,10919222403578125,-509879394431,563,102,393
547,180692895983764874073,57774581142605008,919,156,664
547,913756902303545625,-325368164008123,991,166,443
547,2244971071363475,-931313077689,1303,212,372
547,309783032907075,3393673811,661,120,415
547,302308168846773674,-327177456673175,1423,223,793
547,3207283501474609375,115535265175104,967,162,521
547,7027814086236125,-311478868552,641,115,336
547,14054174832535019,-2076297674335,1061,177,560
547,38718691174683,-3763729475,421,81,316
547,11105904775346875,-7439782146471,991,166,406
547,4487365438167521,-4439330714807,1307,213,655
547,77422285547425,-22624260891,97,24,281
548,599016285882654783,-198674523805517,1229,200,472
548,8890907714817557,-669117020241,1399,221,232
548,221032843354323,124102190651,631,114,278
550,22956466445627,4700802036,547,100,90
550,80548520211881631,10774568520812,1283,207,305
550,3328275012685623,268994364928,613,111,346
550,1252824987871847817,324184935443356,1117,186,382
551,18865811050540454,-9262749621267,1289,208,403
551,2302001077623364,162809310959,521,97,323
551,23687702715269120,8792529064119,541,99,526
551,1300612378780704,-426642439351,953,161,311
551,60047251264858,-703560683,1103,184,169
551,1381103380969312,419981869,1223,199,336
551,460502125977600,134472315119,1319,214,463
551,100058198498182,-21726211053,619,113,296
551,5990685689401856,5906191789603,1229,200,487
551,1741145675175335,-245014765354,463,89,350
551,80059829692297,-4110075091,1423,223,305
551,20018172370196,2187428349,577,105,322
551,17233081419241600,-681615688667,983,165,569
551,197565431361820697,67707940616348,1307,213,527
551,20020476134087,4491192240,593,107,278
551,220165558228980,-10276131337,1237,202,241
551,20030208137160,14223195313,107,27,173
551,180272655114148,128790637525,1217,198,286
551,233785169579610880,378769172733013,1013,169,477
551,4147396247585360,4087364623031,1153,190,460
551,55753905712128000,49419618967799,1069,179,506
555,2497343901692673,-53507108759,1013,169,253
555,6920968199350954,-1964323576545,1181,193,380
555,309809260560147579,131981868770011,491,93,380
556,5261912722335633,666264244585,887,153,204
556,256914973266191656,225108356137465,1091,181,433
556,5743201604516558,5721630822441,1427,224,649
556,239739710991627394,12830351625375,853,146,199
556,22694684527515,16898070226,919,156,298
556,22693086041860,15299584571,1171,192,259
557,66631308381053255,53663131429648,223,47,237
557,156568300408836303155,300260870934152076,421,81,525
558,2948113556274549,-4058218379936,1153,190,459
558,73794084622049781,-10209744312344,1223,199,402
559,6247326554890575455,12147580374208,1409,222,444
559,141471412100616073,47667768647598,641,115,318
559,185140862887907941,202120299949166,1237,202,404
560,45234701334104564,2227753949747,1307,213,591
560,845799316876580,59965603537,977,164,632
561,2215882928755067,45924017300,877,150,155
563,113229925288038,47772239053,1061,177,368
563,22649750964342,13320354545,431,82,218
563,837126750518245,-421182044244,1321,215,299
563,158432821464060,-22192804519,1289,208,262
563,22643572035693,7141425896,251,53,179
563,837122027466249,-425905096240,757,133,340
563,45262553555219,-10307664375,739,130,297
563,430390801041201,298619455058,1381,220,260
563,22641183257121,4752647324,607,110,236
563,22633481051610,-2949558187,1063,178,293
563,430200814467039,108632880896,991,166,283
563,113180107974318,-2045074667,307,62,296
563,4212418059044195,2041965621953,1051,176,394
563,837398908187380,-149024375109,1097,183,382
563,49956031286019859,-47843931021714,593,107,452
563,22638566703060,2136093263,1061,177,236
563,39319885555023870,-44867275413113,1163,191,393
563,384281450784374,-537869582175,587,106,527
564,116156695901130789,42562057231052,1201,196,169
564,134589626196575515,12850303937291,599,108,270
564,2722548508626336588,5779845293702441,1259,204,864
565,20017211120885,6361726122,1051,176,181
565,202671689812567591,21817991802690,1109,185,311
565,2381386599884380,95521907583,397,77,384
565,140127716748877,51770985536,1151,189,217
565,459974552644761,-274983434788,269,56,338
565,19998481715069,-12367679694,691,124,296
565,1900634968161237,-395724341248,499,94,334
565,10932561598640453156,134303046557181,811,140,476
565,3498648409727207,-3250234356318,571,104,370
566,570879469085913,66467474600,971,163,211
566,31189269356376777,-2899183286585,1123,187,365
566,8762632460214165,-2109112914383,1231,201,348
566,97428947337341035,-14356034499881,1049,175,509
566,2528024791437322645,1459139724590323,1201,196,548
566,4900991108679315,3047288401597,1297,210,227
566,902672664793965,419855795438,1399,221,354
566,18417205264095,3882631472,709,126,274
566,29981745293366205,4856047455961,463,89,445
566,659447229132754803,-44334277270565,1033,173,452
566,865653926972985,227763239704,383,75,396
566,5668801975015209,-2501395832675,271,57,366
566,367441785611393805,224892348993316,1303,212,501
567,10924759181193069,-15929223033317,419,80,435
567,249367209550465721,13982563311,661,120,260
567,10077859632578166,-2941890379591,1259,204,435
567,182954310342089,-345246981,673,121,205
567,63068612935094767,-50743243134383,1193,195,533
567,347755362992037,141517372804,439,84,301
567,36574385380533,-16545737281,1193,195,314
567,50403863186888211,-144427900574,653,118,324
567,3750126260563683,-444179012252,1259,204,337
567,15441667019699643,-18001377576772,1097,183,434
567,13262589698377851,-1622831829724,811,140,318
569,1481179644002058,12609598655,1217,198,293
569,516810172650561251,8934412659000,1171,192,256
569,4194685729534630,3298164095213,563,102,367
569,16692079558983521,21071873889900,571,104,307
569,599020867681236,251215475605,1031,172,359
569,34076250253903704,9408462625435,823,142,315
569,50180546370496542,41466546330283,449,86,394
569,8699035117711169,1118064618845,977,164,271
569,725370518640152,544097549125,1049,175,301
570,247675227687501845,5168883324041,853,146,596
570,83532374777190625,-5960554698123,677,122,445
570,294538478609375,43759460531,1321,215,204
570,564446235478125,-1976223826,601,109,305
570,82308758586814375,-2515415287523,863,149,332
570,1570640693715275,2191588107,929,157,366
570,78457070590753309,-74854515605091,1259,204,518
570,196329642234375,-170531521,1103,184,269
570,1570068322265625,-570179861543,733,129,428
570,1423704704296875,313561744129,1109,185,236
570,1423505286328125,114143775379,709,126,294
570,9028489041140625,-2682346090591,439,84,353
570,392600963103125,-58662428667,953,161,223
570,523092181868591335,-323098965287401,941,159,434
571,24127017166096,29593226583,827,143,250
571,1566463779927816,131223859471,1289,208,453
571,1256703067647771744,962208735809801,1319,214,460
571,554448108533540,207357924741,1381,220,257
571,6556868774169256257,2369462621720257,1151,189,612
571,1567310271746208,977715677863,491,93,465
571,28088279337295457247,14322596707961500,1051,176,612
572,583066713770619,-7037948800,163,37,169
572,6421265010914195,7453742000586,1303,212,229
572,583718217142203,644465422784,479,91,348
572,308439260926401319,-6753733171332,593,107,250
572,106414504625569335481,629568016770886,1229,200,405
573,904281101518564,235599830479,557,101,312
573,252372335497470188,143640526494473,953,161,644
573,927538731655288753,-11953076686457,521,97,911
573,87859849451142868,46896387173545,1163,191,355
573,50801220453167899,34043058372548,691,124,270
573,3256291898755831,1728092678725,509,96,669
573,73848256317641862518,-2437209156338125,443,85,389
575,653534118820865,-36487619456,587,106,87
575,6520275310584425,2233316625548,653,118,194
575,72627700305390625,81362990514994,1231,201,555
576,31118189609375,7861291464,1291,209,197
576,31146727293500,36398975589,251,53,279
578,456874969267190500,54044648001029,727,128,415
578,1717122396504554,1040786364849,1109,185,248
580,2402093482345711,-986103512714,1123,187,157
580,1267152443353830803,665419484151270,419,80,360
580,224460848081250,173420067797,439,84,507
580,32056117017925,15055873146,569,103,352
580,45971085800582514,-7836942175351,1249,203,628
580,40738135051045884375,7249754252516564,1229,200,667
580,78960703277734542,-20512444145693,883,152,692
581,6325511245634425,6557809458912,1229,200,379
581,7663154734316235,-648850083221,1427,224,253
581,18417647076840,-4957693351,641,115,211
581,865946684740280,84260541303,739,130,223
581,7351688105940776,1068802634567,1259,204,271
581,534716830989900,461292654361,727,128,287
581,212159115813598434,22821884849069,1093,182,361
581,1658519993651027,485564333837,1061,177,303
581,128949010985925,-9222405412,331,66,316
581,4715884084656199,-302736512697,401,78,253
582,50264734714642525,12232957303216,751,132,461
582,211448794276111,7692912832,1049,175,327
583,299905945760162,-199660325293,1231,201,172
583,66248910758542695,5599975279928,1193,195,209
583,463977767971938213,54515044636177,491,93,365
583,248686778152882140,59287031285521,313,64,314
583,7517043074069311126,738113335845075,1289,208,209
584,165246468410206799,-83422621812006,659,119,490
585,26419093838392415,-13260619050729,1033,173,219
585,4593209440451005,-3721769539107,563,102,361
586,25901393129809,-755868544,241,52,155
586,18944559009481875,10088091685832,769,135,317
586,306426814000922251,133902095398026,881,151,289
586,1114200125265227,407718336048,1367,218,203
586,285072501951133,148862969250,863,149,224
586,6487547219557831609,6389203636939008,761,134,452
586,3238393464509819,624839715694,1289,208,235
586,129544486814666,33741822901,739,130,291
586,233159041785113,39700799936,599,108,233
586,1944685922728549,2024747852074,733,129,372
586,1010815603774942,631792839175,1213,197,424
586,6760494230051303,33341481170,661,120,394
586,751085902736375,-76418215862,1103,184,248
586,77726609199239,20162204180,631,114,308
586,25900615977665,-1533020688,263,55,274
586,1061837246660245,-150862272228,1297,210,217
586,80978040394024371,33824774171246,317,65,466
586,181216336323066,-98706665405,619,113,269
586,440333724110566,-2808861435,701,125,240
586,77730314597650,23867602591,809,139,285
586,1114893754896635,1101347967456,1237,202,320
586,285162135672263,238496690380,1283,207,344
586,129619512140053,108767148288,241,52,207
587,325977845935806,21362976875,419,80,235
587,176970154208637352500,-12155648192700053,991,166,695
587,2815036689659796,-42026803699,907,154,544
587,503251383916944,-499544292313,197,44,613
588,8978351659265625,-1911449262416,1283,207,392
588,13622183794957465,6946178802048,607,110,248
588,4082262807288666,325030685011,1213,197,292
588,289730862903398,44956176687,1201,196,218
588,30213658905636206,7319358769159,277,58,383
588,5662085596518206,42874132491,839,145,328
588,1132523333994325,114789517182,1069,179,383
588,40001602401473999,-1387809241820,683,123,453
588,1079755170510742,16790893001,853,146,130
588,26353399734375,18317304674,577,105,173
588,137131032212890625,109598331156322,1213,197,352
588,98793035112890625,10140919082174,863,149,413
588,30205294420551250,-1045126315797,887,153,444
588,815865319465625,-522235855106,881,151,423
588,26333838781250,-1243648451,1229,200,284
588,26344312558795,9230129094,1231,201,122
588,447850050618750,153649313833,1301,211,318
588,19256567437196375,5622181084944,313,64,270
588,235907245950780250,-28757536911009,1201,196,414
588,1132964713533950,556169056807,863,149,252
588,36082423330078125,29695483817456,743,131,354
588,26361715290625,26632860924,1087,180,252
588,55554927497265625,66908817885618,1069,179,318
590,29358506411393856,20995770801599,641,115,378
590,1035496246498560,1090394954797,1151,189,808
590,947397276051072,1025965064225,727,128,487
590,682163698797064,-103990519035,1361,217,155
590,682318646608368,50957292269,1091,181,211
590,682253451592020,-14237724079,857,147,361
590,19791606240340704,5843250173833,1427,224,422
590,814392030392270,72530240797,1321,215,164
590,1034407746514296,1894970533,709,126,269
590,44482654349701920,3202733320111,811,140,315
591,17315722981208750,127736555713,883,152,258
591,118375827360154,-61896611481,1301,211,239
591,545010879361795,197349092274,733,129,135
591,197789502556142441,22191068306318,853,146,260
591,197793463384023065,26151896186942,1223,199,317
591,11200515712688575,-3692975028096,1291,209,290
591,9261684419508430,-145595073427,653,118,412
591,3387045189792625,-273715796136,683,123,123
591,409887409888468750,21822312228669,739,130,487
592,108030247166462472,-25832796024275,739,130,496
592,605931755137569,100403026744,1129,188,249
592,155291016479024034,-19908948107063,929,157,300
592,14524139800816346358,-6919045594466731,1321,215,403
592,17568536530069791,-572681144134,557,101,240
592,24215225309331,-18028775102,433,83,190
592,2512085920868647368,-296696334943907,1279,206,645
592,24228147757842,-5106326591,1051,176,192
592,26788700971449396,10955208150931,757,133,363
593,21903383566959128,22341952655883,953,161,318
593,30653654632075592,20196372051049,1409,222,304
593,4382823674684800,6615351824151,1171,192,425
593,9959510360264192,13582353762717,211,46,413
593,1990811276995072,1625675694777,1091,181,352
593,1194350086186240,838725406063,499,94,248
593,230421682041200,94928206429,809,139,459
594,28379140570093313,-16179461811250,997,167,314
594,3409147434045353,-4195129893792,1361,217,417
594,2389073599004867698,-616755259100525,1277,205,421
594,10675348056784157054,-9096836858154625,769,135,468
595,25072220298125,197972172,127,30,173
595,161014886827265625,2359449995459,1291,209,314
595,25069977117185,-2045208768,919,156,234
595,1454730882921875,553588016601,787,137,147
596,109897041675010948465,45947427765612766,1061,177,407
597,4227916065423479,-144009365778,503,95,155
597,19390201839982675,-556434050814,839,145,287
597,76534145059644211,-8321811540614,1021,171,434
597,896723525691125,1124593592908,953,161,354
597,20858247474103,30365332284,1327,216,278
597,7443095228987275,7541304357892,829,144,345
597,208627304744730454781,104193096899059730,1279,206,703
597,39292596047713385,11210328242751,1063,178,279
598,42483709514942500,1262681150179,1231,201,484
598,112758078873432047,-3971364411768,311,63,197
598,22570656343307490,18246295738727,947,160,244
598,524732099227205,257446958164,857,147,218
599,2141859025263375,-1150507040057,1013,169,360
599,22756705422651145,7835002814713,1013,169,310
600,5945854621780675,2708387483451,1069,179,328
600,5830855337628813569,3600454900385437,1873,286,557
600,2231308815137875,2628977276416,1283,207,420
600,3716826842581618,2360446145853,1321,215,338
600,34905973227158605,-10010899337586,1163,191,317
600,480176815543573225,267757124072387,743,131,466
600,714725683762658750,805242367704717,1733,269,446
600,742958091229375,64811942222,887,153,334
600,14121624149986955,6651843531048,1307,213,532
600,34944039780092590,28055653596399,1237,202,711
602,185102076138925823933,10305047505484800,1249,203,414
602,11203586430284743,1518337842672,1381,220,151
602,3071220101128315745165711,4323891885955003293696,1523,240,917
602,2588391430907975,3298794190574,1399,221,448
603,115773526436115735,-83163755717996,1493,237,352
603,1947384453616525,213189888227,1031,172,366
604,792613439050746317,-28172197016464,1787,276,138
604,479324659342203768,241825751160385,701,125,393
604,308326868835808592,389662890066235,1669,262,678
604,27551322641013380440,-314485097501,421,81,725
604,235761748645312296,280355863274023,1123,187,490
604,167962692786429247764,64459732835959115,1861,283,419
604,15873265144748915221,14811348082682560,1811,279,317
604,3358230861379051116,4651026241747435,1543,242,477
605,8101616179160934,7133496703685,1823,280,412
605,379268441776789307,73060729368950,613,111,168
606,75319910539129010491,-55761919204236384,1873,286,511
607,566829209348025,-425995861214,181,41,326
607,569340519584122715,383548759255998,1123,187,297
607,3969102795367875,-1683641096798,1549,243,349
607,33487007504325375,18950396980274,937,158,393
607,567165678096875,-89527112364,1759,273,432
607,569250038860762259,293068035895542,1301,211,471
607,7370076259678125,-4241408041982,751,132,585
607,33463338889381375,-4718217963726,293,61,465
607,997886143487174736795,839254202256832904,1867,284,534
607,567458704988715,203499779476,491,93,352
607,567373636883339,118431674100,1783,275,296
607,17578487157976745,-6424203509664,997,167,293
607,43692568125741275,13917324629872,653,118,389
607,3815972803269108625,47037826557872,1451,229,474
607,221748483105564395,-48302131248054,1831,281,480
607,33487563065757125,19505958412024,883,152,348
607,1372053702254793415,-136639146355726,1627,257,469
607,2726124514266657449,463253236264054,1117,186,585
607,489978746721947678325,-27077386691945416,1069,179,739
607,6239889191005845,81933704216,883,152,541
607,33811652060511321535,13452423734443437,857,147,509
607,5287805394295607625,2688647361127862,1723,268,526
609,66323280786105546128821,10896534283267251666,1151,189,448
609,188200333624158625,22933197251033,857,147,309
610,32066245458148076175,30716313629366774,1609,253,705
610,222081803919508109577,185530400896365674,1453,230,537
611,60467102570916371,57946684450485,1559,245,219
611,36073793936926999407,-4719569719187810,1873,286,453
611,14248011077162863,568651109588,1741,270,426
611,86548682298267773121,-36444711040231840,1033,173,383
611,1139506347017577,-289047066685,1429,225,296
612,16090192660625083,5347141758108,1319,214,216
615,26460402445786179,29433311780741,1399,221,418
615,889897370786221647,572997571450439,1231,201,357
615,8555206374189462,4010477893585,587,106,298
615,1553766197008077,-996693227537,631,114,459
615,41201817900683271,601309439500,17,6,194
615,626690144802554697033,-21560766854303648,881,151,602
615,10110257726833672,4298940302181,1579,248,323
615,5436773161172553,-4896954652096,1091,181,339
615,13229434354203366,13949787200647,1759,273,371
616,31476693940962192131,33372076625643600,563,102,320
616,494806136772458875,322814206574208,1877,287,431
617,514487477083041045,-500661046002391,587,106,434
617,2977585405913687535,-3403624410198508,1303,212,472
617,900231925120155,-96987692858,197,44,176
617,286396326360887578204,132246887426029789,1549,243,423
617,1501799347413225765279,232587281508309905,607,110,386
617,1288401989737132252345,-82125941303790293,1289,208,300
617,116128892732720376033,-932415378918785,1223,199,453
618,502434185904968750,-20636828968297,653,118,290
618,7460178550215625,1335027849488,677,122,256
618,4782781946773611083213,2236223734771755828,1657,259,416
618,4747910404705625,1373617745356,1867,284,122
618,584441590653781250,617565857668163,599,108,489
618,2035525053191240,1295001636839,673,121,426
619,78714231187419811750,33763252715399547,1571,247,422
619,62856050313046273842,5740388195536357,809,139,673
619,23555354856718750,10535934713357,1753,272,209
619,37278411695407859847,-5670463401899678,1787,276,423
620,783535749982947,343715056790,1229,200,333
621,26825130378588542,3342424721005,487,92,398
621,5604642950269219905,-1110732089095328,1877,287,249
621,524600976765913867,16705389109248,1021,171,181
621,389641588331943610642,-426426356130869831,1627,257,625
621,21338016685027188562013,9166854571447159096,1811,279,537
621,6907681580439174581,-1735748979213962,1117,186,227
621,628316185361758638,187337232814225,877,150,468
622,257702516027871148143,74572642359295330,701,125,599
623,168600884356222175,89285429787003,1607,252,464
623,1221526423327028995,-182668889626002,1123,187,443
623,110709650529789432,34659709461247,1231,201,322
623,1053555075080062544,357581789842719,1693,263,572
623,226032702842663808982,-190548555081205293,877,150,332
623,86467522787753000,69626728012933,857,147,303
623,714150475286521,118276445694,1747,271,297
623,716413184058809710,238888621460229,743,131,345
624,851726939486883,-379116125948,1123,187,119
624,851988000283875,-118055328956,1831,281,270
624,440966225503281975,427394751448348,613,111,514
624,920619754677420875,-506891440049436,1867,284,432
624,133135404322526663057,132726420086710760,941,159,669
624,152365225593330462167,-55245104414682958,1823,280,708
624,11181145650870447175,-190010881121207,1093,182,515
624,7105910796645915861761,171983602794155000,1499,238,456
624,529436827147671905,278966612103854,1847,282,493
624,207059827253170889,-1944260747044,1039,174,321
624,2204745768873268803,2051615114100668,419,80,692
624,4213262560457004054,-401884548445241,863,149,687
624,181154030001673410549,-33541133560909136,1097,183,490
625,19731130066970127,12430898431663,1723,268,641
625,202204878682127937,88212204608681,1877,287,356
625,7401885614420360585580927,232917988736793737635,1783,275,1047
625,176403974986634787,168101167822265,491,93,418
626,4598084955935433804,5558112139890107,1301,211,347
626,585525356612331772,553494193391551,1777,274,544
626,238611904364445720,290034490062667,1291,209,388
626,2435301961216646197,554209527003115,821,141,355
627,28822258810702780495105,-22154639933578799978,1787,276,627
627,993852621025121,-90917858550,1051,176,172
628,18102687658795740,3657851002453,617,112,306
628,307689005956805879,5499224320000,257,54,198
628,13345074158779858992,14826653102037715,1109,185,704
628,307621462329865598,-62044402620281,1787,276,321
630,2614539934311725,-432087182488,1399,221,337
630,12448955124661964986,-926669671983107,1213,197,738
630,35736745398474415,-1205561946496,113,29,315
630,112411532123166305,-32264801084854,1307,213,204
630,14816943635116175,-1231153351032,677,122,358
630,2827126831767455581,342076532211328,773,136,403
630,871290402320819,-366938177252,1811,279,199
630,154159329427758475,-124019840400092,1381,220,428
630,54918856766551177,4444315172704,839,145,158
630,7549481649712198075,-10402464427571708,1489,236,693
630,940995192386806381,-1266392691608370,461,88,483
630,6269425405520505497,1337469998876936,977,164,456
630,159793001554607152990,10366125246256051,613,111,630
631,125504855850952875649,-115948931371558220,1783,275,449
632,12165459092942287,-657344544426,229,49,317
632,17783616608226469,2369507284350,1453,230,214
632,1247610876967697385,116014570021352,373,73,491
632,1012092970906100083,433596373551102,1867,284,280
632,44027428143825555,42237946758208,733,129,380
632,53677203496514552955,34924413414483536,1307,213,641
632,34668294507678975,41655416370638,1103,184,452
632,1537661550091057391,51603414852048,857,147,546
632,667916459793122925,651765952505512,827,143,750
632,1835552541049402175,340669210060314,613,111,313
632,377401504467872995,251894905784892,1637,258,400
632,1074700068330419167,1274256499860720,883,152,508
632,942794276707658375,388180357726068,1129,188,380
633,833662045833203125,-70152305459997,1607,252,295
633,14170825195312500,1852239467599,1697,264,415
636,794190852284887530,-150964678524067,787,137,505
638,141105118304810305,-51100096740957,1051,176,343
638,874168513700281701394,47773078029238285,1009,168,335
638,1263425001422332765111,-1122981127964215516,1123,187,618
641,579812836226572585,-258707828607009,1609,253,617
641,7800566576339687059,4970947695688125,1367,218,566
641,428967852913947074,23595835449525,1759,273,296
641,1118333658956154277,-8264671292856,971,163,506
641,817247186930815927,-126352419664410,1451,229,269
641,265527524824366519,-70643351674692,937,158,534
641,60428899841394909,-22014949277909,1607,252,406
641,13770499810444091627,-89959903536584,1493,237,318
643,84064513795090364,-95660880295,1229,200,183
643,5868189937687792,3217184945653,317,65,414
643,4117464808099129747,-1701055243432544,1429,225,511
643,1399326294629980528136,407128673172791717,829,144,517
643,3954240324214193299,-706302051589100,1789,277,377
643,13684003851967072,-932571097919,1321,215,264
643,757074888312321904,493403208585973,1013,169,578
644,84725936200798893,-118743117096452,1787,276,560
644,1829818106625318293,98711955947646,1663,260,296
644,172679176129373199,64138896413704,1559,245,239
644,833978774623215573,-424761289327613,941,159,535
644,585442962788211,307243354450,1693,263,151
644,4431048920987670509,2156660593533500,1123,187,317
645,128103138585564219,-75283069523941,1753,272,618
645,593318561666453469,493361511670729,1471,232,552
645,7063878577817238184,2048659757224869,1237,202,529
645,2239939789168182948,822985880861653,1667,261,548
646,616468489389375,417051747376,1721,267,274
646,104153760256673015,41067295175184,1129,188,283
646,1232101555561807,-1319722191,1069,179,298
646,3080437771890003,180583680008,947,160,387
646,6782813510310539,6247696248550,1553,244,379
646,1232404995692525,302120408527,1279,206,271
646,17601319072685443235,6273962192309796,1657,259,513
646,3308842314357487089,-2434162968257536,293,61,414
646,370675686353316375,-187279107167023,1471,232,458
646,40033941939889303,-9401506840632,1571,247,298
646,11701056887423575,-3920427774406,1231,201,342
646,35518780414877756563,16352115006996192,1787,276,474
646,1032071421365367602569,210521423962599528,953,161,511
646,19041819892812640625,6446521112513524,1283,207,352
646,1872278920799315625,714653242922663,1163,191,584
646,103815971423728769625,19312849741284112,809,139,599
647,25776600311787875,3197364286183,1607,252,373
647,40510082317722381,9020543076865,691,124,495
647,312551513113319833671,-234505057560700441,877,150,324
647,6832879365847775625,-754329946958711,607,110,454
647,1186792171591530911,1215636006453079,1439,227,509
648,143946527110010361,8563224916138,1709,266,400
648,87821507557788772218,-124588376003798035,1871,285,543
649,1485657222083017,160469360751,1861,283,105
649,20796960180276617,5642164893,643,116,315
650,4846484768854743,-6489222322552,859,148,496
650,3149850169658017098,270049383952643,523,98,546
650,22311155183173857,-12525176241700,1553,244,346
650,18464509037373165,23207870899444,1087,180,523
650,74729228731488396,-6570732641947,1489,236,488
650,975330308132539632,1823725502374255,761,134,764
650,16520743564419276,20631994416473,1873,286,897
650,237882330076933597,86604509246142,1481,233,262
650,951188914481168187,6012210418367,1609,253,478
650,47593791474543171,34646361005680,1117,186,290
650,513444094278122007,-553988435804,1733,269,440
651,3858009599663270815247,-1001116274855593949,1879,288,479
651,130098305385091375,94514293721894,821,141,565
653,648029400291081050,179420788010763,1087,180,184
653,139378166426868886,-84766594470741,1289,208,384
654,12684519756540794491,5429412391293964,1489,236,303
654,9460961286376461,-1688403944762,1663,260,265
654,613562550543663621,210802434660712,1543,242,324
654,1167404839516901946,57964083638345,809,139,299
654,11186162876878773,3031424680964,1423,223,202
654,40443267521931213,11946117831442,1153,190,219
654,55961043381684503,45386120695458,1609,253,285
654,8616493256087427,14084446704497,953,161,504
654,1444396129178911346,1772171845393985,1523,240,461
655,2030555987541003533,-56532730086016,1249,203,331
655,2030555987541003533,-56532730086016,1249,203,331
655,1328372659847014445668539,2129365395162856928,1153,190,412
655,1328372659847014445668539,2129365395162856928,1153,190,412
655,3387691331808885627,-184569163691803,1583,249,536
655,3387691331808885627,-184569163691803,1583,249,536
656,3141749855006866895,67554887993852,1181,193,456
656,3141749855006866895,67554887993852,1181,193,456
656,241868086921535383,200217681622072,1327,216,437
656,241868086921535383,200217681622072,1327,216,437
656,33746634124239465,9524173368376,1709,266,229
656,33746634124239465,9524173368376,1709,266,229
656,51749748735159563473,5972732347013440,709,126,266
656,51749748735159563473,5972732347013440,709,126,266
656,106038528787489831995,-17863161537309562,1579,248,426
656,106038528787489831995,-17863161537309562,1579,248,426
656,5760313766486237959,1595651606936155,1361,217,385
656,5760313766486237959,1595651606936155,1361,217,385
656,15060531515940415413293,6395493334908835607,1753,272,529
656,15060531515940415413293,6395493334908835607,1753,272,529
656,194173556122526057,13045793023055,1279,206,484
656,194173556122526057,13045793023055,1279,206,484
657,17053697074502296,3423222221305,1217,198,394
657,5171912946896916674142,-1647588511691977133,1109,185,473
657,8929765951069275,-1329876316006,1657,259,284
657,3961080417992036508,-266540354580401,661,120,516
657,259074795676417110,73016682243961,1451,229,380
657,294592725689818508,-133436613895765,1483,234,546
657,96638625595989880,20407099730931,1607,252,449
657,12023522623108869652,3079557250770997,1249,203,416
658,400058360647398479,381736985993356,1237,202,476
658,1549115028470690655177,1060234716403358765,1811,279,889
658,32786721955208741,-2712801935360,1697,264,215
658,59168432429929244877,-16497306715857428,1693,263,552
659,217189330348996985783,9492376955049792,1319,214,238
659,26897107679346905,-3949610301261,911,155,342
659,154857295147846291,-116187064257274,691,124,396
659,1170253871822035,642685315593,1367,218,284
659,197692604625461825,28314105873127,991,166,506
660,17800898916638250625,-1257509274281856,1511,239,468
660,3973960335313925,-400646080847,1787,276,286
660,993482980274675,-107265074018,1627,257,360
660,1179383918307509671250,-28568316541242303,1061,177,589
660,117243575894295877,-73056849897,863,149,394
660,13901994777057875,-8268657823827,379,74,495
661,2628166630075390625,2440605408207836,1567,246,413
661,29528947228741796875,35326998177859966,1747,271,614
661,160984411117959181,-905404975916,1409,222,369
661,1849096262436925,-1309674608306,1163,191,250
661,3386797476822093750,-62189949694057,1567,246,356
661,768737688534765625,-414379297035394,1759,273,362
661,769106432935546875,-45634896254144,601,109,364
661,194925265193705030189829,119601337860509518154,1831,281,461
661,125192437893756675,-18363846303956,883,152,308
661,1246650950385140625,94150795670008,1399,221,300
662,31622779846189980734,17148834047135019,1777,274,514
662,1377372713251588361,-1002521148770150,863,149,377
663,251818282111038461,420223090326924,1831,281,427
663,41202692256965067059,19119315572140725,277,58,316
663,206705721786522359401,45458705851403632,1787,276,637
663,5292416129913328561981,133113426676392771,1279,206,412
663,22271828829436424557,-122381753298413,1049,175,608
664,6043057731610976256,2713005155240221,1847,282,528
664,209269234746921544,60537515219559,1433,226,347
666,452562751981976779,-259155581171109,1657,259,438
666,14112576802367946151766,-5476330266656003555,1783,275,383
666,976145062932611,235779391344,1307,213,151
667,361183468972360214439,304689396701395264,1163,191,517
667,10642829884861581,5282955586450,1163,191,485
667,110894850017051779,139214341657768,1181,193,516
667,1879401145774945,2186981785216,1229,200,408
667,55408695361661010966359,54136207455838208669,1579,248,769
667,53176890204906039,-10844441469616,1583,249,351
667,74871112827477434954395,11142145493960213641,1367,218,660
667,10639728556107651,2181626832520,1103,184,493
667,138259846353203785,-28263727372918,1319,214,393
667,16276850132329395,7660711085077,701,125,385
667,276696867331340487,120647170187081,1433,226,324
667,1435652699838985089,209602441505647,1531,241,488
667,10649798285576435,12251356301304,1699,265,542
668,256555655298347939,108544778564604,1093,182,366
668,5778515547510391466,197094544290355,1307,213,376
668,87095303259070484930838,-62088741862243918259,1451,229,622
670,41015740212112500,-27870983267479,1009,168,453
672,821085349851607500,-491559140206571,1511,239,758
672,40828311234215505,19523935863893,1619,255,474
672,1009591821060151329,774593875900450,1307,213,649
672,418607278342760000,317208534655977,1361,217,406
672,73896991549062500,81096877044143,1741,270,375
672,517544176993593750000,772301237742699341,1709,266,644
672,3001181433208728,535308329933,1039,174,360
672,418290919169970210,849361866187,1301,211,617
672,73822805453982200,6910781963843,1291,209,707
673,591775362455878887,326456114287925,1399,221,249
673,861988844018841,-181573388726,701,125,147
673,523889323444887575,-310290338913161,1741,270,492
673,234407556814081849,-102796720776375,1049,175,293
673,358833545871092333217,18910236080729425,1619,255,586
673,193269051860897375,142878361602367,1231,201,637
675,967533573458818795,-267025542450317,1297,210,438
675,760616520202196,-233007314525,1031,172,268
675,32846458794790924004,-1697856688471729,1087,180,532
675,3320881637295092145,-987399842911741,773,136,460
675,6847790123660512,144376010023,521,97,325
675,243246699762903116269,6149213917479453,1811,279,709
675,761040760708580,191233191859,1487,235,241
675,7685513574255982940,172496809584119,1061,177,296
675,2284243530832588,1694948282425,1013,169,418
675,5327310408702997,1363716085950,907,154,214
675,6091976287896297,5180067762529,733,129,313
675,33481774471965495,4395261229771,1699,265,368
675,27386866926624205,-3716063977751,1069,179,385
675,1615105793817220705,-938602628294699,1861,283,563
675,6090798568759707,4002348625939,1483,234,506
675,8242258343680264955,-2307136490923801,1523,240,782
676,418871996909921341,270065989512040,1013,169,279
676,1836959199632466607,1550733289133518,347,68,240
676,14815579536277754355,22501042587471424,1657,259,668
677,20645444427312400,-237255865121,331,66,375
677,764654031904576,-845250147,1231,201,218
677,22220434773094272,45443335607305,733,129,622
677,20638425046832450,-7256636345071,1187,194,306
677,3823052470165929,-221915607686,1613,254,436
677,764608829717375,-46047437348,991,166,704
677,20632113112658696,-13568570518825,751,132,366
677,2296332118480400,2367487016231,941,159,379
677,764586831465600,-68045689123,1061,177,300
677,909223001097788520,48352160822873,1487,235,428
677,11471481363429604,1658206108759,1657,259,463
677,1243548610897477632,984435521052757,1511,239,685
677,9935503122555780,-5010280455619,241,52,497
677,9948287058823872,7773655812473,1381,220,295
677,31365653343460590,14803380116947,1753,272,614
677,2295887383656064,1922752191895,1747,271,400
677,31364816178627360,13966215283717,1531,241,356
677,156897903021956096,143653205237881,1549,243,599
677,19111769589051216,-4602339816859,1723,268,332
677,336431773747507203,-16372200570917,1283,207,479
677,8416104514563215,4900865861262,1471,232,314
677,2500455189382832240,2327705718352199,1033,173,433
677,764583206542848,-71670611875,1487,235,323
677,3059036203687165,416695068273,1321,215,349
677,71165869302344284,52965726955045,709,126,516
677,34406591180624663,-2878291337872,911,155,548
677,1529282530287369,-27224022077,613,111,347
677,288366320047774203,91431360443632,929,157,412
677,764736757022745,81879868022,1429,225,200
677,765678341041210,1023463886487,887,153,387
677,765446709417984,791832263261,1249,203,263
677,764881347069450,226469914727,911,155,286
677,2294049800594552,85169130383,1259,204,290
678,28892759477068020754,14118754184959539,859,148,410
678,235010336699384048,152586459580113,1051,176,374
679,27139296443218505,-33304942120857,1063,178,616
680,28839739287280361,20384451384370,829,144,275
680,296438036365505506703,432885043053680656,1873,286,564
680,4214232729369299648,4270218882331233,1861,283,525
681,9801906915232894,-1510105792871,1879,288,469
681,970717053859822598,178768778271863,1439,227,552
681,1961044559171929,361154966776,1301,211,125
681,226653905788239174707,113277460702121832,1291,209,522
683,22589475020868334979785,28144442237602749208,967,162,602
683,6571201427360589773,7252402010371392,1031,172,360
683,25596246181853783095,15006106773485373,571,104,420
684,735087498992128,-65590465705,431,82,303
684,46327008088655360,12363452811881,1213,197,578
684,229450400573752508416,45143855346262933,797,138,467
684,143330328977604608,-24523466672827,1741,270,795
684,1260767981719432192,-19566700751403,443,85,311
684,152351398473236480,174708955465049,1871,285,586
684,2207157128213248,1697859839749,1597,250,291
684,219769165621755904,-41608126136163,733,129,721
684,353517008760356864,-91627268860809,797,138,604
684,33093136774706608,11247749104123,283,60,357
684,518234347616651008,-48580451121257,1447,228,336
684,33089761265512448,7872239909963,887,153,544
684,3672994404191056,-2771043098109,457,87,346
684,108821227889679400172,45771314230055993,1237,202,429
684,81650825423475968,48832493656505,1381,220,520
684,373719872576246335678,-9168358342768699,1153,190,456
684,1332801324067280864,-31227119770365,1433,226,344
684,103745878898507776,89293284953323,547,100,583
686,30535009356327413795,13914792355654481,1151,189,445
686,1443379963224287,97485143625,673,121,388
686,28233180130900606159375,39929175099302092928,1699,265,689
687,55704720200374414,7803628865099,1303,212,253
687,15830581331175652,931358220373,647,117,283
687,7274030056057909010,8220718471435949,1031,172,477
687,586239576921580,-43755410097,1033,173,322
687,652739648491586132,206299606429631,577,105,473
687,109754720300415996,119737154392397,1423,223,471
687,11304535534099764292587,8655023615274419300,1637,258,712
687,595088149934474433,10567617822278,1373,219,306
687,1173010469151845,443804488491,569,103,197
687,120151713035426913,-36370092566872,1429,225,294
687,841303904229172962,-12677666783533,1699,265,356
687,594973772226827739,-103810089824416,701,125,273
687,697070691100763139,-20191041600814,1439,227,452
687,44154593810165188525,16839418907217257,631,114,1024
688,19202791970621875,15621243837648,1361,217,464
688,19202791970621875,15621243837648,1361,217,464
688,1424015335249177099,1518195160001649,1381,220,395
688,1424015335249177099,1518195160001649,1381,220,395
688,661571974487775,-54602297888,827,143,221
688,661571974487775,-54602297888,827,143,221
688,661629042221875,2465436212,1279,206,223
688,661629042221875,2465436212,1279,206,223
688,50405974888844765625,21126186886171186,1459,231,430
688,50405974888844765625,21126186886171186,1459,231,430
688,662010055009121,383478223458,1693,263,208
688,662010055009121,383478223458,1693,263,208
690,599367223629328,-368687866623,1879,288,296
690,29488939005878404624,13718163586900827,1619,255,462
690,1105655108460424061308912,787609075609043175065,1877,287,487
690,5335617484833370834,-232919746105213,1277,205,233
691,1561787330617529296875,336502283660539303,1733,269,452
691,387851927115919921875,-192941033850282722,1549,243,557
691,35956816029052734375,11525615037640373,1439,227,370
691,634594262695312500,-52112007433337,593,107,498
691,48130035400390625,-11502736172889,1213,197,483
694,22305575587503325,11126392575243,1069,179,284
695,3416694648176173,3027713319055,1283,207,338
695,573438512270187018,511411703334047,1123,187,623
695,6265995470089173,7606089517790,1831,281,646
695,569257114994064,312625851211,1381,220,307
695,54099340745272488,49614276701453,1471,232,609
695,3352736247803217639,2791095730099175,1783,275,527
695,2846428031705804,1705585991539,827,143,271
695,569483248553856,538759411003,467,90,290
695,13096416894842736,10693644557117,1481,233,384
695,9681187489075557,9131173647056,1871,285,491
696,15638967540550842,8528597476045,1483,234,339
696,641741723956324310,893727290257633,1301,211,419
696,15654200753482005,23761810407208,1733,269,502
696,4415529715363867854,1987350648273859,929,157,287
697,1802648883339587,77999767664,1163,191,116
697,601667490579519,810529388878,1831,281,252
697,41503850608662533,44720286508304,1171,192,208
698,16184464058191269897,11952039165692800,577,105,434
698,10827637385945258601,-254711196371612,821,141,363
699,192656292541804597407,-52307699751747776,1249,203,404
