bit_length,semiprime,lattice_dimension,precision_parameter,smoothness_bound,sr_pairs,ground_truth_sr_pairs
20,568759,7,4,49,11,14
20,707309,7,4,49,4,4
20,663889,7,4,49,3,5
20,937361,7,4,49,2,2
20,538243,7,4,49,11,12
20,864371,7,4,49,4,4
20,596867,7,4,49,3,4
20,877069,7,4,49,5,6
20,750011,7,4,49,6,7
20,869107,7,4,49,4,4
20,636683,7,4,49,5,6
20,576139,7,4,49,4,4
20,898343,7,4,49,3,5
20,679841,7,4,49,2,2
20,684781,7,4,49,9,10
20,658627,7,4,49,3,4
20,533153,7,4,49,1,1
20,577519,7,4,49,5,8
20,880697,7,4,49,3,5
20,541039,7,4,49,11,11
20,645721,7,4,49,0,0
20,679141,7,4,49,4,4
20,545869,7,4,49,7,9
20,860677,7,4,49,11,11
20,555911,7,4,49,8,8
20,598337,7,4,49,4,7
20,722879,7,4,49,4,4
20,555787,7,4,49,5,5
20,680429,7,4,49,2,3
20,740813,7,4,49,1,2
20,779431,7,4,49,5,5
20,767849,7,4,49,6,7
20,625357,7,4,49,9,9
20,707309,7,4,49,2,3
20,621077,7,4,49,6,7
20,617581,7,4,49,8,8
20,954803,7,4,49,7,8
20,581387,7,4,49,11,11
20,811313,7,4,49,4,4
20,916243,7,4,49,4,4
20,824851,7,4,49,3,3
20,648103,7,4,49,4,4
20,545323,7,4,49,3,5
20,744647,7,4,49,5,5
20,625357,7,4,49,7,9
20,563833,7,4,49,2,2
20,627239,7,4,49,8,11
20,529409,7,4,49,13,14
20,932531,7,4,49,6,11
20,637757,7,4,49,3,3
20,770141,7,4,49,12,12
20,559327,7,4,49,1,2
20,636179,7,4,49,14,16
20,667397,7,4,49,7,10
20,528277,7,4,49,5,6
20,733549,7,4,49,3,3
20,985793,7,4,49,6,10
20,593609,7,4,49,3,3
20,735887,7,4,49,6,6
20,612211,7,4,49,9,10
20,664831,7,4,49,2,2
20,764329,7,4,49,5,7
20,679841,7,4,49,2,2
20,948667,7,4,49,0,0
20,858929,7,4,49,10,10
20,559619,7,4,49,5,5
20,664189,7,4,49,6,6
20,712337,7,4,49,7,7
20,886139,7,4,49,1,1
20,786143,7,4,49,4,4
20,590783,7,4,49,7,9
20,606007,7,4,49,3,4
20,824737,7,4,49,8,8
20,735803,7,4,49,2,3
20,641071,7,4,49,1,2
20,664931,7,4,49,3,4
20,658661,7,4,49,2,2
20,610411,7,4,49,2,2
20,668683,7,4,49,4,8
20,744647,7,4,49,10,10
20,736451,7,4,49,7,9
20,690077,7,4,49,3,3
20,877069,7,4,49,2,2
20,530821,7,4,49,9,11
20,777083,7,4,49,13,13
20,646127,7,4,49,1,1
20,533087,7,4,49,5,5
20,525689,7,4,49,3,4
20,716957,7,4,49,5,5
20,722879,7,4,49,5,5
20,945433,7,4,49,6,6
20,701111,7,4,49,9,10
20,634801,7,4,49,5,5
20,941077,7,4,49,13,15
20,731123,7,4,49,1,1
20,668197,7,4,49,8,8
20,589397,7,4,49,10,11
20,637579,7,4,49,4,4
20,695683,7,4,49,12,13
20,707309,7,4,49,4,7
20,645797,7,4,49,6,6
20,620131,7,4,49,8,8
20,659389,7,4,49,3,3
20,652133,7,4,49,2,2
20,816721,7,4,49,6,10
20,750089,7,4,49,4,5
20,545323,7,4,49,12,12
20,760159,7,4,49,10,10
20,997517,7,4,49,4,4
20,728347,7,4,49,26,28
20,727033,7,4,49,11,12
20,1001677,7,4,49,1,1
20,954493,7,4,49,4,5
20,705917,7,4,49,7,7
20,724943,7,4,49,7,7
20,732661,7,4,49,3,3
20,531941,7,4,49,4,6
20,567311,7,4,49,8,8
20,773621,7,4,49,1,1
20,771383,7,4,49,5,8
20,818537,7,4,49,2,2
20,946651,7,4,49,2,3
20,732443,7,4,49,2,4
20,618517,7,4,49,3,3
20,529651,7,4,49,9,9
20,557983,7,4,49,12,12
20,536713,7,4,49,1,1
20,681199,7,4,49,8,8
20,594851,7,4,49,2,2
20,612701,7,4,49,4,5
20,958297,7,4,49,2,2
20,555991,7,4,49,4,5
20,594593,7,4,49,4,6
20,671521,7,4,49,2,2
20,735577,7,4,49,5,6
20,722879,7,4,49,3,3
20,627239,7,4,49,7,7
20,871921,7,4,49,2,2
20,551987,7,4,49,0,0
20,595489,7,4,49,2,4
20,818449,7,4,49,5,7
20,587663,7,4,49,10,15
20,567191,7,4,49,9,12
20,761933,7,4,49,7,7
20,660293,7,4,49,5,5
20,884893,7,4,49,2,2
20,621787,7,4,49,7,7
20,565073,7,4,49,1,1
20,685603,7,4,49,7,10
20,803527,7,4,49,9,9
20,921071,7,4,49,11,11
20,746789,7,4,49,7,7
20,798947,7,4,49,12,13
20,641939,7,4,49,8,8
20,659389,7,4,49,5,6
20,734099,7,4,49,5,5
20,731123,7,4,49,10,10
20,684781,7,4,49,4,4
20,616571,7,4,49,8,8
20,566609,7,4,49,1,2
20,949469,7,4,49,2,3
20,674459,7,4,49,1,1
20,618391,7,4,49,3,4
20,697219,7,4,49,4,4
20,546311,7,4,49,6,6
20,899777,7,4,49,4,6
20,728587,7,4,49,10,11
20,692831,7,4,49,2,2
20,559063,7,4,49,14,15
20,546311,7,4,49,5,5
20,624647,7,4,49,16,17
20,594851,7,4,49,2,2
20,712529,7,4,49,0,4
20,592771,7,4,49,9,12
20,691783,7,4,49,15,16
20,861103,7,4,49,2,3
20,597851,7,4,49,1,1
20,581593,7,4,49,5,7
20,559063,7,4,49,10,10
20,601537,7,4,49,8,9
20,902059,7,4,49,8,9
20,754729,7,4,49,5,5
20,636679,7,4,49,6,6
20,550897,7,4,49,6,6
20,545339,7,4,49,11,14
20,538243,7,4,49,12,14
20,630601,7,4,49,4,5
20,864371,7,4,49,5,7
20,934189,7,4,49,6,6
20,760973,7,4,49,9,12
20,651611,7,4,49,14,14
20,576599,7,4,49,11,12
20,539069,7,4,49,3,3
20,581543,7,4,49,1,3
20,797191,7,4,49,9,10
20,720457,7,4,49,1,1
20,777083,7,4,49,1,3
20,583201,7,4,49,3,5
20,614039,7,4,49,6,7
20,596867,7,4,49,14,14
20,700313,7,4,49,3,3
20,888929,7,4,49,2,2
20,712529,7,4,49,0,0
20,749687,7,4,49,3,3
20,607559,7,4,49,0,1
20,980051,7,4,49,3,4
20,783907,7,4,49,6,11
20,571511,7,4,49,11,11
20,614777,7,4,49,4,4
20,612211,7,4,49,1,3
20,708523,7,4,49,2,4
20,690199,7,4,49,4,4
20,670907,7,4,49,8,9
20,653483,7,4,49,5,5
20,568003,7,4,49,0,0
20,647467,7,4,49,14,14
20,545323,7,4,49,9,10
20,566003,7,4,49,10,11
20,716843,7,4,49,1,2
20,610381,7,4,49,0,0
20,756611,7,4,49,6,6
20,593039,7,4,49,3,3
20,723253,7,4,49,13,14
20,648113,7,4,49,3,4
20,601063,7,4,49,5,7
20,568861,7,4,49,3,3
20,884893,7,4,49,4,4
20,545107,7,4,49,14,17
20,888673,7,4,49,4,5
20,853751,7,4,49,1,1
20,563879,7,4,49,18,19
20,924233,7,4,49,5,5
20,878357,7,4,49,2,2
20,585223,7,4,49,3,6
20,875053,7,4,49,3,3
20,529651,7,4,49,6,6
20,592283,7,4,49,1,1
20,573037,7,4,49,7,8
20,555641,7,4,49,6,8
20,544163,7,4,49,2,2
20,702463,7,4,49,3,4
20,622001,7,4,49,8,8
20,828263,7,4,49,5,5
20,860411,7,4,49,13,13
20,864371,7,4,49,0,0
20,573043,7,4,49,9,11
20,807791,7,4,49,5,7
20,545869,7,4,49,15,15
20,591221,7,4,49,4,5
20,625249,7,4,49,6,8
20,620969,7,4,49,6,6
20,640603,7,4,49,6,6
20,749977,7,4,49,5,7
20,600757,7,4,49,13,14
20,926047,7,4,49,3,4
20,974069,7,4,49,5,7
20,732443,7,4,49,8,9
20,567311,7,4,49,5,5
20,750089,7,4,49,4,5
20,546773,7,4,49,4,4
20,552533,7,4,49,5,6
20,854429,7,4,49,1,3
20,650899,7,4,49,3,4
20,547279,7,4,49,10,10
20,558443,7,4,49,11,11
20,528007,7,4,49,5,5
20,713809,7,4,49,5,5
20,581717,7,4,49,17,18
20,770699,7,4,49,14,14
20,537851,7,4,49,12,12
20,617581,7,4,49,5,6
20,645797,7,4,49,6,7
20,631451,7,4,49,10,11
20,598991,7,4,49,1,3
20,664831,7,4,49,1,5
20,547693,7,4,49,2,2
20,644251,7,4,49,6,6
20,799067,7,4,49,5,7
20,937361,7,4,49,5,7
20,723253,7,4,49,9,9
20,761029,7,4,49,6,7
20,658523,7,4,49,4,5
20,842603,7,4,49,1,1
20,613621,7,4,49,5,8
20,879763,7,4,49,8,8
20,864713,7,4,49,1,1
20,726437,7,4,49,8,8
20,625873,7,4,49,2,2
20,874369,7,4,49,7,7
20,773887,7,4,49,3,3
20,638611,7,4,49,9,11
20,544283,7,4,49,9,11
20,926047,7,4,49,10,11
20,1017937,7,4,49,5,6
20,532409,7,4,49,2,2
20,699359,7,4,49,2,3
20,563677,7,4,49,2,2
20,525227,7,4,49,17,17
20,702157,7,4,49,3,3
20,664831,7,4,49,9,9
20,526261,7,4,49,3,3
20,539569,7,4,49,4,4
20,644849,7,4,49,2,2
20,628883,7,4,49,0,0
20,687133,7,4,49,7,7
20,807791,7,4,49,1,1
20,841499,7,4,49,0,0
20,555817,7,4,49,19,19
20,586199,7,4,49,7,7
20,661631,7,4,49,4,4
20,588139,7,4,49,5,5
20,848059,7,4,49,2,2
20,678751,7,4,49,6,6
20,713809,7,4,49,5,6
20,601063,7,4,49,3,3
20,573431,7,4,49,8,8
20,604391,7,4,49,9,10
20,834443,7,4,49,13,14
20,568861,7,4,49,4,4
20,538243,7,4,49,2,2
20,814733,7,4,49,13,13
20,637331,7,4,49,5,6
20,573697,7,4,49,1,1
20,659389,7,4,49,3,7
20,680957,7,4,49,4,8
20,722471,7,4,49,4,4
20,646769,7,4,49,1,3
20,877069,7,4,49,4,5
20,532459,7,4,49,4,4
20,545359,7,4,49,5,6
20,812909,7,4,49,3,3
20,636679,7,4,49,0,0
20,835781,7,4,49,3,3
20,628723,7,4,49,3,5
20,592997,7,4,49,5,6
20,759541,7,4,49,2,2
20,532409,7,4,49,1,1
20,594437,7,4,49,3,4
20,706939,7,4,49,6,8
20,598991,7,4,49,7,7
20,567311,7,4,49,3,5
20,715667,7,4,49,3,3
20,920639,7,4,49,4,5
20,579233,7,4,49,14,14
20,794083,7,4,49,15,16
20,651359,7,4,49,4,7
20,851269,7,4,49,5,5
20,898837,7,4,49,1,1
20,593771,7,4,49,3,3
20,624781,7,4,49,3,3
20,603241,7,4,49,7,13
20,636683,7,4,49,1,2
20,558697,7,4,49,4,5
20,630563,7,4,49,3,5
20,603089,7,4,49,2,2
20,717583,7,4,49,11,12
20,835781,7,4,49,2,2
20,594593,7,4,49,9,10
20,618517,7,4,49,5,6
20,688819,7,4,49,5,6
20,591037,7,4,49,1,1
20,782303,7,4,49,8,8
20,534757,7,4,49,3,5
20,573037,7,4,49,5,5
20,776981,7,4,49,11,11
20,704129,7,4,49,6,6
20,681157,7,4,49,5,7
20,710113,7,4,49,12,14
20,579419,7,4,49,3,4
20,604777,7,4,49,3,3
20,638611,7,4,49,3,5
20,915749,7,4,49,0,0
20,623039,7,4,49,7,8
20,572317,7,4,49,11,15
20,581671,7,4,49,7,9
20,742267,7,4,49,9,12
20,544163,7,4,49,4,4
20,702619,7,4,49,6,7
20,856829,7,4,49,4,5
20,573499,7,4,49,5,8
20,760013,7,4,49,7,10
20,545323,7,4,49,5,10
20,675677,7,4,49,8,9
20,739591,7,4,49,3,4
20,532339,7,4,49,3,4
20,783907,7,4,49,2,3
20,643063,7,4,49,4,6
20,926213,7,4,49,1,1
20,688439,7,4,49,17,18
20,707309,7,4,49,10,10
20,624647,7,4,49,8,8
20,664831,7,4,49,5,11
20,580949,7,4,49,0,1
20,888673,7,4,49,7,8
20,551891,7,4,49,10,10
20,598573,7,4,49,1,2
20,715667,7,4,49,7,7
20,577021,7,4,49,9,9
20,849859,7,4,49,10,11
20,604391,7,4,49,8,8
20,1028171,7,4,49,2,2
20,639889,7,4,49,9,9
20,955523,7,4,49,3,3
20,950141,7,4,49,4,5
20,607559,7,4,49,5,5
20,937361,7,4,49,5,6
20,624629,7,4,49,7,7
20,804509,7,4,49,3,3
20,633779,7,4,49,4,4
20,919537,7,4,49,1,1
20,645721,7,4,49,1,1
20,702157,7,4,49,11,11
20,745289,7,4,49,3,5
20,658523,7,4,49,17,19
20,937361,7,4,49,6,7
20,870913,7,4,49,5,6
20,584533,7,4,49,4,5
20,586829,7,4,49,6,7
20,563659,7,4,49,6,9
20,619481,7,4,49,4,7
20,574069,7,4,49,16,16
20,551891,7,4,49,8,8
20,568003,7,4,49,4,4
20,802117,7,4,49,8,9
20,586829,7,4,49,2,4
20,723301,7,4,49,5,5
20,834521,7,4,49,1,4
20,595489,7,4,49,8,10
20,767849,7,4,49,4,6
20,639077,7,4,49,4,6
20,572317,7,4,49,13,14
20,641939,7,4,49,6,6
20,751561,7,4,49,0,1
20,894983,7,4,49,5,5
20,616747,7,4,49,10,10
20,597203,7,4,49,7,7
20,705917,7,4,49,9,10
20,579727,7,4,49,5,8
20,597953,7,4,49,8,8
20,660761,7,4,49,5,6
20,663889,7,4,49,4,11
20,733763,7,4,49,2,5
20,692831,7,4,49,5,5
20,685603,7,4,49,2,2
20,732443,7,4,49,2,4
20,611161,7,4,49,6,7
20,525851,7,4,49,3,3
20,601793,7,4,49,6,6
20,553387,7,4,49,6,9
20,680671,7,4,49,0,0
20,536033,7,4,49,6,6
20,959311,7,4,49,8,9
20,673703,7,4,49,4,5
20,848059,7,4,49,4,4
20,862717,7,4,49,4,4
20,769277,7,4,49,6,7
20,925219,7,4,49,1,1
20,851567,7,4,49,1,1
20,594259,7,4,49,2,2
20,574069,7,4,49,4,7
20,539569,7,4,49,2,2
20,748747,7,4,49,3,4
20,800881,7,4,49,3,3
20,799261,7,4,49,3,3
20,660571,7,4,49,4,4
20,644773,7,4,49,6,7
20,785539,7,4,49,13,13
20,704203,7,4,49,1,1
20,593039,7,4,49,7,9
20,782303,7,4,49,3,3
20,805963,7,4,49,5,8
20,533131,7,4,49,9,11
20,655957,7,4,49,5,5
20,714319,7,4,49,8,8
20,606239,7,4,49,10,10
20,688819,7,4,49,12,12
20,868183,7,4,49,3,3
20,680429,7,4,49,2,3
20,652133,7,4,49,10,10
20,580189,7,4,49,1,1
20,526451,7,4,49,5,5
20,824023,7,4,49,5,5
20,877069,7,4,49,5,6
20,671423,7,4,49,3,4
20,629107,7,4,49,3,5
20,606191,7,4,49,7,7
20,864089,7,4,49,1,2
20,830407,7,4,49,15,16
20,716843,7,4,49,0,0
20,760973,7,4,49,5,5
20,557993,7,4,49,3,3
20,667397,7,4,49,6,7
20,532409,7,4,49,4,4
20,536033,7,4,49,8,9
20,647123,7,4,49,11,12
20,545803,7,4,49,1,1
20,796153,7,4,49,6,8
20,652133,7,4,49,12,12
20,551891,7,4,49,3,3
20,856829,7,4,49,5,6
30,563939053,10,4,100,5,6
30,564323827,10,4,100,2,3
30,715212119,10,4,100,3,3
30,694529093,10,4,100,5,5
30,690933469,10,4,100,4,4
30,565162307,10,4,100,7,11
30,581710007,10,4,100,7,7
30,545719529,10,4,100,2,2
30,818404439,10,4,100,2,3
30,741552941,10,4,100,8,8
30,654404291,10,4,100,3,3
30,811071637,10,4,100,3,4
30,774596531,10,4,100,1,1
30,681947947,10,4,100,4,8
30,668428091,10,4,100,0,0
30,665382103,10,4,100,7,13
30,742276453,10,4,100,1,1
30,884168293,10,4,100,0,0
30,595735597,10,4,100,10,12
30,613644797,10,4,100,12,15
30,575755291,10,4,100,6,6
30,555925141,10,4,100,4,7
30,867640859,10,4,100,12,13
30,640059169,10,4,100,9,9
30,665759807,10,4,100,1,3
30,560912731,10,4,100,1,2
30,679633607,10,4,100,0,0
30,723596101,10,4,100,6,10
30,730508287,10,4,100,4,4
30,873350111,10,4,100,1,1
30,819964709,10,4,100,1,1
30,755278981,10,4,100,3,5
30,739992947,10,4,100,6,6
30,741975907,10,4,100,2,2
30,564900247,10,4,100,2,2
30,680522131,10,4,100,3,7
30,602135993,10,4,100,2,3
30,855779579,10,4,100,2,4
30,738698629,10,4,100,1,1
30,639803821,10,4,100,6,9
30,764936363,10,4,100,2,2
30,571592279,10,4,100,3,3
30,547674331,10,4,100,3,4
30,639979427,10,4,100,5,6
30,1001436509,10,4,100,7,8
30,541831159,10,4,100,4,5
30,573222187,10,4,100,5,6
30,661007519,10,4,100,1,1
30,581213681,10,4,100,6,6
30,859389059,10,4,100,4,6
30,686178011,10,4,100,1,1
30,697094693,10,4,100,7,11
30,648775667,10,4,100,2,2
30,662964901,10,4,100,6,6
30,611918873,10,4,100,5,9
30,817119119,10,4,100,0,0
30,751289137,10,4,100,9,12
30,612242101,10,4,100,3,3
30,551429777,10,4,100,6,7
30,600365531,10,4,100,9,10
30,563628101,10,4,100,24,26
30,728130833,10,4,100,6,8
30,923743333,10,4,100,13,13
30,668678579,10,4,100,0,0
30,572345849,10,4,100,19,24
30,767891557,10,4,100,5,6
30,889805771,10,4,100,4,4
30,898213441,10,4,100,8,9
30,779732911,10,4,100,13,16
30,741960619,10,4,100,7,8
30,605691497,10,4,100,5,6
30,604821353,10,4,100,5,7
30,724091699,10,4,100,3,3
30,670687177,10,4,100,4,4
30,629628421,10,4,100,1,1
30,632579509,10,4,100,1,2
30,640589107,10,4,100,2,2
30,628916191,10,4,100,1,1
30,893598163,10,4,100,5,6
30,556418417,10,4,100,2,3
30,757303181,10,4,100,1,1
30,843424537,10,4,100,1,1
30,780900737,10,4,100,6,7
30,591898519,10,4,100,0,0
30,762727529,10,4,100,12,12
30,557702207,10,4,100,4,4
30,750334799,10,4,100,6,6
30,612340193,10,4,100,7,9
30,702595207,10,4,100,4,4
30,630427261,10,4,100,3,3
30,603928531,10,4,100,3,4
30,891510397,10,4,100,5,6
30,712755587,10,4,100,6,6
30,1001829223,10,4,100,2,4
30,592337089,10,4,100,7,10
30,782341979,10,4,100,10,11
30,708725483,10,4,100,0,0
30,783209419,10,4,100,1,1
30,973950841,10,4,100,0,0
30,839884733,10,4,100,1,1
30,596536933,10,4,100,2,3
30,873551807,10,4,100,10,13
30,569960057,10,4,100,14,19
30,865910063,10,4,100,8,9
30,644110997,10,4,100,2,2
30,680895731,10,4,100,0,0
30,638950489,10,4,100,13,13
30,617550937,10,4,100,17,18
30,788893643,10,4,100,3,3
30,679214749,10,4,100,8,13
30,617755291,10,4,100,8,12
30,799688707,10,4,100,1,2
30,690247157,10,4,100,7,7
30,892345081,10,4,100,0,0
30,604738579,10,4,100,1,1
30,552163489,10,4,100,4,5
30,537653503,10,4,100,4,8
30,736412323,10,4,100,2,2
30,586426861,10,4,100,9,9
30,920714689,10,4,100,7,7
30,811584583,10,4,100,3,3
30,758696083,10,4,100,2,2
30,574057271,10,4,100,2,2
30,940178861,10,4,100,2,2
30,618810547,10,4,100,1,1
30,573774373,10,4,100,3,3
30,753198337,10,4,100,12,14
30,614781143,10,4,100,2,4
30,814473307,10,4,100,12,18
30,682621567,10,4,100,1,1
30,966512011,10,4,100,5,6
30,618009193,10,4,100,5,5
30,838423123,10,4,100,3,4
30,642241777,10,4,100,13,18
30,602848711,10,4,100,3,3
30,808357937,10,4,100,7,7
30,658800763,10,4,100,3,3
30,602753237,10,4,100,8,9
30,597926983,10,4,100,3,3
30,574701887,10,4,100,4,6
30,564594617,10,4,100,10,10
30,618671329,10,4,100,7,9
30,596652137,10,4,100,12,14
30,651981917,10,4,100,2,2
30,831568901,10,4,100,1,1
30,567476047,10,4,100,8,9
30,828945563,10,4,100,0,0
30,747099389,10,4,100,1,2
30,615847387,10,4,100,5,5
30,559311433,10,4,100,3,3
30,717588073,10,4,100,4,4
30,614438501,10,4,100,1,1
30,794216099,10,4,100,5,5
30,570207311,10,4,100,3,6
30,787620241,10,4,100,3,3
30,654598067,10,4,100,7,8
30,791244947,10,4,100,1,1
30,649041331,10,4,100,2,4
30,978459749,10,4,100,7,7
30,594318811,10,4,100,3,3
30,732867269,10,4,100,1,1
30,715104413,10,4,100,4,4
30,681290957,10,4,100,8,9
30,579845107,10,4,100,10,10
30,639020387,10,4,100,2,2
30,722839157,10,4,100,12,13
30,731224201,10,4,100,0,0
30,696236449,10,4,100,5,8
30,926312071,10,4,100,4,6
30,779208127,10,4,100,9,10
30,676913333,10,4,100,1,1
30,601060013,10,4,100,12,13
30,608626159,10,4,100,1,2
30,732753367,10,4,100,4,4
30,628610713,10,4,100,7,8
30,690912587,10,4,100,4,4
30,808544057,10,4,100,3,3
30,550931539,10,4,100,3,3
30,563835509,10,4,100,2,3
30,548974549,10,4,100,8,9
30,749176303,10,4,100,6,6
30,1050544969,10,4,100,8,8
30,543102559,10,4,100,1,2
30,821630759,10,4,100,0,0
30,869715689,10,4,100,0,0
30,698827301,10,4,100,4,4
30,572933159,10,4,100,7,7
30,632790883,10,4,100,15,17
30,542661227,10,4,100,11,13
30,894316679,10,4,100,1,1
30,635865509,10,4,100,1,2
30,777443903,10,4,100,14,15
30,716085113,10,4,100,18,19
30,746540411,10,4,100,1,1
30,540118967,10,4,100,5,6
30,890114681,10,4,100,13,16
30,547781603,10,4,100,7,7
30,844537591,10,4,100,2,3
30,682109447,10,4,100,4,4
30,820206287,10,4,100,3,3
30,908130077,10,4,100,5,6
30,654495239,10,4,100,1,3
30,587864903,10,4,100,15,17
30,890201567,10,4,100,0,0
30,1034430409,10,4,100,7,15
30,592067659,10,4,100,1,1
30,833116157,10,4,100,1,1
30,621918721,10,4,100,6,6
30,756127159,10,4,100,4,5
30,596660957,10,4,100,9,10
30,920233871,10,4,100,1,2
30,581298947,10,4,100,1,2
30,677410847,10,4,100,1,1
30,847308281,10,4,100,2,3
30,569712713,10,4,100,5,7
30,620642791,10,4,100,19,21
30,751664993,10,4,100,2,2
30,632278099,10,4,100,3,4
30,854042633,10,4,100,0,0
30,595940341,10,4,100,4,4
30,872213467,10,4,100,8,10
30,801140603,10,4,100,1,1
30,615725137,10,4,100,0,0
30,616919309,10,4,100,2,5
30,874423157,10,4,100,8,9
30,580349897,10,4,100,4,4
30,649095089,10,4,100,10,10
30,995209361,10,4,100,7,7
30,713400433,10,4,100,6,6
30,683606929,10,4,100,5,6
30,880474559,10,4,100,6,6
30,652539409,10,4,100,7,8
30,652847749,10,4,100,6,7
30,637934839,10,4,100,4,11
30,725879983,10,4,100,1,1
30,560429761,10,4,100,4,5
30,554350081,10,4,100,2,2
30,846937187,10,4,100,4,4
30,616398833,10,4,100,6,6
30,956857193,10,4,100,0,0
30,644413433,10,4,100,3,6
30,910241039,10,4,100,12,19
30,641536141,10,4,100,5,5
30,787201021,10,4,100,4,4
30,582729307,10,4,100,15,19
30,829496191,10,4,100,1,2
30,924249211,10,4,100,5,5
30,616503619,10,4,100,2,2
30,583868293,10,4,100,4,4
30,604873307,10,4,100,9,10
30,705991859,10,4,100,5,5
30,672421861,10,4,100,13,14
30,797159081,10,4,100,13,13
30,665339243,10,4,100,2,2
30,618429829,10,4,100,3,3
30,634225861,10,4,100,3,3
30,671871997,10,4,100,4,4
30,682603723,10,4,100,1,1
30,952104971,10,4,100,4,5
30,733538711,10,4,100,4,6
30,566841571,10,4,100,10,10
30,699328787,10,4,100,4,4
30,694426423,10,4,100,4,6
30,557879851,10,4,100,7,8
30,544532803,10,4,100,7,9
30,546679241,10,4,100,5,7
30,914457671,10,4,100,5,5
30,774314857,10,4,100,6,7
30,670310983,10,4,100,11,11
30,989332507,10,4,100,10,11
30,546383569,10,4,100,2,2
30,843400669,10,4,100,8,10
30,697130221,10,4,100,7,7
30,829932139,10,4,100,3,4
30,843569171,10,4,100,4,7
30,725052439,10,4,100,0,0
30,686439967,10,4,100,0,0
30,759033263,10,4,100,4,5
30,749623999,10,4,100,4,5
30,654682451,10,4,100,5,5
30,758884901,10,4,100,1,1
30,589143767,10,4,100,12,14
30,700597903,10,4,100,5,7
30,842160391,10,4,100,8,11
30,860217983,10,4,100,2,3
30,688038509,10,4,100,3,3
30,635248189,10,4,100,5,5
30,838673653,10,4,100,3,3
30,745542011,10,4,100,14,14
30,684151591,10,4,100,2,4
30,620384173,10,4,100,2,2
30,689991623,10,4,100,5,6
30,603250573,10,4,100,2,2
30,604692607,10,4,100,2,2
30,568634503,10,4,100,4,5
30,1016008901,10,4,100,3,3
30,779327111,10,4,100,9,11
30,715231409,10,4,100,8,8
30,659574647,10,4,100,3,3
30,542686841,10,4,100,5,8
30,543027517,10,4,100,8,11
30,692807881,10,4,100,10,10
30,614632391,10,4,100,10,10
30,718476173,10,4,100,3,4
30,682866089,10,4,100,0,0
30,761058563,10,4,100,3,3
30,552374167,10,4,100,2,6
30,668016043,10,4,100,11,13
30,893960689,10,4,100,5,7
30,559160851,10,4,100,9,10
30,623645837,10,4,100,5,5
30,555507221,10,4,100,5,5
30,866103527,10,4,100,6,7
30,664174723,10,4,100,7,7
30,742409761,10,4,100,10,10
30,581226959,10,4,100,27,29
30,545185831,10,4,100,2,3
30,631153283,10,4,100,2,3
30,704241409,10,4,100,6,6
30,788726629,10,4,100,1,1
30,592043681,10,4,100,5,6
30,744550067,10,4,100,6,7
30,620285591,10,4,100,2,6
30,554326987,10,4,100,6,7
30,592380167,10,4,100,9,12
30,562169683,10,4,100,9,13
30,830244689,10,4,100,5,6
30,551510711,10,4,100,4,4
30,582647321,10,4,100,7,8
30,565022611,10,4,100,5,5
30,699488333,10,4,100,7,7
30,684858659,10,4,100,2,3
30,974152643,10,4,100,3,5
30,558132343,10,4,100,0,0
30,794251873,10,4,100,1,1
30,650873933,10,4,100,9,14
30,570925367,10,4,100,12,12
30,638002031,10,4,100,0,0
30,642013901,10,4,100,5,5
30,539964331,10,4,100,4,5
30,862468457,10,4,100,6,6
30,710503753,10,4,100,2,2
30,804441713,10,4,100,4,4
30,668350201,10,4,100,10,10
30,843395611,10,4,100,4,4
30,560858861,10,4,100,4,4
30,659420621,10,4,100,5,6
30,634770683,10,4,100,10,10
30,547475813,10,4,100,10,11
30,608882203,10,4,100,3,6
30,578148761,10,4,100,3,3
30,734911043,10,4,100,6,6
30,539573773,10,4,100,4,4
30,652814653,10,4,100,1,1
30,873584749,10,4,100,9,11
30,603748913,10,4,100,3,5
30,807035813,10,4,100,9,10
30,801809741,10,4,100,3,3
30,696708443,10,4,100,5,5
30,661072547,10,4,100,9,9
30,550182263,10,4,100,2,2
30,810040481,10,4,100,16,19
30,585850571,10,4,100,4,4
30,731998301,10,4,100,11,11
30,959409821,10,4,100,7,8
30,770573143,10,4,100,1,2
30,573946423,10,4,100,3,3
30,935924659,10,4,100,3,4
30,873307147,10,4,100,7,7
30,675276029,10,4,100,6,6
30,549592363,10,4,100,2,2
30,566122937,10,4,100,0,0
30,874029671,10,4,100,7,8
30,614158459,10,4,100,6,8
30,583896349,10,4,100,1,1
30,582192631,10,4,100,1,1
30,860737729,10,4,100,4,4
30,765618209,10,4,100,3,4
30,1015694063,10,4,100,8,8
30,703449391,10,4,100,2,3
30,636157037,10,4,100,5,8
30,707191591,10,4,100,5,5
30,895851487,10,4,100,12,13
30,661956509,10,4,100,0,1
30,573986753,10,4,100,4,6
30,652761467,10,4,100,4,5
30,795880159,10,4,100,6,6
30,619292647,10,4,100,0,0
30,588501769,10,4,100,1,1
30,877663727,10,4,100,10,11
30,543693391,10,4,100,1,1
30,658531373,10,4,100,10,11
30,793394783,10,4,100,8,11
30,703711181,10,4,100,11,14
30,586334711,10,4,100,4,7
30,630132883,10,4,100,0,0
30,759916403,10,4,100,2,2
30,591875597,10,4,100,9,12
30,858786991,10,4,100,5,5
30,543422783,10,4,100,4,4
30,544428739,10,4,100,4,4
30,824888503,10,4,100,0,0
30,925210829,10,4,100,3,3
30,617163403,10,4,100,27,27
30,780959203,10,4,100,5,5
30,584609387,10,4,100,6,6
30,598045451,10,4,100,3,3
30,683786513,10,4,100,3,3
30,801680837,10,4,100,8,9
30,616733867,10,4,100,4,5
30,638798581,10,4,100,7,7
30,835838719,10,4,100,4,5
30,559552657,10,4,100,6,6
30,650211439,10,4,100,5,6
30,874006687,10,4,100,2,2
30,803059811,10,4,100,7,9
30,882736919,10,4,100,7,8
30,628112321,10,4,100,12,14
30,565529399,10,4,100,12,13
30,730979357,10,4,100,13,14
30,595329043,10,4,100,7,8
30,563073451,10,4,100,5,5
30,692592853,10,4,100,7,7
30,696403363,10,4,100,18,21
30,956704327,10,4,100,7,7
30,931121591,10,4,100,0,0
30,659724173,10,4,100,1,1
30,936846529,10,4,100,0,0
30,628129633,10,4,100,4,5
30,706826789,10,4,100,5,5
30,715403839,10,4,100,6,7
30,625988081,10,4,100,6,7
30,554699261,10,4,100,11,11
30,830743999,10,4,100,3,3
30,798462937,10,4,100,2,2
30,580262801,10,4,100,6,8
30,740521871,10,4,100,1,2
30,605925503,10,4,100,7,7
30,712363753,10,4,100,2,3
30,561050603,10,4,100,0,1
30,929767459,10,4,100,1,1
30,665412347,10,4,100,2,2
30,963467291,10,4,100,6,9
30,891357503,10,4,100,6,10
30,680503793,10,4,100,5,6
30,728014159,10,4,100,4,5
30,695103371,10,4,100,2,2
30,623634421,10,4,100,4,5
30,915779369,10,4,100,7,8
30,661900319,10,4,100,1,1
30,712410341,10,4,100,1,1
30,713549939,10,4,100,4,5
30,922457191,10,4,100,3,3
30,547315177,10,4,100,4,4
30,718363903,10,4,100,8,9
30,547160281,10,4,100,8,10
30,541389137,10,4,100,2,3
30,700478953,10,4,100,1,1
30,567562511,10,4,100,2,2
30,621839507,10,4,100,7,8
30,887350019,10,4,100,4,8
30,699003937,10,4,100,2,2
30,644321207,10,4,100,2,2
30,908144359,10,4,100,0,0
30,692538871,10,4,100,3,5
30,933242839,10,4,100,0,1
30,883600769,10,4,100,2,2
30,699044551,10,4,100,2,2
30,670992481,10,4,100,9,10
30,680672887,10,4,100,3,3
30,544178777,10,4,100,11,12
30,563643637,10,4,100,0,2
30,628661393,10,4,100,1,1
30,643302659,10,4,100,4,4
30,567835043,10,4,100,4,10
30,880777151,10,4,100,5,6
30,564804901,10,4,100,5,6
30,904730527,10,4,100,5,5
30,969914921,10,4,100,7,11
30,675023263,10,4,100,7,9
30,607428247,10,4,100,5,7
30,936871421,10,4,100,4,4
30,826829951,10,4,100,3,4
30,656355683,10,4,100,1,1
30,555977311,10,4,100,3,5
30,677550889,10,4,100,0,0
30,897260587,10,4,100,4,4
30,691511809,10,4,100,11,13
30,694580239,10,4,100,5,5
30,653532617,10,4,100,1,1
30,549559007,10,4,100,1,1
30,781584577,10,4,100,4,5
30,829227031,10,4,100,0,0
30,731843171,10,4,100,9,10
30,801664133,10,4,100,7,10
30,746251463,10,4,100,1,2
30,580467409,10,4,100,5,5
30,624030689,10,4,100,14,17
30,740536289,10,4,100,7,7
30,748557409,10,4,100,2,2
40,6.06059E+11,14,4,196,2,2
40,7.9014E+11,14,4,196,1,4
40,8.76583E+11,14,4,196,4,4
40,8.64079E+11,14,4,196,2,3
40,7.17683E+11,14,4,196,6,7
40,9.08805E+11,14,4,196,1,1
40,7.30839E+11,14,4,196,9,13
40,7.00921E+11,14,4,196,7,14
40,6.63961E+11,14,4,196,4,4
40,5.9176E+11,14,4,196,7,11
40,8.49979E+11,14,4,196,3,3
40,7.61657E+11,14,4,196,3,6
40,7.86095E+11,14,4,196,14,16
40,7.95754E+11,14,4,196,10,13
40,5.82061E+11,14,4,196,9,14
40,6.55287E+11,14,4,196,4,4
40,6.63125E+11,14,4,196,8,12
40,5.58915E+11,14,4,196,1,2
40,8.95327E+11,14,4,196,3,4
40,5.93078E+11,14,4,196,9,14
40,5.60871E+11,14,4,196,10,16
40,5.72865E+11,14,4,196,1,1
40,7.23854E+11,14,4,196,3,3
40,6.16789E+11,14,4,196,6,10
40,9.34317E+11,14,4,196,2,2
40,5.52964E+11,14,4,196,4,11
40,9.47585E+11,14,4,196,9,23
40,7.14454E+11,14,4,196,10,16
40,6.3652E+11,14,4,196,9,12
40,9.1957E+11,14,4,196,7,13
40,7.94036E+11,14,4,196,2,2
40,8.14219E+11,14,4,196,6,7
40,7.42341E+11,14,4,196,2,3
40,5.74844E+11,14,4,196,2,4
40,7.26961E+11,14,4,196,5,8
40,5.72081E+11,14,4,196,3,4
40,5.77413E+11,14,4,196,8,10
40,9.22001E+11,14,4,196,0,0
40,5.55308E+11,14,4,196,8,11
40,5.96783E+11,14,4,196,6,7
40,9.18532E+11,14,4,196,7,9
40,7.3229E+11,14,4,196,7,12
40,7.46145E+11,14,4,196,12,17
40,8.67959E+11,14,4,196,8,18
40,6.02066E+11,14,4,196,4,4
40,6.08656E+11,14,4,196,11,22
40,8.92922E+11,14,4,196,10,20
40,9.68064E+11,14,4,196,4,5
40,7.21296E+11,14,4,196,7,12
40,8.94428E+11,14,4,196,2,2
40,8.08389E+11,14,4,196,2,2
40,6.95504E+11,14,4,196,3,3
40,5.60961E+11,14,4,196,6,12
40,5.66252E+11,14,4,196,7,16
40,1.01865E+12,14,4,196,13,20
40,8.56422E+11,14,4,196,8,11
40,8.83725E+11,14,4,196,1,2
40,8.56034E+11,14,4,196,9,19
40,5.74028E+11,14,4,196,3,3
40,6.3815E+11,14,4,196,9,14
40,7.59258E+11,14,4,196,12,22
40,6.74814E+11,14,4,196,1,2
40,5.51759E+11,14,4,196,8,11
40,5.83184E+11,14,4,196,1,1
40,1.04053E+12,14,4,196,15,19
40,6.03532E+11,14,4,196,0,3
40,7.69848E+11,14,4,196,4,4
40,8.84228E+11,14,4,196,2,3
40,6.80452E+11,14,4,196,9,18
40,1.09087E+12,14,4,196,2,3
40,9.73986E+11,14,4,196,5,5
40,9.26076E+11,14,4,196,7,7
40,5.57674E+11,14,4,196,4,14
40,7.31643E+11,14,4,196,5,10
40,6.21882E+11,14,4,196,6,9
40,5.7557E+11,14,4,196,0,0
40,6.46086E+11,14,4,196,7,9
40,6.72693E+11,14,4,196,5,7
40,6.18735E+11,14,4,196,2,2
40,9.01142E+11,14,4,196,2,2
40,7.47066E+11,14,4,196,2,2
40,9.12625E+11,14,4,196,2,7
40,5.97888E+11,14,4,196,8,11
40,7.03486E+11,14,4,196,0,0
40,6.53637E+11,14,4,196,2,4
40,6.0849E+11,14,4,196,7,10
40,6.69366E+11,14,4,196,2,3
40,6.42268E+11,14,4,196,3,4
40,8.0838E+11,14,4,196,0,1
40,7.56082E+11,14,4,196,6,9
40,8.75431E+11,14,4,196,17,23
40,6.20559E+11,14,4,196,9,11
40,5.83147E+11,14,4,196,4,6
40,8.06292E+11,14,4,196,3,3
40,8.22069E+11,14,4,196,2,3
40,6.37299E+11,14,4,196,5,6
40,6.16725E+11,14,4,196,6,12
40,6.78583E+11,14,4,196,9,12
40,9.11208E+11,14,4,196,8,10
40,8.44685E+11,14,4,196,1,1
40,8.29383E+11,14,4,196,4,6
40,5.87119E+11,14,4,196,11,14
40,6.98098E+11,14,4,196,0,0
40,6.78833E+11,14,4,196,3,6
40,6.3246E+11,14,4,196,2,2
40,7.64768E+11,14,4,196,6,10
40,5.60186E+11,14,4,196,11,14
40,6.8168E+11,14,4,196,6,9
40,6.96913E+11,14,4,196,7,10
40,6.56334E+11,14,4,196,7,10
40,8.50708E+11,14,4,196,4,9
40,7.99183E+11,14,4,196,5,10
40,6.8818E+11,14,4,196,3,10
40,6.62797E+11,14,4,196,8,14
40,9.30072E+11,14,4,196,1,2
40,7.33668E+11,14,4,196,1,1
40,5.5883E+11,14,4,196,3,4
40,6.43609E+11,14,4,196,13,28
40,5.9604E+11,14,4,196,1,1
40,8.3099E+11,14,4,196,5,6
40,8.11189E+11,14,4,196,3,3
40,5.99249E+11,14,4,196,2,2
40,8.85312E+11,14,4,196,3,5
40,6.00764E+11,14,4,196,3,4
40,7.91084E+11,14,4,196,7,10
40,5.70579E+11,14,4,196,9,9
40,7.88439E+11,14,4,196,6,9
40,6.63084E+11,14,4,196,6,9
40,6.90884E+11,14,4,196,7,9
40,7.34421E+11,14,4,196,12,14
40,8.85455E+11,14,4,196,0,0
40,5.9278E+11,14,4,196,2,2
40,6.98877E+11,14,4,196,17,25
40,6.21065E+11,14,4,196,1,1
40,8.85118E+11,14,4,196,5,5
40,6.29058E+11,14,4,196,1,5
40,9.29719E+11,14,4,196,4,4
40,7.39604E+11,14,4,196,9,10
40,6.0001E+11,14,4,196,2,3
40,8.36373E+11,14,4,196,2,4
40,5.8077E+11,14,4,196,12,28
40,7.87126E+11,14,4,196,0,1
40,8.24129E+11,14,4,196,0,0
40,6.90491E+11,14,4,196,5,12
40,6.33534E+11,14,4,196,1,1
40,7.15022E+11,14,4,196,1,2
40,9.10209E+11,14,4,196,15,25
40,6.63741E+11,14,4,196,8,14
40,6.9166E+11,14,4,196,2,2
40,9.62258E+11,14,4,196,7,7
40,1.04198E+12,14,4,196,0,0
40,8.91903E+11,14,4,196,4,4
40,9.06973E+11,14,4,196,0,0
40,7.62045E+11,14,4,196,10,12
40,7.81596E+11,14,4,196,6,10
40,9.33587E+11,14,4,196,3,3
40,6.83497E+11,14,4,196,3,5
40,6.34568E+11,14,4,196,6,12
40,6.09742E+11,14,4,196,7,9
40,6.50343E+11,14,4,196,11,16
40,7.71403E+11,14,4,196,5,6
40,6.01189E+11,14,4,196,3,4
40,8.14952E+11,14,4,196,1,2
40,6.65317E+11,14,4,196,9,9
40,6.93084E+11,14,4,196,2,5
40,6.10648E+11,14,4,196,5,6
40,8.26139E+11,14,4,196,3,8
40,7.71602E+11,14,4,196,1,1
40,8.54065E+11,14,4,196,3,4
40,9.7905E+11,14,4,196,0,1
40,9.48229E+11,14,4,196,4,6
40,7.85946E+11,14,4,196,2,2
40,6.0293E+11,14,4,196,5,9
40,8.56031E+11,14,4,196,5,7
40,6.69407E+11,14,4,196,1,1
40,1.0647E+12,14,4,196,6,6
40,8.44143E+11,14,4,196,5,7
40,8.13602E+11,14,4,196,3,6
40,6.19624E+11,14,4,196,3,4
40,7.26714E+11,14,4,196,5,7
40,6.19447E+11,14,4,196,3,3
40,6.49502E+11,14,4,196,6,6
40,7.08819E+11,14,4,196,5,9
40,8.36204E+11,14,4,196,8,10
40,7.88926E+11,14,4,196,2,5
40,9.77719E+11,14,4,196,3,3
40,7.22875E+11,14,4,196,9,18
40,8.03584E+11,14,4,196,0,0
40,9.06042E+11,14,4,196,5,8
40,7.66634E+11,14,4,196,0,2
40,6.70532E+11,14,4,196,12,22
40,6.72074E+11,14,4,196,2,2
40,5.88659E+11,14,4,196,4,4
40,7.00962E+11,14,4,196,1,1
40,7.94623E+11,14,4,196,18,28
40,5.71991E+11,14,4,196,5,9
40,7.9444E+11,14,4,196,6,9
40,5.89445E+11,14,4,196,6,8
40,8.31685E+11,14,4,196,0,1
40,6.05388E+11,14,4,196,2,3
40,6.92505E+11,14,4,196,2,4
40,5.83433E+11,14,4,196,5,6
40,6.77234E+11,14,4,196,6,9
40,8.20354E+11,14,4,196,7,10
40,9.61302E+11,14,4,196,8,11
40,5.69608E+11,14,4,196,2,2
40,7.18075E+11,14,4,196,9,12
40,9.50974E+11,14,4,196,8,14
40,8.24045E+11,14,4,196,8,8
40,7.61016E+11,14,4,196,10,16
40,7.13426E+11,14,4,196,1,2
40,7.55234E+11,14,4,196,4,4
40,6.60191E+11,14,4,196,26,43
40,7.16664E+11,14,4,196,5,6
40,8.19521E+11,14,4,196,2,5
40,7.32204E+11,14,4,196,0,1
40,5.5414E+11,14,4,196,3,4
40,9.29784E+11,14,4,196,6,12
40,7.89907E+11,14,4,196,1,1
40,9.91628E+11,14,4,196,6,6
40,7.08865E+11,14,4,196,3,4
40,8.74151E+11,14,4,196,6,10
40,8.7199E+11,14,4,196,0,0
40,5.94988E+11,14,4,196,1,2
40,6.90186E+11,14,4,196,3,5
40,6.71711E+11,14,4,196,6,9
40,7.06505E+11,14,4,196,2,3
40,7.83393E+11,14,4,196,5,5
40,7.71891E+11,14,4,196,6,6
40,7.40517E+11,14,4,196,2,2
40,5.66801E+11,14,4,196,0,0
40,9.00866E+11,14,4,196,4,5
40,7.89995E+11,14,4,196,10,16
40,7.18434E+11,14,4,196,4,5
40,5.95968E+11,14,4,196,6,14
40,8.91532E+11,14,4,196,2,2
40,6.96367E+11,14,4,196,0,0
40,1.02841E+12,14,4,196,0,0
40,5.89158E+11,14,4,196,3,5
40,5.85068E+11,14,4,196,6,11
40,5.9358E+11,14,4,196,1,1
40,7.73464E+11,14,4,196,6,10
40,5.85457E+11,14,4,196,3,3
40,1.06695E+12,14,4,196,0,0
40,7.20208E+11,14,4,196,9,12
40,9.32104E+11,14,4,196,3,5
40,7.66832E+11,14,4,196,6,7
40,9.24535E+11,14,4,196,6,8
40,6.97597E+11,14,4,196,1,2
40,5.95934E+11,14,4,196,4,6
40,5.77683E+11,14,4,196,4,9
40,6.88913E+11,14,4,196,2,7
40,8.49147E+11,14,4,196,3,3
40,8.64499E+11,14,4,196,4,5
40,5.81223E+11,14,4,196,4,5
40,9.02877E+11,14,4,196,0,0
40,6.43011E+11,14,4,196,3,4
40,6.60396E+11,14,4,196,1,3
40,5.5428E+11,14,4,196,4,4
40,8.02177E+11,14,4,196,2,5
40,1.00316E+12,14,4,196,0,1
40,5.63933E+11,14,4,196,0,0
40,7.55118E+11,14,4,196,11,16
40,6.5866E+11,14,4,196,3,4
40,6.90176E+11,14,4,196,3,5
40,6.93418E+11,14,4,196,7,9
40,9.53373E+11,14,4,196,0,0
40,8.63271E+11,14,4,196,3,6
40,8.68258E+11,14,4,196,1,1
40,7.69672E+11,14,4,196,3,5
40,7.8058E+11,14,4,196,0,0
40,7.50428E+11,14,4,196,8,17
40,5.71138E+11,14,4,196,3,6
40,5.9583E+11,14,4,196,9,12
40,8.71686E+11,14,4,196,2,4
40,6.57466E+11,14,4,196,6,9
40,6.69672E+11,14,4,196,3,5
40,6.07046E+11,14,4,196,0,0
40,8.44768E+11,14,4,196,6,9
40,6.77837E+11,14,4,196,2,3
40,5.59794E+11,14,4,196,5,6
40,5.52168E+11,14,4,196,0,0
40,6.05912E+11,14,4,196,0,0
40,7.74631E+11,14,4,196,3,7
40,6.95507E+11,14,4,196,1,1
40,7.10995E+11,14,4,196,1,2
40,5.59545E+11,14,4,196,6,7
40,8.07803E+11,14,4,196,0,0
40,6.72737E+11,14,4,196,6,6
40,1.01066E+12,14,4,196,1,5
40,1.00948E+12,14,4,196,8,19
40,7.36592E+11,14,4,196,5,8
40,5.90814E+11,14,4,196,8,11
40,6.97087E+11,14,4,196,15,22
40,9.84509E+11,14,4,196,3,4
40,6.97941E+11,14,4,196,5,11
40,6.71874E+11,14,4,196,3,3
40,5.65238E+11,14,4,196,9,10
40,8.16932E+11,14,4,196,10,17
40,8.58516E+11,14,4,196,8,12
40,6.51288E+11,14,4,196,1,2
40,8.84227E+11,14,4,196,3,4
40,5.83111E+11,14,4,196,5,9
40,5.7257E+11,14,4,196,9,10
40,5.71469E+11,14,4,196,0,1
40,5.93883E+11,14,4,196,7,17
40,5.78981E+11,14,4,196,2,2
40,6.86815E+11,14,4,196,9,10
40,5.65384E+11,14,4,196,1,6
40,8.88211E+11,14,4,196,2,4
40,7.82057E+11,14,4,196,2,6
40,6.58779E+11,14,4,196,2,3
40,6.04883E+11,14,4,196,9,13
40,8.16118E+11,14,4,196,1,1
40,5.6495E+11,14,4,196,7,9
40,5.65285E+11,14,4,196,1,4
40,9.07814E+11,14,4,196,5,6
40,9.80016E+11,14,4,196,4,5
40,9.31955E+11,14,4,196,1,3
40,6.23359E+11,14,4,196,5,9
40,5.5628E+11,14,4,196,1,1
40,5.59264E+11,14,4,196,7,13
40,9.65168E+11,14,4,196,1,2
40,9.59496E+11,14,4,196,0,0
40,6.32998E+11,14,4,196,6,10
40,5.73918E+11,14,4,196,0,0
40,6.28275E+11,14,4,196,4,5
40,8.88332E+11,14,4,196,1,1
40,5.86559E+11,14,4,196,0,0
40,6.61503E+11,14,4,196,3,5
40,6.84038E+11,14,4,196,4,4
40,9.617E+11,14,4,196,0,1
40,7.31048E+11,14,4,196,0,0
40,5.65785E+11,14,4,196,2,2
40,7.22497E+11,14,4,196,0,0
40,7.86487E+11,14,4,196,0,0
40,9.69507E+11,14,4,196,12,15
40,7.1566E+11,14,4,196,1,2
40,5.67775E+11,14,4,196,15,21
40,6.04987E+11,14,4,196,3,3
40,7.19046E+11,14,4,196,1,4
40,7.9676E+11,14,4,196,15,17
40,8.28814E+11,14,4,196,6,11
40,7.90653E+11,14,4,196,2,2
40,6.15309E+11,14,4,196,5,9
40,5.6311E+11,14,4,196,11,12
40,6.08706E+11,14,4,196,1,1
40,6.45362E+11,14,4,196,0,0
40,5.97361E+11,14,4,196,7,8
40,8.32879E+11,14,4,196,24,30
40,6.81878E+11,14,4,196,4,4
40,8.50107E+11,14,4,196,0,0
40,6.18116E+11,14,4,196,11,18
40,6.1085E+11,14,4,196,6,9
40,6.66508E+11,14,4,196,3,11
40,7.67478E+11,14,4,196,2,2
40,9.80992E+11,14,4,196,6,9
40,6.4548E+11,14,4,196,13,18
40,5.74255E+11,14,4,196,4,5
40,6.96428E+11,14,4,196,9,14
40,9.55412E+11,14,4,196,8,10
40,5.61449E+11,14,4,196,7,12
40,8.88987E+11,14,4,196,6,11
40,6.64673E+11,14,4,196,0,1
40,6.10489E+11,14,4,196,5,6
40,9.92701E+11,14,4,196,0,0
40,7.96997E+11,14,4,196,2,4
40,7.61305E+11,14,4,196,3,4
40,6.54559E+11,14,4,196,4,6
40,7.38188E+11,14,4,196,4,5
40,5.49876E+11,14,4,196,5,5
40,6.29964E+11,14,4,196,16,20
40,6.04584E+11,14,4,196,1,1
40,7.79743E+11,14,4,196,1,1
40,7.04455E+11,14,4,196,4,5
40,5.61782E+11,14,4,196,7,7
40,6.3823E+11,14,4,196,4,5
40,7.89731E+11,14,4,196,1,1
40,9.51323E+11,14,4,196,5,7
40,8.88281E+11,14,4,196,7,7
40,5.63484E+11,14,4,196,4,5
40,6.39734E+11,14,4,196,1,1
40,6.15555E+11,14,4,196,2,4
40,8.43604E+11,14,4,196,6,9
40,6.99088E+11,14,4,196,3,4
40,5.69766E+11,14,4,196,2,2
40,7.99387E+11,14,4,196,0,1
40,5.59067E+11,14,4,196,0,0
40,7.51056E+11,14,4,196,8,15
40,6.24288E+11,14,4,196,1,1
40,8.34053E+11,14,4,196,18,30
40,7.75322E+11,14,4,196,5,16
40,6.89823E+11,14,4,196,14,22
40,6.7073E+11,14,4,196,5,6
40,8.42251E+11,14,4,196,9,10
40,5.98379E+11,14,4,196,0,0
40,7.08833E+11,14,4,196,8,10
40,5.52373E+11,14,4,196,2,4
40,6.11701E+11,14,4,196,10,12
40,6.01486E+11,14,4,196,9,14
40,6.00403E+11,14,4,196,2,9
40,1.04314E+12,14,4,196,2,2
40,6.12475E+11,14,4,196,0,0
40,8.51047E+11,14,4,196,7,8
40,7.5786E+11,14,4,196,11,26
40,5.62683E+11,14,4,196,5,5
40,8.755E+11,14,4,196,2,3
40,6.91922E+11,14,4,196,6,8
40,5.88647E+11,14,4,196,0,0
40,6.77823E+11,14,4,196,19,24
40,9.32026E+11,14,4,196,0,0
40,6.76121E+11,14,4,196,5,7
40,1.07719E+12,14,4,196,8,8
40,7.21504E+11,14,4,196,2,2
40,7.11176E+11,14,4,196,3,4
40,6.57535E+11,14,4,196,3,3
40,9.28984E+11,14,4,196,8,8
40,1.00718E+12,14,4,196,9,13
40,5.61292E+11,14,4,196,7,14
40,6.09022E+11,14,4,196,4,4
40,6.28308E+11,14,4,196,5,5
40,5.77012E+11,14,4,196,4,4
40,7.89678E+11,14,4,196,5,7
40,7.82439E+11,14,4,196,6,8
40,6.43095E+11,14,4,196,1,2
40,6.88834E+11,14,4,196,5,6
40,6.16855E+11,14,4,196,0,0
40,7.69439E+11,14,4,196,26,36
40,5.81323E+11,14,4,196,4,5
40,7.78697E+11,14,4,196,6,11
40,5.61436E+11,14,4,196,4,9
40,8.4574E+11,14,4,196,0,0
40,5.88186E+11,14,4,196,12,18
40,7.21195E+11,14,4,196,1,1
40,5.72374E+11,14,4,196,2,3
40,7.94624E+11,14,4,196,7,11
40,8.83974E+11,14,4,196,1,2
40,6.00913E+11,14,4,196,2,4
40,8.47089E+11,14,4,196,2,3
40,8.40741E+11,14,4,196,1,2
40,6.07516E+11,14,4,196,5,7
40,5.98595E+11,14,4,196,3,5
40,7.82128E+11,14,4,196,3,5
40,8.87453E+11,14,4,196,5,9
40,6.45073E+11,14,4,196,0,1
40,5.51504E+11,14,4,196,4,5
40,7.75656E+11,14,4,196,7,11
40,7.232E+11,14,4,196,5,5
40,7.21789E+11,14,4,196,7,14
40,5.67011E+11,14,4,196,8,10
40,6.75843E+11,14,4,196,5,9
40,7.45156E+11,14,4,196,9,10
40,5.95178E+11,14,4,196,8,15
40,6.74292E+11,14,4,196,8,13
40,5.68647E+11,14,4,196,7,11
40,6.97997E+11,14,4,196,2,2
40,6.36966E+11,14,4,196,3,4
40,6.10523E+11,14,4,196,0,0
40,7.22202E+11,14,4,196,5,11
40,5.51145E+11,14,4,196,4,4
40,7.90008E+11,14,4,196,7,18
40,5.78373E+11,14,4,196,7,8
40,1.02681E+12,14,4,196,2,2
40,6.94595E+11,14,4,196,1,1
40,5.60991E+11,14,4,196,5,6
40,5.61056E+11,14,4,196,0,1
40,5.76996E+11,14,4,196,5,9
40,6.54654E+11,14,4,196,3,9
40,5.54249E+11,14,4,196,0,0
40,9.11488E+11,14,4,196,3,6
40,7.17525E+11,14,4,196,6,13
40,9.50056E+11,14,4,196,11,15
40,8.58797E+11,14,4,196,12,18
40,6.15621E+11,14,4,196,7,9
40,6.31458E+11,14,4,196,6,6
40,5.83324E+11,14,4,196,2,3
40,5.70646E+11,14,4,196,0,0
40,6.68837E+11,14,4,196,3,4
40,7.47615E+11,14,4,196,6,10
40,5.5751E+11,14,4,196,13,20
40,6.04533E+11,14,4,196,4,7
40,7.33192E+11,14,4,196,0,0
40,7.33243E+11,14,4,196,2,3
40,7.16643E+11,14,4,196,0,3
40,6.37481E+11,14,4,196,7,8
40,6.25794E+11,14,4,196,2,2
40,6.10294E+11,14,4,196,4,12
40,7.9008E+11,14,4,196,7,8
40,1.03568E+12,14,4,196,2,2
40,8.24116E+11,14,4,196,1,1
40,6.1767E+11,14,4,196,5,8
40,1.00357E+12,14,4,196,2,5
40,8.70766E+11,14,4,196,4,5
40,6.83657E+11,14,4,196,5,7
40,5.85586E+11,14,4,196,0,0
40,6.02861E+11,14,4,196,1,2
40,7.59794E+11,14,4,196,2,2
40,6.36934E+11,14,4,196,8,13
40,9.29072E+11,14,4,196,6,10
40,6.94362E+11,14,4,196,4,5
70,685242636640530121331,24,4,576,0,
70,732708809805335038189,24,4,576,0,
70,663504808475452743341,24,4,576,0,
70,865228381177418035649,24,4,576,0,
70,817759785830600379799,24,4,576,0,
70,692408123813761013761,24,4,576,0,
70,758883676161624578431,24,4,576,0,
70,682788686277751523347,24,4,576,1,
70,784411132745180936279,24,4,576,0,
70,636176700330426726311,24,4,576,0,
70,803368888514665551917,24,4,576,0,
70,1017070617286268977967,24,4,576,1,
70,669121334262225297287,24,4,576,0,
70,931651009461663842053,24,4,576,1,
70,660026569231276772927,24,4,576,0,
70,889302914632502964317,24,4,576,0,
70,687969480674441099741,24,4,576,0,
70,876112080127590697579,24,4,576,0,
70,624490065839603556937,24,4,576,0,
70,916788703658175983081,24,4,576,1,
70,684876950868722163059,24,4,576,0,
70,887763544126540186087,24,4,576,0,
70,674286522849290570243,24,4,576,0,
70,815070892977963913801,24,4,576,0,
70,799933786501627157651,24,4,576,0,
70,1091155720855250421739,24,4,576,0,
70,748502224956706231831,24,4,576,0,
70,629808647303360723377,24,4,576,3,
70,861107813372379077861,24,4,576,0,
70,703111476015779855579,24,4,576,0,
70,610441589651615171981,24,4,576,0,
70,679914307756957076953,24,4,576,1,
70,919643812743846268817,24,4,576,0,
70,707903704647235632241,24,4,576,0,
70,840077658443522092079,24,4,576,0,
70,841806207782540402239,24,4,576,0,
70,654437003119935168817,24,4,576,0,
70,610188475761070652429,24,4,576,1,
70,717160165753079653279,24,4,576,0,
70,679591171085445707587,24,4,576,0,
70,832126969461569812087,24,4,576,1,
70,660618666280763947699,24,4,576,0,
70,640427980532981732227,24,4,576,1,
70,802618556184238066183,24,4,576,1,
70,738539519815529824219,24,4,576,1,
70,861352108699772135801,24,4,576,0,
70,823901074112539836823,24,4,576,0,
70,679659232639906696217,24,4,576,0,
70,616826067082418618839,24,4,576,0,
70,728789998372194401683,24,4,576,0,
70,667546294117538996737,24,4,576,0,
70,967285349996602690201,24,4,576,0,
70,617615886743066688947,24,4,576,0,
70,762741973089308498311,24,4,576,0,
70,593855132627907179753,24,4,576,0,
70,666562685995101043943,24,4,576,0,
70,955872038974929441049,24,4,576,0,
70,733964148254206441499,24,4,576,0,
70,894083323381801241849,24,4,576,0,
70,675551298613791965581,24,4,576,2,
70,666069894550900698487,24,4,576,0,
70,666604888492401124537,24,4,576,0,
70,869199333043498261033,24,4,576,0,
70,880323567898861826119,24,4,576,0,
70,817158697428948530893,24,4,576,0,
70,630288213498733999519,24,4,576,1,
70,682362381790308450709,24,4,576,0,
70,912466379550897424837,24,4,576,0,
70,662939368214532809039,24,4,576,1,
70,994482249403317362297,24,4,576,1,
70,742161170204807011987,24,4,576,0,
70,962132665232647547701,24,4,576,0,
70,615894695563368849917,24,4,576,0,
70,845963120252011987261,24,4,576,0,
70,1018355231077288054081,24,4,576,0,
70,856366610653972311827,24,4,576,1,
70,743512584201319916707,24,4,576,0,
70,936710989577324066327,24,4,576,0,
70,674138465007976895701,24,4,576,0,
70,822113123941476054983,24,4,576,1,
70,659364136462685730497,24,4,576,0,
70,765592449104535425089,24,4,576,1,
70,668469269338449365453,24,4,576,0,
70,868481092600022354287,24,4,576,0,
70,1132224530334615603071,24,4,576,0,
70,757335515938171195933,24,4,576,0,
70,785978281317344140049,24,4,576,0,
70,833542219751216257519,24,4,576,1,
70,736031654642059815227,24,4,576,0,
70,705388539832208568491,24,4,576,0,
70,679653235325902956523,24,4,576,0,
70,637578379744812566729,24,4,576,0,
70,834455137396365913627,24,4,576,0,
70,729862585659171129637,24,4,576,0,
70,766223917396701193853,24,4,576,0,
70,1035002224579479997151,24,4,576,0,
70,834316098334548244357,24,4,576,0,
70,607298034720227915717,24,4,576,0,
70,936550153031363870009,24,4,576,2,
70,627689629474929412751,24,4,576,0,
70,869990377255560499283,24,4,576,0,
70,757353102777837931007,24,4,576,0,
70,663954090157844390413,24,4,576,0,
70,664933145865247970233,24,4,576,1,
70,746447204786046399269,24,4,576,0,
70,666469074573975069233,24,4,576,0,
70,787467432481774404917,24,4,576,0,
70,729016250046956346217,24,4,576,1,
70,641675219164837608743,24,4,576,2,
70,750244307941753818209,24,4,576,0,
70,636690726611072360641,24,4,576,0,
70,1044158466468215901577,24,4,576,0,
70,820359472682626383347,24,4,576,0,
70,933085372413577865357,24,4,576,0,
70,654783618932787233671,24,4,576,1,
70,604396850981601102707,24,4,576,0,
70,799361127415188502277,24,4,576,0,
70,693713273500664161429,24,4,576,0,
70,897452123115633699161,24,4,576,0,
70,960721036226587456871,24,4,576,0,
70,744377514189066718003,24,4,576,0,
70,916272210632662408601,24,4,576,0,
70,978235492632448930127,24,4,576,0,
70,663876453355381043251,24,4,576,0,
70,870940819266384652403,24,4,576,0,
70,700182020970056566037,24,4,576,0,
70,890127924424974110101,24,4,576,0,
70,600530298016708402289,24,4,576,0,
70,1023973429980390886663,24,4,576,0,
70,632198131568307475741,24,4,576,0,
70,832522952282253508019,24,4,576,0,
70,736043206406273719757,24,4,576,1,
70,740706935843140462981,24,4,576,4,
70,801108848267977763131,24,4,576,0,
70,925076827645431154789,24,4,576,0,
70,715456486464320842837,24,4,576,0,
70,636068839057283306347,24,4,576,0,
70,889908006428323480007,24,4,576,0,
70,716859595643704503583,24,4,576,0,
70,733178921698406266367,24,4,576,0,
70,938561495563035882701,24,4,576,0,
70,750982745134833741487,24,4,576,0,
70,756526441339601711171,24,4,576,0,
70,808484451245781333601,24,4,576,0,
70,696642823312819163147,24,4,576,0,
70,815248159031208982301,24,4,576,0,
70,973385817446318730947,24,4,576,0,
70,715511123089038007273,24,4,576,0,
70,956990111033091632821,24,4,576,0,
70,762828854769247474093,24,4,576,0,
70,809505605879460298789,24,4,576,0,
70,617080937517956944481,24,4,576,0,
70,830697054726923137121,24,4,576,0,
70,974489613623784181817,24,4,576,1,
70,593277235134684860267,24,4,576,0,
70,814036868672155311707,24,4,576,0,
70,626823207526511135407,24,4,576,0,
70,962459671201782253091,24,4,576,0,
70,905890809123088115381,24,4,576,0,
70,672838229248519561099,24,4,576,1,
70,618760796294725171393,24,4,576,0,
70,731000725798208371021,24,4,576,0,
70,922941739754117558179,24,4,576,0,
70,1074360026140536565237,24,4,576,1,
70,965003442984611306033,24,4,576,0,
70,1139273833057235681521,24,4,576,0,
70,701251511539147061743,24,4,576,0,
70,639527731612777060609,24,4,576,0,
70,675432066118452778717,24,4,576,0,
70,661705405172258455471,24,4,576,1,
70,847901806894018574531,24,4,576,0,
70,713161321626434760007,24,4,576,1,
70,736879730904363185567,24,4,576,0,
70,985275951639733110587,24,4,576,0,
70,1035722768792691797141,24,4,576,0,
70,635704306911109499839,24,4,576,0,
70,1001441473481061560443,24,4,576,0,
70,638201633162078028793,24,4,576,0,
70,837951422594081493443,24,4,576,0,
70,594835930266550063183,24,4,576,0,
70,628602457886616333553,24,4,576,0,
70,754747030306762367339,24,4,576,0,
70,803840213746960412623,24,4,576,0,
70,735662193675935233031,24,4,576,0,
70,1037725889679727974601,24,4,576,0,
70,837958729125433717601,24,4,576,0,
70,696904024049552481433,24,4,576,0,
70,819154253841022147991,24,4,576,0,
70,864969820713576704911,24,4,576,0,
70,930493231726195471571,24,4,576,0,
70,620297990419936051423,24,4,576,0,
70,790284416095754238691,24,4,576,0,
70,956264040196245677903,24,4,576,1,
70,646170315542696561179,24,4,576,0,
70,806764045233288706757,24,4,576,0,
70,1041319229055210950231,24,4,576,0,
70,903790680948031991857,24,4,576,0,
70,872813387544809907169,24,4,576,0,
70,883922274563955144233,24,4,576,0,
70,839245928062577489837,24,4,576,0,
70,670696785622622507297,24,4,576,1,
70,698826755310639793207,24,4,576,2,
70,651025802896458989911,24,4,576,0,
70,841088155352528634637,24,4,576,1,
70,646756060241122217443,24,4,576,0,
70,731240190037727612387,24,4,576,0,
70,722924464499754569999,24,4,576,0,
70,784481189012910872963,24,4,576,0,
70,760994724646759243153,24,4,576,0,
70,874723448198352563969,24,4,576,0,
70,702804837914149129331,24,4,576,1,
70,935397115068509879531,24,4,576,0,
70,872195459208137217089,24,4,576,0,
70,658089712204454172481,24,4,576,0,
70,869324333478976849543,24,4,576,0,
70,956502769570310253751,24,4,576,0,
70,684945522953581120607,24,4,576,0,
70,1004309225192658327493,24,4,576,0,
70,631446532938419706593,24,4,576,0,
70,848998792395941284109,24,4,576,1,
70,645393484688431018723,24,4,576,0,
70,950141398794357762193,24,4,576,0,
70,812348383174601007373,24,4,576,0,
70,844493498486317788613,24,4,576,0,
70,840742442305874750539,24,4,576,0,
70,679840522130926080007,24,4,576,1,
70,898360026385341245819,24,4,576,1,
70,673493838132516532223,24,4,576,0,
70,781852040319578130179,24,4,576,0,
70,1040426203839607829047,24,4,576,0,
70,847568250045835947463,24,4,576,0,
70,625478941129584802033,24,4,576,2,
70,943492433205398102527,24,4,576,0,
70,768947686260841185719,24,4,576,1,
70,640990393053623903737,24,4,576,1,
70,663772477351259699743,24,4,576,0,
70,859459503735598096391,24,4,576,0,
70,1119336286612495938487,24,4,576,0,
70,831353443236132609721,24,4,576,0,
70,746797837858457720057,24,4,576,0,
70,1048808002874406773893,24,4,576,0,
70,858339541627601239499,24,4,576,0,
70,665241538079778618667,24,4,576,0,
70,911094191998396933151,24,4,576,0,
70,849675150719417891327,24,4,576,1,
70,687788149219339955953,24,4,576,0,
70,810069772805753464133,24,4,576,0,
70,622989132258777852473,24,4,576,0,
70,860297265548855632123,24,4,576,1,
70,662531698227805020893,24,4,576,0,
70,867496704218201177797,24,4,576,0,
70,616985465321651958449,24,4,576,0,
70,931840576362895335371,24,4,576,0,
70,812227170552547917721,24,4,576,0,
70,852765624960389689207,24,4,576,0,
70,773613982319131779037,24,4,576,1,
70,688411176344947275449,24,4,576,0,
70,896709027334993317173,24,4,576,0,
70,607308206596022329499,24,4,576,0,
70,691902918423075194071,24,4,576,0,
70,622016446814489478749,24,4,576,0,
70,895670436308139397121,24,4,576,0,
70,775285076953018050553,24,4,576,0,
70,747961272404246997793,24,4,576,0,
70,668623939475807820107,24,4,576,1,
70,1109662236538942615603,24,4,576,0,
70,758540387857101956917,24,4,576,1,
70,836190676242619787183,24,4,576,0,
70,619447735492436148587,24,4,576,0,
70,720344953619005367561,24,4,576,0,
70,924873216464985106259,24,4,576,0,
70,752262070707990992363,24,4,576,0,
70,797274475441592422679,24,4,576,1,
70,604353692022122167253,24,4,576,0,
70,804750786617312573617,24,4,576,0,
70,667228400576132996893,24,4,576,0,
70,765876683892669164551,24,4,576,0,
70,956113010225696393221,24,4,576,0,
70,1069494614540364596891,24,4,576,0,
70,719839225537630357517,24,4,576,2,
70,763161689930748896719,24,4,576,0,
70,755058320343719083453,24,4,576,0,
70,777965780784898645391,24,4,576,0,
70,1062861883646018357003,24,4,576,0,
70,720544325909254075813,24,4,576,0,
70,607553923872469466003,24,4,576,0,
70,812692770986764529261,24,4,576,0,
70,713254706887005493513,24,4,576,0,
70,590317348015726866211,24,4,576,0,
70,704687683749658695173,24,4,576,0,
70,1082132507431892838763,24,4,576,0,
70,605592396356966287921,24,4,576,1,
70,841078238790847084609,24,4,576,0,
70,840766417240718659751,24,4,576,0,
70,896512182387159809803,24,4,576,0,
70,782620892178544892269,24,4,576,0,
70,737870599611721093241,24,4,576,0,
70,656313010481860525307,24,4,576,2,
70,670308835557988121641,24,4,576,0,
70,779346933238832518717,24,4,576,0,
70,774048859461836392531,24,4,576,0,
70,675516886431658013027,24,4,576,0,
70,868275091776447844739,24,4,576,0,
70,708511471817626946489,24,4,576,1,
70,922190677157519577079,24,4,576,0,
70,1033490764922392929157,24,4,576,0,
70,630966464101825980061,24,4,576,2,
70,711063942746300296819,24,4,576,0,
70,638376066456851032867,24,4,576,1,
70,659868065191832561773,24,4,576,0,
70,741337621255441450259,24,4,576,0,
70,595512454495477620719,24,4,576,0,
70,732691594626246309233,24,4,576,0,
70,893912742282131714161,24,4,576,2,
70,760897461641331813457,24,4,576,1,
70,859143204423319672037,24,4,576,0,
70,758032626344536340639,24,4,576,1,
70,673328750085514710557,24,4,576,0,
70,750013663054911916481,24,4,576,1,
70,698636301222250262783,24,4,576,0,
70,677419960587060491093,24,4,576,0,
70,1025973242633778201713,24,4,576,0,
70,613382224417959023281,24,4,576,0,
70,979326349147474941337,24,4,576,0,
70,741621016845269875577,24,4,576,1,
70,699623604428661809341,24,4,576,0,
70,692328677551502329901,24,4,576,0,
70,718564199710880392411,24,4,576,0,
70,1101467010912847554643,24,4,576,0,
70,853637599055698175629,24,4,576,0,
70,706369149127285728109,24,4,576,0,
70,761062998705261015739,24,4,576,0,
70,623136025968428015969,24,4,576,0,
70,676875906803352753983,24,4,576,0,
70,612986536700442512093,24,4,576,0,
70,759207366914523081293,24,4,576,1,
70,651405660013478131561,24,4,576,0,
70,623191651780823554837,24,4,576,1,
70,923164409626182685391,24,4,576,0,
70,711525688659739974481,24,4,576,0,
70,706710996953733173273,24,4,576,0,
70,920462566918522507049,24,4,576,0,
70,712743396603511075973,24,4,576,0,
70,735524550308509414963,24,4,576,0,
70,814166957641983947171,24,4,576,0,
70,931054487095188622799,24,4,576,0,
70,631144756765090821311,24,4,576,1,
70,1037936926679105725651,24,4,576,0,
70,868884300167746679281,24,4,576,0,
70,670851120601041720913,24,4,576,0,
70,608600353929647457227,24,4,576,0,
70,746265916190828354047,24,4,576,1,
70,602934825478774777817,24,4,576,2,
70,830676708279893090639,24,4,576,0,
70,617764828557506258311,24,4,576,0,
70,763967150203471435523,24,4,576,0,
70,613817756525521758589,24,4,576,0,
70,984027740150104754029,24,4,576,1,
70,775413820106785298449,24,4,576,1,
70,1073273796359828569823,24,4,576,0,
70,603660021750456786859,24,4,576,0,
70,1145963779426179833177,24,4,576,1,
70,722419892116700282611,24,4,576,1,
70,660288073295966295337,24,4,576,0,
70,611723144315385332147,24,4,576,1,
70,903437828490440822497,24,4,576,1,
70,755796057795927288313,24,4,576,0,
70,649015495671886848997,24,4,576,0,
70,616878946207192805561,24,4,576,1,
70,607739424925724038039,24,4,576,0,
70,922727717713786754927,24,4,576,0,
70,1020998478909612192881,24,4,576,0,
70,1038987994384124120507,24,4,576,1,
70,770742296853279153317,24,4,576,0,
70,1003770147613336797803,24,4,576,0,
70,949075290339990239977,24,4,576,1,
70,817672065323358970763,24,4,576,0,
70,897106829623179439919,24,4,576,0,
70,964059154222506807083,24,4,576,0,
70,832087358521457636581,24,4,576,0,
70,935724314505967017971,24,4,576,1,
70,620361933921063431543,24,4,576,1,
70,706817602186910832731,24,4,576,0,
70,654713747421983554087,24,4,576,0,
70,684540691218934718341,24,4,576,0,
70,603011825204830173749,24,4,576,0,
70,666455413075278436903,24,4,576,1,
70,765372309843965343449,24,4,576,0,
70,669527937184579327969,24,4,576,0,
70,1045446724886628801053,24,4,576,0,
70,594987641405142761849,24,4,576,1,
70,926529755260206284591,24,4,576,0,
70,598445781910993970399,24,4,576,0,
70,989054970239933027449,24,4,576,0,
70,931725944429570202967,24,4,576,0,
70,633022954704941257693,24,4,576,0,
70,709639586094764645197,24,4,576,0,
70,790697550174101764097,24,4,576,0,
70,939432053756760892529,24,4,576,1,
70,982688482332523703279,24,4,576,0,
70,757433743980753926393,24,4,576,0,
70,718412481537756673897,24,4,576,0,
70,600094354419406821217,24,4,576,1,
70,596882064756600040069,24,4,576,1,
70,604125538641742158953,24,4,576,0,
70,837536443383068202619,24,4,576,0,
70,612990072058308501283,24,4,576,2,
70,718681973653958608783,24,4,576,0,
70,745247841310490580113,24,4,576,0,
70,719905175259229068589,24,4,576,1,
70,679959799662529755857,24,4,576,0,
70,699186863569991436397,24,4,576,0,
70,911553597811375433699,24,4,576,0,
70,803714272530657176597,24,4,576,0,
70,713650027066252450549,24,4,576,0,
70,745520821857557311369,24,4,576,0,
70,647262380055977869439,24,4,576,0,
70,1074537418554235300387,24,4,576,0,
70,728831051911481380709,24,4,576,0,
70,692618288403896342023,24,4,576,0,
70,645312888595924105751,24,4,576,0,
70,935610113667464515619,24,4,576,0,
70,609421819486643242333,24,4,576,0,
70,636781737246630845677,24,4,576,0,
70,860134815528570988129,24,4,576,0,
70,1096094977425183363773,24,4,576,0,
70,605141488697865397451,24,4,576,0,
70,889339854461823575903,24,4,576,0,
70,927725436113434688309,24,4,576,0,
70,636849318850796427191,24,4,576,1,
70,706099486511085615973,24,4,576,0,
70,763557436757511537619,24,4,576,1,
70,601343616390133549901,24,4,576,1,
70,651969181495199828011,24,4,576,1,
70,736883388443455709543,24,4,576,0,
70,1002652177451206365563,24,4,576,0,
70,941269868773765965691,24,4,576,0,
70,1093441048792287208873,24,4,576,0,
70,665771619214898185001,24,4,576,0,
70,732547618949774756881,24,4,576,1,
70,807363547083126100693,24,4,576,1,
70,910920186882614963653,24,4,576,0,
70,805181878222221244477,24,4,576,0,
70,655371755440682186339,24,4,576,0,
70,622664591744359402499,24,4,576,0,
70,1034225299587550660613,24,4,576,0,
70,622313805317499043087,24,4,576,1,
70,765757920416474033677,24,4,576,0,
70,717524318683462371923,24,4,576,0,
70,784063770242315931773,24,4,576,0,
70,609325331709154381109,24,4,576,0,
70,680656020254978344519,24,4,576,0,
70,619154242877308733579,24,4,576,0,
70,964921706389969531603,24,4,576,0,
70,835417864599894197087,24,4,576,0,
70,602641805840893341841,24,4,576,0,
70,639037515852937188997,24,4,576,0,
70,768569135269747566353,24,4,576,0,
70,711703234193813521291,24,4,576,0,
70,667030312571193320443,24,4,576,0,
70,688557323927956389817,24,4,576,0,
70,880999201966269921823,24,4,576,0,
70,912742699524963716411,24,4,576,0,
70,894683221658429707859,24,4,576,0,
70,906234530758069741079,24,4,576,0,
70,636982676599548139561,24,4,576,0,
70,632036926028688642349,24,4,576,0,
70,657302390207203260043,24,4,576,0,
70,1033309246158210732037,24,4,576,0,
70,619535000556297676369,24,4,576,0,
70,806383944336486496597,24,4,576,2,
70,680371831150376601311,24,4,576,0,
70,684107787378718632421,24,4,576,0,
70,854662005058485152651,24,4,576,0,
70,688685886428644903993,24,4,576,0,
70,844007832465273201133,24,4,576,0,
70,717496068898543710463,24,4,576,0,
70,760169034617460485707,24,4,576,0,
70,989821621521260316017,24,4,576,0,
70,764267761476034599997,24,4,576,2,
70,627146023268360638981,24,4,576,0,
70,679493444536407264667,24,4,576,0,
70,671099833659544756861,24,4,576,0,
70,653160258593018831971,24,4,576,0,
70,620645604911324329879,24,4,576,0,
70,1005631507688130545317,24,4,576,1,
70,658447000889081316889,24,4,576,0,
70,590742860005135893481,24,4,576,1,
70,825502042738449851821,24,4,576,0,
70,591195914611779620929,24,4,576,2,
70,841006074857215954891,24,4,576,0,
70,925217249369959224131,24,4,576,0,
70,814696538679563343901,24,4,576,0,
70,860674850790728024239,24,4,576,0,
70,696657806799852034451,24,4,576,1,
70,903148831346159468579,24,4,576,0,
70,989666118021799964423,24,4,576,1,
70,767227590984102124463,24,4,576,0,
70,851798456873512633301,24,4,576,0,
70,679304754994085103703,24,4,576,0,
80,627635935130306074479407,27,4,729,0,
80,1109383312043702807474003,27,4,729,0,
80,778472147893209996850181,27,4,729,0,
80,703588853598911962715669,27,4,729,0,
80,859118047481435638428353,27,4,729,0,
80,745417100554505417765119,27,4,729,0,
80,660600527797355383740919,27,4,729,0,
80,811029310981627130831839,27,4,729,0,
80,629780048716194245225101,27,4,729,0,
80,662391053574072345522221,27,4,729,0,
80,652684240456695217810579,27,4,729,0,
80,1013104020199176463363007,27,4,729,0,
80,791651499918984272887139,27,4,729,0,
80,798816195659902514423299,27,4,729,0,
80,910045378376310499138027,27,4,729,0,
80,722003660934630720753463,27,4,729,0,
80,1163037006916637671794037,27,4,729,0,
80,638854761595771634998433,27,4,729,0,
80,932555789253008255306711,27,4,729,0,
80,807066204196881996509683,27,4,729,0,
80,797170054049157388686959,27,4,729,0,
80,1102496245427848847503229,27,4,729,1,
80,642788481050514472609139,27,4,729,0,
80,902825703348800751966689,27,4,729,0,
80,613872989252077070371501,27,4,729,0,
80,782790356864196504200851,27,4,729,0,
80,1004931475629549015225011,27,4,729,0,
80,764276600174496652009337,27,4,729,0,
80,920992196747750942906257,27,4,729,0,
80,952598238885808582096361,27,4,729,0,
80,1099588747495634261212601,27,4,729,0,
80,746934269141545739372087,27,4,729,0,
80,917938159410076261202227,27,4,729,0,
80,672530846358395032919159,27,4,729,0,
80,782411717029874953886503,27,4,729,0,
80,914689419686926342308319,27,4,729,0,
80,796443117613063169555587,27,4,729,0,
80,614893414943425604758769,27,4,729,0,
80,632844593906838112152163,27,4,729,0,
80,826193492788784900300399,27,4,729,0,
80,943155922083122010054667,27,4,729,0,
80,958127689263502085709677,27,4,729,0,
80,1150215423154946464379741,27,4,729,0,
80,980605579050884234848511,27,4,729,0,
80,626616801768727851146447,27,4,729,0,
80,1011123113898940153757783,27,4,729,0,
80,714686103603357306451867,27,4,729,0,
80,904258087252366789720069,27,4,729,0,
80,689538219242465916236359,27,4,729,0,
80,802864707581194830691291,27,4,729,0,
80,692868292329412710113021,27,4,729,0,
80,611076648512100415503899,27,4,729,0,
80,826144628356747718348087,27,4,729,0,
80,702466366362469397787499,27,4,729,0,
80,619270307518032382162913,27,4,729,0,
80,673340229296687016935659,27,4,729,0,
80,640771888224067903157017,27,4,729,0,
80,858864200515086980274029,27,4,729,0,
80,644908159277090909990527,27,4,729,0,
80,870401679461774272265027,27,4,729,0,
80,676682475210100687900937,27,4,729,0,
80,741236099924295869467663,27,4,729,0,
80,967501543369972728761863,27,4,729,0,
80,787670726234949827815553,27,4,729,0,
80,675495957798897457471247,27,4,729,0,
80,636078748901576074891957,27,4,729,0,
80,894911692847295088970269,27,4,729,0,
80,1178858012176622905312769,27,4,729,0,
80,632671060310859957869747,27,4,729,0,
80,1110833373961811366211341,27,4,729,0,
80,840886921591806419746271,27,4,729,0,
80,740994562680533129893811,27,4,729,0,
80,851725420733716546803871,27,4,729,0,
80,625129110765289518427937,27,4,729,0,
80,750725034676279075398229,27,4,729,0,
80,736882058324396596858483,27,4,729,0,
80,1080239645549287609784191,27,4,729,0,
80,1032505886755440895761287,27,4,729,0,
80,979015189522053338763833,27,4,729,1,
80,961489569555020028316109,27,4,729,0,
80,710025365004772028308253,27,4,729,0,
80,780458662417352227533977,27,4,729,1,
80,1066208977778056987157291,27,4,729,0,
80,739825619779143824878031,27,4,729,0,
80,889043922074460798537223,27,4,729,0,
80,611416254880576419757603,27,4,729,0,
80,1060197858475839492237823,27,4,729,1,
80,805382907586436641931393,27,4,729,0,
80,1027200803081462888192341,27,4,729,0,
80,663299776172990817742319,27,4,729,0,
80,832945311689531127222923,27,4,729,0,
80,823366108557583589170409,27,4,729,0,
80,933685817098382687194679,27,4,729,0,
80,642241205132991711100303,27,4,729,0,
80,766408221863239880561339,27,4,729,0,
80,930656388511211728776451,27,4,729,0,
80,816354513550934794005077,27,4,729,0,
80,962297733151416039287197,27,4,729,0,
80,717843611620001582937853,27,4,729,0,
80,695843160461240383310681,27,4,729,0,
80,901771672364557110517097,27,4,729,0,
80,933897030892235827640869,27,4,729,0,
80,612688166139671071281203,27,4,729,0,
80,672248760549681039300689,27,4,729,0,
80,1122763327998439455917717,27,4,729,0,
80,913161555843214648423393,27,4,729,0,
80,1185274852114572506744407,27,4,729,0,
80,790635788305441104779897,27,4,729,0,
80,657032711132911823908993,27,4,729,0,
80,840761141298522859473587,27,4,729,0,
80,1051745982795583083294271,27,4,729,0,
80,1071472892010508746962669,27,4,729,0,
80,970224044379931564862321,27,4,729,0,
80,962643205384945451462773,27,4,729,0,
80,1058657454733345317261949,27,4,729,0,
80,807486305914053497404027,27,4,729,0,
80,669275710621712560764889,27,4,729,0,
80,785013313810144083463831,27,4,729,0,
80,923636128227380050405261,27,4,729,0,
80,610122264821641666711913,27,4,729,0,
80,713432407826824975520437,27,4,729,0,
80,936654778935641126386031,27,4,729,0,
80,1078743610041939196836671,27,4,729,0,
80,605783302680549587875417,27,4,729,0,
80,809299263836303722619983,27,4,729,0,
80,689082817139131917356641,27,4,729,0,
80,635277127969864425738221,27,4,729,0,
80,1026562999537869310223191,27,4,729,0,
80,934812786680022911052443,27,4,729,0,
80,876736717005203326005329,27,4,729,0,
80,762394856047680660378493,27,4,729,0,
80,768036367900315044575299,27,4,729,0,
80,745668554790248422380841,27,4,729,0,
80,741289200437918737254641,27,4,729,0,
80,655385014737460754479079,27,4,729,0,
80,641774073073365493527517,27,4,729,0,
80,928796913392728000045493,27,4,729,0,
80,829636779683840056746863,27,4,729,0,
80,626380918656592309573331,27,4,729,0,
80,832479778984523149873961,27,4,729,0,
80,745320275976498292478761,27,4,729,0,
80,1104546885535470587330761,27,4,729,0,
80,697781582103362338984063,27,4,729,0,
80,633778888284696706433153,27,4,729,1,
80,671878566558674712723853,27,4,729,0,
80,823759842696463219638347,27,4,729,0,
80,802513967750082072908317,27,4,729,0,
80,793058535203775703697339,27,4,729,0,
80,1074221907073243792260379,27,4,729,0,
80,786383957119336303772221,27,4,729,0,
80,638868968344860610355857,27,4,729,0,
80,922688732140688879457887,27,4,729,0,
80,939321553670851487816747,27,4,729,0,
80,938964680507503333385789,27,4,729,0,
80,993372684176377602789401,27,4,729,0,
80,814710190016128453142611,27,4,729,0,
80,1136019078129093653514983,27,4,729,0,
80,670041116088637513035863,27,4,729,0,
80,678427280509010585810809,27,4,729,1,
80,1022913548100732718992739,27,4,729,0,
80,680136269016719821612577,27,4,729,1,
80,613858358214053853397813,27,4,729,0,
80,724975052491112134945873,27,4,729,0,
80,965771694049359881081753,27,4,729,0,
80,800310803547278464986239,27,4,729,0,
80,937199174811205919545871,27,4,729,0,
80,672546685154957991909877,27,4,729,0,
80,730158197866183832951587,27,4,729,0,
80,812361498296812476097651,27,4,729,0,
80,909528698362891188716983,27,4,729,0,
80,647170676296048883912341,27,4,729,0,
80,694971227242206455230667,27,4,729,0,
80,848817310306578516757297,27,4,729,0,
80,918546087316860147317933,27,4,729,0,
80,1184751419094368754981817,27,4,729,0,
80,724802819088026624768531,27,4,729,0,
80,643614189410690016714119,27,4,729,0,
80,636291976581474422942461,27,4,729,0,
80,949529579390707206400843,27,4,729,0,
80,1072742913246925414459159,27,4,729,0,
80,655402683004771675845241,27,4,729,1,
80,608900171311560477359287,27,4,729,0,
80,674534192344250913932627,27,4,729,0,
80,977663597649214736527781,27,4,729,0,
80,632977443377053981228307,27,4,729,0,
80,726694089897545577442619,27,4,729,0,
80,732464935394585201118403,27,4,729,0,
80,890123095019380113197357,27,4,729,0,
80,917233968418020644784431,27,4,729,0,
80,617278095736077886885543,27,4,729,0,
80,640066966873039028681689,27,4,729,0,
80,739786158627523067604151,27,4,729,0,
80,687452934308426413203371,27,4,729,0,
80,913887540551842159240831,27,4,729,0,
80,732318075358719904456429,27,4,729,0,
80,1032208026497142978655201,27,4,729,0,
80,754239828439312608011197,27,4,729,0,
80,610656274440555323982041,27,4,729,0,
80,655642890247002559954427,27,4,729,0,
80,674293020433260601146937,27,4,729,0,
80,755336898460162720369853,27,4,729,0,
80,1035138182622207460960213,27,4,729,0,
80,748821526967868891996119,27,4,729,0,
80,690831270392513544848201,27,4,729,0,
80,662283168148982781772667,27,4,729,0,
80,664783016170752895230679,27,4,729,0,
80,916596744017592768045983,27,4,729,0,
80,983476161683618157225199,27,4,729,0,
80,888169764798014066292179,27,4,729,0,
80,862776397106110816844941,27,4,729,0,
80,636822608226535986382081,27,4,729,0,
80,884231172334931722290757,27,4,729,0,
80,692715832621331879497087,27,4,729,0,
80,785875528538870357537393,27,4,729,0,
80,743288155867035964809557,27,4,729,0,
80,959577444750382832175413,27,4,729,0,
80,754622352073713642707393,27,4,729,0,
80,693948418076129465611823,27,4,729,0,
80,662722891709312679687301,27,4,729,0,
80,846020216612349137362363,27,4,729,0,
80,619776446366677963813691,27,4,729,0,
80,1001806852326729470199727,27,4,729,0,
80,773892689424440280449291,27,4,729,0,
80,952823997821173805144567,27,4,729,0,
80,964791701106449610101731,27,4,729,0,
80,925339812489579196158529,27,4,729,0,
80,769799169608996169119749,27,4,729,0,
80,797668526588463828318791,27,4,729,0,
80,666111365788415955310099,27,4,729,0,
80,1082971339783004344111381,27,4,729,0,
80,769185921269704985074571,27,4,729,0,
80,772579887933520489412257,27,4,729,0,
80,1024244444323478574439003,27,4,729,0,
80,741015028371740922612401,27,4,729,0,
80,732231853160409013561367,27,4,729,0,
80,618915518110719137019427,27,4,729,0,
80,840658253890198648447201,27,4,729,0,
80,766106016208624618101583,27,4,729,0,
80,958887473664614745811453,27,4,729,0,
80,700533750140099768882113,27,4,729,0,
80,630036515650322381929921,27,4,729,0,
80,837066649982294765814163,27,4,729,0,
80,694433534282573796988261,27,4,729,0,
80,664082821454565242800339,27,4,729,0,
80,793737640195816799067901,27,4,729,0,
80,1016330883833693763494683,27,4,729,0,
80,654630365651510400336803,27,4,729,0,
80,949780872625180360435361,27,4,729,0,
80,618089278432616077429229,27,4,729,0,
80,1110012776834598852635557,27,4,729,0,
80,1055445547760414003424373,27,4,729,0,
80,993102839633586003641141,27,4,729,0,
80,768036558926139148991207,27,4,729,0,
80,632386765477727122140119,27,4,729,0,
80,692208618437094555439477,27,4,729,0,
80,739632215950618592900323,27,4,729,0,
80,842915251890218616329173,27,4,729,0,
80,772057765324696767289463,27,4,729,0,
80,618262468204648827782309,27,4,729,0,
80,635224403892410887817923,27,4,729,0,
80,620807823180359454634177,27,4,729,0,
80,673525100363999875109423,27,4,729,0,
80,717823535729883017967187,27,4,729,0,
80,819033642008255904949447,27,4,729,0,
80,1066446300449276008661279,27,4,729,0,
80,660011954408421459068617,27,4,729,0,
80,860603918919178448661709,27,4,729,0,
80,749849936441951760366977,27,4,729,0,
80,865074826344857638431059,27,4,729,0,
80,694920728321063330049349,27,4,729,0,
80,1121198012210077733118013,27,4,729,0,
80,677312125024481833494571,27,4,729,0,
80,716847276010217384242117,27,4,729,0,
80,856909851170822792728967,27,4,729,0,
80,905332624532241011733229,27,4,729,0,
80,1028819529140352864751423,27,4,729,0,
80,713290127649687885447769,27,4,729,0,
80,763104595989939284374841,27,4,729,0,
80,754567576142996299388087,27,4,729,0,
80,666423963572119856403877,27,4,729,0,
80,789449900759082601467343,27,4,729,0,
80,660341524219562024068529,27,4,729,0,
80,641609685146559494558657,27,4,729,0,
80,909964238971445148574079,27,4,729,0,
80,1091283996648098673189457,27,4,729,0,
80,676346667050329370222791,27,4,729,0,
80,651875168964393208404953,27,4,729,0,
80,832995799966870887185089,27,4,729,0,
80,991994218305653948742503,27,4,729,0,
80,626834561277044178648167,27,4,729,0,
80,819510253155658414419451,27,4,729,0,
80,670587457886108298144841,27,4,729,0,
80,807358278376935170668577,27,4,729,0,
80,833725865843658849268201,27,4,729,1,
80,705028624464020600051603,27,4,729,0,
80,967535347353960619684231,27,4,729,0,
80,1066349545636695591890611,27,4,729,0,
80,724159606654438246324673,27,4,729,0,
80,760403094849382083689893,27,4,729,1,
80,818149724908299029217407,27,4,729,0,
80,608000340130875065747599,27,4,729,0,
80,909191619130576300326781,27,4,729,0,
80,799144847225291895767711,27,4,729,0,
80,801756130882975381497437,27,4,729,0,
80,812375478416360069223973,27,4,729,0,
80,789020670516187582889921,27,4,729,0,
80,858314420339868618063583,27,4,729,0,
80,641813526713043886120529,27,4,729,0,
80,718098210169608857147161,27,4,729,0,
80,863034877548504952016881,27,4,729,0,
80,663627162937999904636903,27,4,729,0,
80,681797636295870106688287,27,4,729,0,
80,753523627707326956766051,27,4,729,0,
80,860541849550571250944347,27,4,729,0,
80,642764397333193474607923,27,4,729,0,
80,613616217105296370357361,27,4,729,0,
80,635115000417272644809829,27,4,729,0,
80,673819823515923062860001,27,4,729,0,
80,613945514521575509622091,27,4,729,0,
80,987199066325095277721187,27,4,729,0,
80,721623912146609001440821,27,4,729,0,
80,658446148923276667691531,27,4,729,0,
80,930300327199870557446431,27,4,729,0,
80,637911744812934979364633,27,4,729,0,
80,654353764259903768754277,27,4,729,0,
80,669855392468528057602913,27,4,729,0,
80,708872160243311956360681,27,4,729,0,
80,740781163222244394427337,27,4,729,0,
80,827473594722655782478201,27,4,729,0,
80,1011096300502795383528073,27,4,729,0,
80,638263430747908962095683,27,4,729,0,
80,970823017482071103709439,27,4,729,0,
80,723813746447241706146283,27,4,729,0,
80,684871699511686167160391,27,4,729,0,
80,1092937751216356964040679,27,4,729,0,
80,1063955175320465296840973,27,4,729,0,
80,1108602642605602734464573,27,4,729,0,
80,1033017850391784633065453,27,4,729,0,
80,816165977083502634215983,27,4,729,0,
80,977940703857217154123081,27,4,729,0,
80,769038380145492423825713,27,4,729,0,
80,762891737169773352448639,27,4,729,0,
80,631292020416168614793187,27,4,729,0,
80,755029730270128193197747,27,4,729,0,
80,944682428748587127208769,27,4,729,0,
80,819268733567453218711457,27,4,729,0,
80,687172048488591073340633,27,4,729,1,
80,802317099297369610004173,27,4,729,0,
80,878949755650241356597073,27,4,729,0,
80,679392201847295528509873,27,4,729,0,
80,674129427763057420567403,27,4,729,0,
80,1041576101735084202595361,27,4,729,0,
80,611977564028200164573073,27,4,729,0,
80,743129867334814994957393,27,4,729,0,
80,649889797277818651403501,27,4,729,0,
80,1048331511786029354799119,27,4,729,0,
80,631941981606315423818153,27,4,729,0,
80,617331810099447637679899,27,4,729,0,
80,720205564126974632848489,27,4,729,0,
80,647267688606977822864917,27,4,729,0,
80,739660335979779878838827,27,4,729,0,
80,679191250619633475561223,27,4,729,0,
80,870431708459844591582817,27,4,729,0,
80,828271573859164193469829,27,4,729,0,
80,759719036670279273224543,27,4,729,0,
80,616815171991548032286683,27,4,729,0,
80,679727824051133579075093,27,4,729,0,
80,639048300392794188976609,27,4,729,0,
80,613133404507077188275291,27,4,729,0,
80,625760970146354573084369,27,4,729,0,
80,944363252040904665911371,27,4,729,0,
80,1105693235670092081384089,27,4,729,0,
80,889919734961820897310373,27,4,729,0,
80,783307679898205541106169,27,4,729,0,
80,645767209634733884829841,27,4,729,0,
80,628112214666500388574553,27,4,729,0,
80,928601908394806363461703,27,4,729,0,
80,634773760177383813450967,27,4,729,0,
80,780580774556312296184441,27,4,729,0,
80,663654796400148495145153,27,4,729,0,
80,679770195213327963192137,27,4,729,0,
80,783184812808330910252173,27,4,729,0,
80,790396789852179890797453,27,4,729,0,
80,803817037402573459223177,27,4,729,0,
80,1132726511178268127267543,27,4,729,0,
80,675659921377251991846741,27,4,729,0,
80,802002940912321500086897,27,4,729,0,
80,853762751536572203380807,27,4,729,0,
80,1031012084393064185106469,27,4,729,0,
80,932203901882252435636869,27,4,729,0,
80,939694423691803907949077,27,4,729,0,
80,853371011942599856287733,27,4,729,0,
80,824891977309754837411983,27,4,729,0,
80,612737657862911594067991,27,4,729,0,
80,834533900027779656440899,27,4,729,0,
80,761747918921952429106723,27,4,729,0,
80,698508170418056588200459,27,4,729,0,
80,846754263626247735276883,27,4,729,0,
80,805302423113413872000071,27,4,729,0,
80,668536683013603321974193,27,4,729,0,
80,762400520063927346431651,27,4,729,0,
80,675806186930983313755631,27,4,729,0,
80,946280334479922835197019,27,4,729,0,
80,688717194048245912950913,27,4,729,0,
80,633372315961136865292189,27,4,729,0,
80,660788822223636818295527,27,4,729,0,
80,779817975968386628620793,27,4,729,0,
80,657638727469379636199041,27,4,729,0,
80,827229882632862851797099,27,4,729,0,
80,765951360522179996516501,27,4,729,0,
80,686901700166122774676507,27,4,729,0,
80,686137289609838331983233,27,4,729,0,
80,951584622997663438440791,27,4,729,0,
80,818133417985062184080737,27,4,729,0,
80,646046051725742867267891,27,4,729,0,
80,909067571219938438048771,27,4,729,0,
80,729698145497284228476997,27,4,729,0,
80,779177091529685696994163,27,4,729,0,
80,670834610638192574693851,27,4,729,0,
80,695443799203362244873129,27,4,729,0,
80,693272085677959597480049,27,4,729,0,
80,626372953004373480276571,27,4,729,0,
80,882321532305850200462221,27,4,729,0,
80,805413676214753794928461,27,4,729,0,
80,747682542538619255409481,27,4,729,0,
80,1037381597834793408041561,27,4,729,0,
80,741169465612687127027807,27,4,729,0,
80,737631322179134596892377,27,4,729,0,
80,894708174571274556507437,27,4,729,0,
80,891342226617263311025713,27,4,729,0,
80,619620517813634536798453,27,4,729,0,
80,781042124652669747920071,27,4,729,0,
80,915949571139049530247349,27,4,729,0,
80,770569256462940759887207,27,4,729,0,
80,928122944879218353673091,27,4,729,0,
80,907190022904167490133801,27,4,729,0,
80,616725877934768995231123,27,4,729,0,
80,632325975259200415522531,27,4,729,0,
80,621547960116875271449051,27,4,729,0,
80,609235991456863622484203,27,4,729,0,
80,649081839219284419253033,27,4,729,0,
80,661686864600191434034539,27,4,729,0,
80,726515050897866740065343,27,4,729,0,
80,667055760119747034484043,27,4,729,0,
80,736876191922616889868421,27,4,729,0,
80,1011876733979733202226579,27,4,729,0,
80,633651164972547904837147,27,4,729,0,
80,616292390609777744733817,27,4,729,0,
80,958732195061677148735899,27,4,729,0,
80,940185727642002532387597,27,4,729,0,
80,803231679573339797954951,27,4,729,0,
80,693361161936849585714961,27,4,729,0,
80,668894975337764655934907,27,4,729,0,
80,738670617766146010154173,27,4,729,0,
80,694787884236421668744967,27,4,729,0,
80,654091086426943498097003,27,4,729,0,
80,824128153541451626333881,27,4,729,0,
80,731674039410795513055757,27,4,729,0,
80,640942976084149873106663,27,4,729,0,
80,798602649421594641200881,27,4,729,0,
80,655487909827031793990823,27,4,729,0,
80,849349839722442303887359,27,4,729,0,
80,714878258390035515556633,27,4,729,0,
80,808586776360266300272641,27,4,729,0,
80,604568626904785387315403,27,4,729,0,
80,664009940066897390598763,27,4,729,0,
80,719359119164705273769551,27,4,729,0,
80,674717731533828998481143,27,4,729,0,
80,921846274751587195831633,27,4,729,0,
80,763981048890225609975877,27,4,729,0,
80,995884242098241124626073,27,4,729,0,
80,836630974925493693809573,27,4,729,0,
80,604537652544580101051373,27,4,729,0,
80,766694847020126875884199,27,4,729,0,
80,669709192992182045855599,27,4,729,0,
80,677065437766062745050109,27,4,729,0,
80,972395757762055106572997,27,4,729,0,
80,819360720189799803465119,27,4,729,0,
80,847377885990728969702213,27,4,729,0,
80,815222067986982711683291,27,4,729,0,
80,954814481096400158474521,27,4,729,0,
80,753022135887523630087571,27,4,729,0,
80,845058829359392338648273,27,4,729,0,
80,719870830471993639996943,27,4,729,0,
80,868426332801387168435337,27,4,729,0,
80,865261312716049777759349,27,4,729,0,
80,924687781711867977027493,27,4,729,0,
80,780350473034041331374307,27,4,729,0,
80,1067155103033357258496461,27,4,729,0,
80,645483408404805245775803,27,4,729,0,
80,810918374109793957076893,27,4,729,0,
80,670163047411600392055433,27,4,729,0,
80,866555030874218040949219,27,4,729,0,
80,627988124884816705993553,27,4,729,0,
80,1021705606547041681714721,27,4,729,0,
80,652991212466078710865089,27,4,729,0,
80,695464212344821078567271,27,4,729,0,
80,966998835862486675680277,27,4,729,0,
80,731699895538144488695501,27,4,729,0,
80,708839433628328155015091,27,4,729,0,
90,785060091490486090530796313,30,4,900,0,
90,929942747142788168786292853,30,4,900,0,
90,734870828175984927636531869,30,4,900,0,
90,759431385774643903024259707,30,4,900,0,
90,703789206216090173645724509,30,4,900,0,
90,984041139849402276261818327,30,4,900,0,
90,628951745904018558731983279,30,4,900,0,
90,924751752011264508681747413,30,4,900,0,
90,703413682196049255819109847,30,4,900,0,
90,684197278866989210021728307,30,4,900,0,
90,752711951254714836588543463,30,4,900,0,
90,981388521350512619685130663,30,4,900,0,
90,881995903685785323230023303,30,4,900,0,
90,868728714830194702030104469,30,4,900,1,
90,672237795103801219631477609,30,4,900,0,
90,769114685702219430399719941,30,4,900,0,
90,633640070277789995665756513,30,4,900,0,
90,658479396537391614545881091,30,4,900,0,
90,913185660379624538689530373,30,4,900,0,
90,785651519375208329085252823,30,4,900,0,
90,624018431089142008346137817,30,4,900,0,
90,866841850556292748683746107,30,4,900,0,
90,819615199604197230168480257,30,4,900,0,
90,667470746075581350756572861,30,4,900,0,
90,723245268529680756372965147,30,4,900,0,
90,672491411194844119104995759,30,4,900,0,
90,801687290084085515003272187,30,4,900,0,
90,772821562498313108898543259,30,4,900,0,
90,703154268378585488937438089,30,4,900,0,
90,854879958713604237791133073,30,4,900,0,
90,1060296833323533832729965961,30,4,900,0,
90,760967479555179965938116677,30,4,900,0,
90,712848774122540469382303613,30,4,900,0,
90,805584048561041986469335591,30,4,900,0,
90,675702523691708833955499509,30,4,900,0,
90,907533601612341972188211409,30,4,900,0,
90,646987402539676008917936477,30,4,900,0,
90,710229013099422459063402001,30,4,900,0,
90,783828666469786829275612721,30,4,900,0,
90,846296249204741904564521077,30,4,900,0,
90,641062359936435810261975113,30,4,900,0,
90,709618011897334055319878687,30,4,900,0,
90,877674816177653234945432651,30,4,900,0,
90,645956249093719383887468977,30,4,900,0,
90,742766804957336989496315141,30,4,900,0,
90,744610365802961944571550667,30,4,900,0,
90,713871873420978638426699053,30,4,900,0,
90,624329020168852723278947699,30,4,900,0,
90,823714381625956106060808791,30,4,900,0,
90,1058515136408282740941358873,30,4,900,0,
90,1063893812700444927946073807,30,4,900,0,
90,642387474136955086826850029,30,4,900,0,
90,880701357336631064577841999,30,4,900,0,
90,1044068719374583127793872131,30,4,900,0,
90,722811577431846803956798849,30,4,900,0,
90,803638096634596228624594067,30,4,900,0,
90,724533726755457496317332579,30,4,900,0,
90,666098249532092804669523569,30,4,900,0,
90,1077906695800842188099779937,30,4,900,0,
90,743895505664782746571335379,30,4,900,0,
90,1069116058669952011579212167,30,4,900,0,
90,798260423541988947768467507,30,4,900,0,
90,933463644220039475074117519,30,4,900,0,
90,1125406117107560827430088713,30,4,900,0,
90,964757067976380118286035907,30,4,900,0,
90,883797349901018275248556363,30,4,900,0,
90,635494180194066546196448977,30,4,900,0,
90,723869044537000445595896977,30,4,900,0,
90,651517120035448842149718427,30,4,900,0,
90,676337471613622924291141561,30,4,900,0,
90,1056852086425980227306509843,30,4,900,0,
90,938127411813839058634191203,30,4,900,0,
90,1101121538340765315214070677,30,4,900,0,
90,1002176029353694100449920433,30,4,900,0,
90,749146554480006034739315161,30,4,900,0,
90,885776549458354158899318473,30,4,900,0,
90,968175563945689277182328953,30,4,900,0,
90,1090759062456833534379500731,30,4,900,0,
90,665228713289622785970458851,30,4,900,0,
90,863392400615637126914766139,30,4,900,0,
90,741308217179034408408501121,30,4,900,0,
90,839265001494833368141362673,30,4,900,0,
90,793424826391388388285856081,30,4,900,0,
90,620420391606730789171037641,30,4,900,0,
90,720212846097174419510303089,30,4,900,0,
90,965335036730777613663980369,30,4,900,0,
90,737128353451709972951851031,30,4,900,0,
90,699324244504630931793033589,30,4,900,0,
90,679426698433294196310981563,30,4,900,0,
90,795151700013195973783217111,30,4,900,0,
90,772696329970963293022274813,30,4,900,0,
90,689627568839396611637861521,30,4,900,0,
90,916181239324976308039372843,30,4,900,0,
90,1082809252007655294764152127,30,4,900,0,
90,748177663274719032691456541,30,4,900,0,
90,713253794142713523925955029,30,4,900,0,
90,647730634770317871016135733,30,4,900,0,
90,1085958733055104540668641707,30,4,900,0,
90,697754884013003317981202297,30,4,900,0,
90,793072230255204093786968759,30,4,900,0,
90,655218519314765631150657271,30,4,900,0,
90,707831566138807763404292213,30,4,900,0,
90,935431997952451569137742953,30,4,900,0,
90,722556583667905530204915451,30,4,900,0,
90,1189047310104908257636348241,30,4,900,0,
90,652502269515565903991523061,30,4,900,0,
90,642844286752519010403205067,30,4,900,0,
90,909294380937826691026719011,30,4,900,0,
90,935906445291752976806339741,30,4,900,0,
90,1084558167521692983806844601,30,4,900,0,
90,746337983007511314739215361,30,4,900,0,
90,702278690617645786110510557,30,4,900,0,
90,860490777104762649679210061,30,4,900,0,
90,778901814573220476832715251,30,4,900,0,
90,815982278821779830419597201,30,4,900,0,
90,695389252645951707514714223,30,4,900,0,
90,810212181765283176015097361,30,4,900,0,
90,731744766812390298083825329,30,4,900,0,
90,688826435524700303318769949,30,4,900,0,
90,674609943629952252424804229,30,4,900,0,
90,996747531741573652092417331,30,4,900,0,
90,713502678702852006608168273,30,4,900,0,
90,979708294224421446002479643,30,4,900,0,
90,932630274573723477729488383,30,4,900,0,
90,1022513911336822856796097987,30,4,900,0,
90,802208541075398084551454497,30,4,900,0,
90,716113431778426251344525911,30,4,900,0,
90,931737666365946575934696613,30,4,900,0,
90,680430427708542989188571899,30,4,900,0,
90,882150207758577861285856117,30,4,900,0,
90,994745443780941698205028517,30,4,900,0,
90,763825886453880666100061789,30,4,900,0,
90,625884348158952075722798413,30,4,900,0,
90,950367488420549989976256313,30,4,900,0,
90,792531982240472669817298637,30,4,900,0,
90,845511403141191835572648653,30,4,900,0,
90,859376733223913843087220131,30,4,900,0,
90,824780522049896820184182727,30,4,900,0,
90,774763031146061890466663053,30,4,900,0,
90,1058163548555405402662704731,30,4,900,0,
90,1026483261592575107248477577,30,4,900,0,
90,691510123360466403149173877,30,4,900,0,
90,880870945572428794205369879,30,4,900,0,
90,675749062583818311482415001,30,4,900,0,
90,638755931603663098430736199,30,4,900,0,
90,690749293880834811722457031,30,4,900,0,
90,877158088615563476421099929,30,4,900,0,
90,668150852007382734373458377,30,4,900,0,
90,732588070307638684378633297,30,4,900,0,
90,782026819553216898650094947,30,4,900,0,
90,685634939574197017941781681,30,4,900,0,
90,807534956960558415545715739,30,4,900,0,
90,620630676787979876406602297,30,4,900,0,
90,917398598492349250496856937,30,4,900,0,
90,710019043266696353231047459,30,4,900,0,
90,745121570014033575078285599,30,4,900,0,
90,668462682840495366348237329,30,4,900,0,
90,793022669310569325016726951,30,4,900,0,
90,671557147838942277639257431,30,4,900,0,
90,997178130990961413430030337,30,4,900,0,
90,649292508014226503230463183,30,4,900,0,
90,770916360872974246862706277,30,4,900,0,
90,1017236929699544333134076431,30,4,900,0,
90,786144208653281148584871047,30,4,900,0,
90,634989003491366824116626969,30,4,900,0,
90,1131261723337603706364510289,30,4,900,0,
90,735034351676277033368163713,30,4,900,0,
90,689381717542742223266996237,30,4,900,0,
90,848345984047659164481083399,30,4,900,0,
90,706474216266950051759940527,30,4,900,0,
90,1168869517796628379372067953,30,4,900,0,
90,654484046149423462596429739,30,4,900,0,
90,771751429313339844259587019,30,4,900,0,
90,890587581303515549559495233,30,4,900,0,
90,798382558271466263961875003,30,4,900,0,
90,622547364624056057382860921,30,4,900,0,
90,643147882288273083141931009,30,4,900,0,
90,826047021868486730829992107,30,4,900,0,
90,873336735007038365008099757,30,4,900,0,
90,684916331674271008725978197,30,4,900,0,
90,698797375352413537903569403,30,4,900,0,
90,734028565510814119349334527,30,4,900,0,
90,910680968638084158803172853,30,4,900,0,
90,721454979760227152672609743,30,4,900,0,
90,815002094926610699262472009,30,4,900,0,
90,937594672566005691723924161,30,4,900,0,
90,663531149610730165172493313,30,4,900,0,
90,954671601870259168816394849,30,4,900,0,
90,722599559802727937419897781,30,4,900,0,
90,867494550050245061221985501,30,4,900,0,
90,670354266926064310671013123,30,4,900,0,
90,937047841234852854620494853,30,4,900,0,
90,746884346332212712752327923,30,4,900,0,
90,693838066050923958198506909,30,4,900,0,
90,1054692959452931487436229123,30,4,900,0,
90,695914787310319459325854247,30,4,900,0,
90,1033204910388379446567581101,30,4,900,0,
90,695115096396489718646330911,30,4,900,0,
90,1032033996900238961556460343,30,4,900,0,
90,650683419043855317334950601,30,4,900,0,
90,622375106554454191731352487,30,4,900,0,
90,640776954653962114124994947,30,4,900,0,
90,887709122318383417478493257,30,4,900,0,
90,687987488498395592857562833,30,4,900,0,
90,689491565024491713315047477,30,4,900,0,
90,945775431118143134174503753,30,4,900,0,
90,978540337792126513078012423,30,4,900,0,
90,705891776751911205879003563,30,4,900,0,
90,873353502983462648397640547,30,4,900,0,
90,744040964058621606583579309,30,4,900,0,
90,1185745949268085903322573159,30,4,900,0,
90,689140667965602757543178773,30,4,900,0,
90,650851701207010447327874731,30,4,900,0,
90,833704972720459615846175213,30,4,900,1,
90,819280466967340603185986093,30,4,900,0,
90,843660680444271574537298843,30,4,900,0,
90,689871146608188222494289673,30,4,900,0,
90,770598250725237714338584691,30,4,900,0,
90,762560777523125502425975221,30,4,900,0,
90,782290741568835679710104453,30,4,900,0,
90,704377363588876786555987369,30,4,900,0,
90,625100755241890734694999571,30,4,900,0,
90,662778357324655179768839429,30,4,900,0,
90,1180407280758504120909343777,30,4,900,0,
90,884087711922128710027489309,30,4,900,0,
90,761322223444319197893757807,30,4,900,0,
90,677034714046977010618941647,30,4,900,0,
90,1038796708761713324007687569,30,4,900,0,
90,746358222879115853787238103,30,4,900,0,
90,864091673437005292444395619,30,4,900,1,
90,702972679115298810658074031,30,4,900,0,
90,1018074804266006364871713757,30,4,900,0,
90,749290512893945600493717017,30,4,900,0,
90,825852347116884808644339901,30,4,900,0,
90,693509890632133270977852229,30,4,900,0,
90,761166105983197687188045811,30,4,900,0,
90,656070039212180988277140253,30,4,900,0,
90,982284836721975876198072487,30,4,900,0,
90,658089323130206539013906627,30,4,900,0,
90,798153960640023285673686763,30,4,900,0,
90,622048170820181076642318019,30,4,900,0,
90,839402362818433059011828563,30,4,900,0,
90,856625708387506988632840939,30,4,900,0,
90,665998809574198723984502359,30,4,900,0,
90,665384607450554611616913439,30,4,900,0,
90,926533892753008417912778357,30,4,900,0,
90,918812315347758746734881617,30,4,900,0,
90,656458163546076064689182393,30,4,900,0,
90,1024526189892675073831442953,30,4,900,0,
90,844443222264548825912133977,30,4,900,0,
90,1000663911532943062727616953,30,4,900,0,
90,639953883331381187640731399,30,4,900,0,
90,672277381754172636775044001,30,4,900,0,
90,792386369190815894561082697,30,4,900,0,
90,732123541420903819367043203,30,4,900,0,
90,782774995567547114605648663,30,4,900,0,
90,734779802783706836959614893,30,4,900,0,
90,646077994975761620834368927,30,4,900,0,
90,870579238509942988242110551,30,4,900,0,
90,695857900516086268712060417,30,4,900,0,
90,731148117794146811125024363,30,4,900,0,
90,795879557857238259911271299,30,4,900,0,
90,784258399686518008711810223,30,4,900,0,
90,626636785261902941722656569,30,4,900,0,
90,644144073479597476891151161,30,4,900,0,
90,670877912749937664647447029,30,4,900,0,
90,825500402797819329109679747,30,4,900,0,
90,996581547065617832359080221,30,4,900,0,
90,797530998387431699141043389,30,4,900,0,
90,822347794522581834142202761,30,4,900,0,
90,642856503126732855475379219,30,4,900,0,
90,1127904114809035482751365539,30,4,900,0,
90,916675352481523551844784929,30,4,900,0,
90,661256606697233760620142133,30,4,900,0,
90,793448582479133067816685073,30,4,900,1,
90,627347021590189858337231213,30,4,900,0,
90,953504442492538728795676177,30,4,900,0,
90,767254178283560308674021233,30,4,900,0,
90,634988953998468701115862451,30,4,900,0,
90,891573332691054310179160331,30,4,900,0,
90,924110059056159363356182453,30,4,900,0,
90,994082624599846315832580673,30,4,900,0,
90,1009964072363709896293476449,30,4,900,0,
90,1023163940746505817780592403,30,4,900,0,
90,746044962267528329802707603,30,4,900,0,
90,1138145075256811863394552393,30,4,900,0,
90,737487200101503256654351423,30,4,900,0,
90,1102028219145224100875768863,30,4,900,0,
90,714379600282091834644030999,30,4,900,0,
90,808728335047641073678716121,30,4,900,0,
90,1035232743166985891776054223,30,4,900,0,
90,867258855932873075269320677,30,4,900,0,
90,1152736716023859437495597021,30,4,900,0,
90,713631975968457366250265369,30,4,900,0,
90,811489017762509909069412163,30,4,900,0,
90,1055779376433620377591071991,30,4,900,0,
90,962966700937219288254791491,30,4,900,0,
90,638439022687005783652171583,30,4,900,0,
90,720368680545660375396414007,30,4,900,0,
90,667736043157643568926177081,30,4,900,0,
90,885767735591695904136566623,30,4,900,0,
90,736211437570979043568697087,30,4,900,0,
90,685155439283624025503324519,30,4,900,0,
90,1049476533151624534246651253,30,4,900,0,
90,887589620447022662461551277,30,4,900,0,
90,1000316281748576895837050527,30,4,900,0,
90,885672949054149959078375009,30,4,900,0,
90,1035004841248427623009988477,30,4,900,0,
90,890906153161014493256910743,30,4,900,0,
90,948367937223188225674836547,30,4,900,0,
90,655786268380512123104652799,30,4,900,0,
90,647674581306279832094298307,30,4,900,0,
90,720971339970628952791620869,30,4,900,0,
90,917984653571060963097032359,30,4,900,0,
90,1005668783952903616232424949,30,4,900,0,
90,745310321722095196063327547,30,4,900,0,
90,715654602643662131076444239,30,4,900,0,
90,641759991627797563009349381,30,4,900,0,
90,867482039900685942746714231,30,4,900,0,
90,661776037388815915929099643,30,4,900,0,
90,1069985323538536080284938817,30,4,900,0,
90,1110746513490445048065279203,30,4,900,0,
90,1103501600539585906705341047,30,4,900,0,
90,707342639403549580167072649,30,4,900,0,
90,955112400621025343007823261,30,4,900,0,
90,742821804427914001596149191,30,4,900,0,
90,629888599167298084437642911,30,4,900,0,
90,643092407952440360560390891,30,4,900,0,
90,761499937030834428600258923,30,4,900,0,
90,674966398336511781683579317,30,4,900,0,
90,1059220644903530363409354707,30,4,900,0,
90,997007565524354868420571673,30,4,900,0,
90,1204757111756518587456284279,30,4,900,0,
90,1026024910442081694581676013,30,4,900,0,
90,961372451372654183211295549,30,4,900,0,
90,1053842490781471565947272161,30,4,900,0,
90,819978935695967763392258753,30,4,900,0,
90,789631703311023443156397487,30,4,900,0,
90,952499986248267643489078343,30,4,900,0,
90,1122939967316577006139327073,30,4,900,0,
90,631902668389244816437180117,30,4,900,0,
90,653629919694943738891985063,30,4,900,0,
90,695818979158295476250476373,30,4,900,0,
90,1180934176891848457847215081,30,4,900,0,
90,686813332722222181146314359,30,4,900,0,
90,819519290192968927280881873,30,4,900,0,
90,958674167666859640630331183,30,4,900,0,
90,885029933197434202983595993,30,4,900,0,
90,681190054358481871351846679,30,4,900,0,
90,1161459650984024694049212697,30,4,900,0,
90,988587192892547514317236307,30,4,900,0,
90,779173695844373328139148929,30,4,900,0,
90,815274601917416766424443997,30,4,900,0,
90,714560197715178472997740411,30,4,900,0,
90,857366295353213618530924679,30,4,900,0,
90,620085326667448008769700567,30,4,900,0,
90,675715138204260174676438427,30,4,900,0,
90,848383604461002494294039519,30,4,900,0,
90,720006034058168848896152843,30,4,900,0,
90,656056427771159040735938341,30,4,900,0,
90,970392912092819466519056849,30,4,900,0,
90,1048028611318034760284797387,30,4,900,0,
90,702593435792734163044203491,30,4,900,0,
90,747446302235823732531083531,30,4,900,0,
90,939908914945105040545925767,30,4,900,0,
90,708708954535140787348489339,30,4,900,0,
90,816485778159973744716943799,30,4,900,0,
90,1034132952942127117241980327,30,4,900,0,
90,676926716776351376098044959,30,4,900,0,
90,784452887444401359678821449,30,4,900,0,
90,927205234728959454918198377,30,4,900,0,
90,665099749758181729272511963,30,4,900,0,
90,891163906591106889432646061,30,4,900,0,
90,966878567482471418770092533,30,4,900,0,
90,872516318834409240833678801,30,4,900,0,
90,667742358447928827292131641,30,4,900,0,
90,687907770177248218012044233,30,4,900,0,
90,837919258035944159705214521,30,4,900,0,
90,914317699744277422316343259,30,4,900,0,
90,964241040751581187015350253,30,4,900,0,
90,1019848835476997686784960257,30,4,900,0,
90,987653559398257265942149577,30,4,900,0,
90,923536946054131590841382509,30,4,900,0,
90,946957910157511105490418673,30,4,900,0,
90,655520481289700351992060627,30,4,900,0,
90,721963998090881551005789809,30,4,900,0,
90,781202523046546800581286361,30,4,900,0,
90,1007156952590631174295324759,30,4,900,0,
90,918562916012987176431409139,30,4,900,0,
90,879980948907439310086430003,30,4,900,0,
90,787717243519014025958216893,30,4,900,0,
90,648971658023811376566349109,30,4,900,0,
90,841258110645498363928971257,30,4,900,0,
90,890575296842014178041927513,30,4,900,0,
90,751847114205480108715384339,30,4,900,0,
90,744552656124716137456264751,30,4,900,0,
90,989058203686961410040139427,30,4,900,0,
90,956348430733284033801445247,30,4,900,0,
90,725153933935954730559467459,30,4,900,0,
90,927843463253579852274451601,30,4,900,0,
90,634089077640833811741493717,30,4,900,0,
90,808107026865633180469959271,30,4,900,0,
90,772841887544961011520386053,30,4,900,0,
90,690478962629199442162969919,30,4,900,0,
90,794181608950144905184591609,30,4,900,0,
90,804276234361636724267127047,30,4,900,0,
90,783265121248853396271949291,30,4,900,0,
90,834354597561170996101461203,30,4,900,0,
90,1124475221920097754422247943,30,4,900,0,
90,742959007866915002669590561,30,4,900,0,
90,917305473105817274631429619,30,4,900,0,
90,834715860089978969434160617,30,4,900,0,
90,816503377039206963466377593,30,4,900,0,
90,1190939098762429690981660421,30,4,900,0,
90,978309828290966864534424329,30,4,900,0,
90,1174909239882289189020674837,30,4,900,0,
90,1106298460694524452714483119,30,4,900,0,
90,1105163789099214456384076103,30,4,900,0,
90,683512282223204495646103853,30,4,900,0,
90,633386493313890012997077461,30,4,900,0,
90,1207597849346435812806132377,30,4,900,0,
90,686612933903043963339158431,30,4,900,0,
90,750650287294832260322686393,30,4,900,0,
90,935087907881672441760676091,30,4,900,0,
90,786670154189459332648817701,30,4,900,0,
90,738073663473424369494389927,30,4,900,0,
90,664541069709156479897640509,30,4,900,0,
90,704042895643536133879217147,30,4,900,0,
90,815261705931838082695794043,30,4,900,0,
90,738812310939540071395961201,30,4,900,0,
90,779008540857917381987882057,30,4,900,0,
90,794558322975511256704480243,30,4,900,0,
90,810514293113285160319492519,30,4,900,0,
90,947721234722631332764192537,30,4,900,0,
90,650168969414941564349558099,30,4,900,0,
90,1070751109460827217214036901,30,4,900,0,
90,835037967924506311126917023,30,4,900,0,
90,720362948813527661921640061,30,4,900,0,
90,643126419214060276164887339,30,4,900,0,
90,678699647465390440799918599,30,4,900,0,
90,1179282201064418306268923611,30,4,900,0,
90,822982847855209931507027887,30,4,900,0,
90,774367518045687334580566943,30,4,900,0,
90,875743145532044696278448617,30,4,900,0,
90,1028939831174223969212635541,30,4,900,0,
90,671685694656272780078271737,30,4,900,0,
90,1037495966100115676160796849,30,4,900,0,
90,757619925186397105499098153,30,4,900,0,
90,767216444185588037562865469,30,4,900,0,
90,796196194232588984384319793,30,4,900,0,
90,920344709395206321069897407,30,4,900,0,
90,1035215623136324972626867697,30,4,900,0,
90,948672797551735751169026843,30,4,900,0,
90,1137288345237716924366918497,30,4,900,0,
90,1130610963929516627508420797,30,4,900,0,
90,989201979395192369856457739,30,4,900,0,
90,788505391880580355546216667,30,4,900,0,
90,775994668765678155695233193,30,4,900,0,
90,709109386614284441380466191,30,4,900,0,
90,1188523112572270549187482627,30,4,900,0,
90,745955972850501718199200043,30,4,900,0,
90,807504280285260077993210471,30,4,900,0,
90,699949431404034711868841227,30,4,900,0,
90,694970995317140909057547167,30,4,900,0,
90,647351496526129107090735839,30,4,900,0,
90,713659568190073442307182581,30,4,900,0,
90,643230756034189081058193251,30,4,900,0,
90,683906315705984473057564877,30,4,900,0,
90,848207383808042062039878347,30,4,900,0,
90,648904651634263174510784881,30,4,900,0,
90,894442744086849706563324451,30,4,900,0,
90,854788889532071410289675443,30,4,900,0,
90,709471902428190873313274113,30,4,900,0,
90,838763742010530576828476443,30,4,900,0,
90,802028648844906793326404119,30,4,900,0,
90,905424392996178065318906527,30,4,900,0,
90,937083055799588845626173647,30,4,900,0,
90,808834604594913900702285437,30,4,900,0,
90,744955380020545545154103797,30,4,900,0,
90,1007072758430397069911087303,30,4,900,0,
90,876591954225568916220843571,30,4,900,0,
90,693721419941173674303620797,30,4,900,0,
90,1041414979076133220603211953,30,4,900,0,
90,881368809013988968952571353,30,4,900,0,
90,809824717493388188648839609,30,4,900,0,
90,820279500686626105271959063,30,4,900,0,
90,671913043086240597691195379,30,4,900,0,
90,912445486751661198779728211,30,4,900,0,
90,906959305731680257107612167,30,4,900,0,
90,630453329966389658465461663,30,4,900,0,
90,693122394906425586617457739,30,4,900,0,
90,1110418627704498896266271021,30,4,900,0,
90,624743161139275831887353051,30,4,900,0,
90,1035791078054332310235967423,30,4,900,0,
90,1119372486414446786434299307,30,4,900,0,
90,824408617210642457283837511,30,4,900,0,
90,1065362315309227516962122251,30,4,900,0,
90,1106546735259466490122873151,30,4,900,0,
90,903084119532970334069481859,30,4,900,0,
90,695464561524441519611359957,30,4,900,0,
100,640578510587089447894863302083,34,4,1156,0,
100,676845762664446564005883818461,34,4,1156,0,
100,839008443747356707901841471979,34,4,1156,0,
100,725611236218925855826160493109,34,4,1156,0,
100,834005797566542400478844759941,34,4,1156,0,
100,703910054211787988945249929967,34,4,1156,0,
100,1037185029529130047665969224449,34,4,1156,0,
100,677282592924008014615791045611,34,4,1156,0,
100,653410598696171918346923179343,34,4,1156,0,
100,707412638626443978814759369727,34,4,1156,0,
100,700582636132835189793185055229,34,4,1156,0,
100,835639099826616711249434245723,34,4,1156,0,
100,840981309797671447978168555489,34,4,1156,0,
100,635528685672682981145506202521,34,4,1156,0,
100,652424791742974867648514500133,34,4,1156,0,
100,662910736395611948769063684473,34,4,1156,0,
100,689090010748655286842589070591,34,4,1156,0,
100,636562038986494837510368562427,34,4,1156,0,
100,769086386122822927443098642209,34,4,1156,0,
100,925080888324652435651648073633,34,4,1156,0,
100,894996225563440819595215221749,34,4,1156,0,
100,640669575217152097121394732701,34,4,1156,0,
100,788615838673742560607845539589,34,4,1156,0,
100,646028739684821702641260885013,34,4,1156,0,
100,943036664882133122951674258231,34,4,1156,0,
100,911693470004666465469525982751,34,4,1156,0,
100,769771381069656261886631590883,34,4,1156,0,
100,1057855794121330281100447468361,34,4,1156,0,
100,958915713847794976543229475127,34,4,1156,0,
100,1110493521223141969878573980977,34,4,1156,0,
100,690974386486966565509859059297,34,4,1156,0,
100,770511375235648605365989446217,34,4,1156,0,
100,816675530740972088477624356637,34,4,1156,0,
100,699769435366563084732187957169,34,4,1156,0,
100,1021923877304118280904961948557,34,4,1156,0,
100,1024894199296374099914106611809,34,4,1156,0,
100,1062659075379459134266340179003,34,4,1156,0,
100,692580233803141265292905810293,34,4,1156,0,
100,1084712537795432141486157670759,34,4,1156,0,
100,759468549239929877615337854897,34,4,1156,0,
100,994891052648412807775242391661,34,4,1156,0,
100,864125290267987640243048279273,34,4,1156,0,
100,832891461909478827516166524163,34,4,1156,0,
100,864982547917335858874157705063,34,4,1156,0,
100,978490871845732268975306912929,34,4,1156,0,
100,927057639741603694838028319991,34,4,1156,0,
100,1007864849088454983972800768737,34,4,1156,0,
100,731544312731935838994335279267,34,4,1156,0,
100,1069991318647590745975581645791,34,4,1156,0,
100,649931511675775161753267876979,34,4,1156,0,
100,784790491814254600308394762291,34,4,1156,0,
100,1064120756946569838415342203697,34,4,1156,0,
100,713272095061260701076735680639,34,4,1156,0,
100,875832857201152194185447250773,34,4,1156,0,
100,903415617892744729823498309531,34,4,1156,0,
100,884555012760928739318239315757,34,4,1156,0,
100,884935948137513999009275929861,34,4,1156,0,
100,661765486730967708462903790999,34,4,1156,0,
100,743957194042869620736596926661,34,4,1156,0,
100,910047286294331869713285187571,34,4,1156,0,
100,1206497849386559028213268749061,34,4,1156,0,
100,671554328299176425120005228769,34,4,1156,0,
100,798126214512042169860351506423,34,4,1156,0,
100,885110193232753421946277071971,34,4,1156,0,
100,757772541154086603215077794617,34,4,1156,0,
100,821410001780243185785499308421,34,4,1156,0,
100,939871589233942063480224454951,34,4,1156,0,
100,829935710687325521951124913021,34,4,1156,0,
100,726203661384183635154740572739,34,4,1156,0,
100,1157492716180419885972586137427,34,4,1156,0,
100,721710541052016115969687804103,34,4,1156,0,
100,651814685926071177108195041843,34,4,1156,0,
100,1152494425084009459315358177909,34,4,1156,0,
100,867563193508635321077626159171,34,4,1156,0,
100,783071532368354005459418136259,34,4,1156,0,
100,1080964821557924139257838960239,34,4,1156,0,
100,890170876632741169830911313043,34,4,1156,0,
100,672348508852831541961146682397,34,4,1156,0,
100,671981101556868803308668037763,34,4,1156,0,
100,730281409797285635571783594937,34,4,1156,0,
100,770761438199363492134461457853,34,4,1156,0,
100,709900048489476205968708120059,34,4,1156,0,
100,640527620826577381177625187169,34,4,1156,0,
100,655692565482723783944861880563,34,4,1156,0,
100,693022385839715882285640253769,34,4,1156,0,
100,1039415654314693745198204136661,34,4,1156,0,
100,1070632819518427100958715066477,34,4,1156,0,
100,656222590433330582560121755591,34,4,1156,0,
100,820144715744339422952866433087,34,4,1156,0,
100,697734482652408456378473996291,34,4,1156,0,
100,747730650547784817051580651799,34,4,1156,0,
100,1032948599600716142864595962797,34,4,1156,0,
100,859391396647010528092801040051,34,4,1156,0,
100,779883733539529037647330476797,34,4,1156,0,
100,647410478997441754770850810627,34,4,1156,0,
100,856907411658674527432657143763,34,4,1156,0,
100,1032437545026063896968695560579,34,4,1156,0,
100,666966483134602832455441024483,34,4,1156,0,
100,780263469171606037598964811063,34,4,1156,0,
100,829240886997738775191532607183,34,4,1156,0,
100,859266605732052002992274628617,34,4,1156,0,
100,1039005494111178339608895388361,34,4,1156,0,
100,835868176329229811384406365671,34,4,1156,0,
100,1086295886711741208361079002127,34,4,1156,0,
100,650311715218748306015659677169,34,4,1156,0,
100,685057296364275626346136644899,34,4,1156,0,
100,1016615253688875796802126561221,34,4,1156,0,
100,1249700241694281792766522989641,34,4,1156,0,
100,1140608390058339750829047507437,34,4,1156,0,
100,804994578419640066553190498077,34,4,1156,0,
100,838948632942854007721031330723,34,4,1156,0,
100,847280961241619588137061718821,34,4,1156,0,
100,639047007317109629702763872569,34,4,1156,0,
100,953701510921124735678411113057,34,4,1156,0,
100,908816479372415007956765414363,34,4,1156,0,
100,1230685242046980596011004033033,34,4,1156,0,
100,882048879503455496956831608559,34,4,1156,0,
100,972052841442170189223853674307,34,4,1156,0,
100,930364551847410371713461192677,34,4,1156,0,
100,875117205128047556013793655011,34,4,1156,0,
100,939126433164056779092893215421,34,4,1156,0,
100,929328227985432031659565758587,34,4,1156,0,
100,1124119153317919937782581054887,34,4,1156,0,
100,710397438812597567340384123469,34,4,1156,0,
100,770628076702932262385322991571,34,4,1156,0,
100,1068630704493864009749102553943,34,4,1156,0,
100,797582939039580936004666545913,34,4,1156,0,
100,1040637107108821907241187691251,34,4,1156,0,
100,765369561667549448827487063197,34,4,1156,0,
100,883819998397083940204221502823,34,4,1156,0,
100,806888231668796977379620075501,34,4,1156,0,
100,653915531245708837742927582759,34,4,1156,0,
100,844406417965820284810567966873,34,4,1156,0,
100,1165532474349506751596992150739,34,4,1156,0,
100,897278093884953919093403861899,34,4,1156,0,
100,755010524762381597302271229541,34,4,1156,0,
100,910958689694558497450943501561,34,4,1156,0,
100,854028173255488025022784166287,34,4,1156,0,
100,937315190637346788246340970593,34,4,1156,0,
100,689423769387439069896800912653,34,4,1156,0,
100,953964242327472459657130687189,34,4,1156,0,
100,808131858271911496257979581253,34,4,1156,0,
100,885527399580600068659540909033,34,4,1156,0,
100,811192972784584798760224963261,34,4,1156,0,
100,808896609203233121104386235709,34,4,1156,0,
100,636441092702358227811277725131,34,4,1156,0,
100,714873207026845414889634832241,34,4,1156,0,
100,1215614367548280635322882343087,34,4,1156,0,
100,686037993167038734404713807121,34,4,1156,0,
100,945707261172856863243477548551,34,4,1156,0,
100,876308756840188557587413088497,34,4,1156,0,
100,646126613965390891736462960519,34,4,1156,0,
100,965629639154841060698372038243,34,4,1156,0,
100,648633957610058364669773316109,34,4,1156,0,
100,931680409370058260835386113393,34,4,1156,0,
100,1014151986366598147156282767019,34,4,1156,0,
100,691797714367830681897133449467,34,4,1156,0,
100,670674036054258409600698102439,34,4,1156,0,
100,796523015295952564661682573763,34,4,1156,0,
100,857160766690056106882826372041,34,4,1156,0,
100,778621729424158070858756423749,34,4,1156,0,
100,707379956026089574527943181773,34,4,1156,0,
100,761615603698566003947414247761,34,4,1156,0,
100,992763998564676797452387905293,34,4,1156,0,
100,707539909550214305755419653161,34,4,1156,0,
100,749172246436327440928349529083,34,4,1156,0,
100,760607914505733312641691705943,34,4,1156,0,
100,720341344258381092551700725191,34,4,1156,0,
100,656197032543054731452784981171,34,4,1156,0,
100,751841637987264449663406766367,34,4,1156,0,
100,841985493727350094808083023853,34,4,1156,0,
100,1061491737702875318033731408493,34,4,1156,0,
100,865616264743099120154574712453,34,4,1156,0,
100,926591807342716657712665830577,34,4,1156,0,
100,1057885604148966795044044285087,34,4,1156,0,
100,636394664420984405332994363299,34,4,1156,0,
100,889127828604212380739622328697,34,4,1156,0,
100,786848615702514309960037686017,34,4,1156,0,
100,1010330086418753283805426821851,34,4,1156,0,
100,898640179180152505609676339107,34,4,1156,0,
100,729979807523380333101660263077,34,4,1156,0,
100,708831927292133426143075150523,34,4,1156,0,
100,650200603074064111841161576301,34,4,1156,0,
100,660606435115544403689407923821,34,4,1156,0,
100,689629948226691513385915102019,34,4,1156,0,
100,790909266395884082087127336257,34,4,1156,0,
100,740211148488013130372462064317,34,4,1156,0,
100,870998480088315443363988405053,34,4,1156,0,
100,836188538945121797439101664019,34,4,1156,0,
100,1084517985344011456058945332123,34,4,1156,0,
100,772723097956273765764785308537,34,4,1156,0,
100,1157284906706299346333890335227,34,4,1156,0,
100,779224487285632323330215434363,34,4,1156,0,
100,750952768566212202369904225963,34,4,1156,0,
100,935287479281170329621372207799,34,4,1156,0,
100,694459323284039202574856079731,34,4,1156,0,
100,895207546737227152981927856981,34,4,1156,0,
100,1034568941846352459597798820159,34,4,1156,0,
100,764820938924517537349298143747,34,4,1156,0,
100,798826331815915270046318541373,34,4,1156,0,
100,845217684500004026371041535561,34,4,1156,0,
100,923209816232539694278674564721,34,4,1156,0,
100,807163207747556629476350875921,34,4,1156,0,
100,880992765135815893014260530387,34,4,1156,0,
100,699244678768539810521434783709,34,4,1156,0,
100,746307915077461107823812794557,34,4,1156,0,
100,849886120085644238282373159649,34,4,1156,0,
100,636129243442468021471721892017,34,4,1156,0,
100,747033446738305571367768703009,34,4,1156,0,
100,972991224082716622468929166157,34,4,1156,0,
100,644639984888703567159439007551,34,4,1156,0,
100,858936007349520836379499064753,34,4,1156,0,
100,641817732606227574220183662959,34,4,1156,0,
100,1177502128564226705661412162219,34,4,1156,0,
100,692926084799492783052200865943,34,4,1156,0,
100,1035987097019250513979958708171,34,4,1156,0,
100,702456415018150712662387494571,34,4,1156,0,
100,1148697838908694002986118817087,34,4,1156,0,
100,754163372802313392878695045637,34,4,1156,0,
100,659624479624000873932681474287,34,4,1156,0,
100,768815425770927786613692474461,34,4,1156,0,
100,776685124145159967830523289211,34,4,1156,0,
100,700424656873252634107796995189,34,4,1156,0,
100,729390288170217563979197486353,34,4,1156,0,
100,849348733853175686528292319423,34,4,1156,0,
100,638035208243418988744892698903,34,4,1156,0,
100,837522763718168630073830299853,34,4,1156,0,
100,748639057724516629229285943563,34,4,1156,0,
100,674080270283331219289023427849,34,4,1156,0,
100,703778168587643305298440719907,34,4,1156,0,
100,640835828480412846922860880751,34,4,1156,0,
100,732345398216940439758924772151,34,4,1156,0,
100,762616200070943425957821097651,34,4,1156,0,
100,1002602416105898322605595928493,34,4,1156,0,
100,1056862511392865959806955948177,34,4,1156,0,
100,1004579179762831451925589319323,34,4,1156,0,
100,937676729191886378983643576167,34,4,1156,0,
100,1061540942724201247592538645067,34,4,1156,0,
100,1063686357314286915718726948429,34,4,1156,0,
100,906290138573418767621669122663,34,4,1156,0,
100,754123794595014652854581939569,34,4,1156,0,
100,910915128865215972824616792701,34,4,1156,0,
100,771509292961718224616419996957,34,4,1156,0,
100,779090994803272883522432720609,34,4,1156,0,
100,641330681869263277911097467743,34,4,1156,0,
100,863931004438606179086937063991,34,4,1156,0,
100,634916174752861457599975853309,34,4,1156,0,
100,930831601269176598353759142511,34,4,1156,0,
100,836318595158369719844384537201,34,4,1156,0,
100,683353503214001467341091689989,34,4,1156,0,
100,889241419123494169415129099377,34,4,1156,0,
100,668801611833927493589931571387,34,4,1156,0,
100,818659365061782240811779146473,34,4,1156,0,
100,680222467528948103134074522161,34,4,1156,0,
100,774460033485990102103014130121,34,4,1156,0,
100,782317282856376729249425663261,34,4,1156,0,
100,815733041131566131155031526413,34,4,1156,0,
100,664137210036690741025336021483,34,4,1156,0,
100,801220411688467902542053939229,34,4,1156,0,
100,672476893643189575241463344989,34,4,1156,0,
100,928548791788130448792501915041,34,4,1156,0,
100,979690384927895024870107859189,34,4,1156,0,
100,783360085145257636695869915237,34,4,1156,0,
100,794446787201620909944964481221,34,4,1156,0,
100,644458236369617952006625300753,34,4,1156,0,
100,725539700980062370490348364547,34,4,1156,0,
100,718707434174173531965823662529,34,4,1156,0,
100,814503616198034683322493475379,34,4,1156,0,
100,785910003387582477206432584061,34,4,1156,0,
100,862311801798266550644895055967,34,4,1156,0,
100,910235295425862663031799443597,34,4,1156,0,
100,804668452653287797622497002103,34,4,1156,0,
100,749325413029392251310096442139,34,4,1156,0,
100,866198154560137953295553156731,34,4,1156,0,
100,692673195171021074784096868291,34,4,1156,0,
100,828744012169686359403522263053,34,4,1156,0,
100,733888489344593322276704055751,34,4,1156,0,
100,1080778989402324485814693809777,34,4,1156,0,
100,793399132056562934151996978893,34,4,1156,0,
100,856212361576041967567948858963,34,4,1156,0,
100,951219047856366558813024763993,34,4,1156,0,
100,664358836636987651549513988771,34,4,1156,0,
100,845975661653450283438635842691,34,4,1156,0,
100,1058839058508151894586754315857,34,4,1156,0,
100,676950395601572021599575432067,34,4,1156,0,
100,695806757590473174229711382231,34,4,1156,0,
100,766041233382351317668932889441,34,4,1156,0,
100,991460342704586061054201156707,34,4,1156,0,
100,719615041082339942655445977551,34,4,1156,0,
100,1152609490323155017158635283331,34,4,1156,0,
100,852287645234071229116211944937,34,4,1156,0,
100,752941098653960505350450415349,34,4,1156,0,
100,896514533826093753768008281781,34,4,1156,0,
100,689626982102907582521272061237,34,4,1156,0,
100,727594602430756204618772554877,34,4,1156,0,
100,657816487399933420835127386287,34,4,1156,0,
100,896834942815404913053877473521,34,4,1156,0,
100,907073123910179557540047717929,34,4,1156,0,
100,894029937446057770374859123679,34,4,1156,0,
100,641119708092893779627751878793,34,4,1156,0,
100,746237818910649360174972621233,34,4,1156,0,
100,971999534250754696849729904663,34,4,1156,0,
100,956872450388166720017522439229,34,4,1156,0,
100,900238453379540171190058851461,34,4,1156,0,
100,976083794290998512479057867259,34,4,1156,0,
100,817440455857197776117918829241,34,4,1156,0,
100,1047592126641222013159958953817,34,4,1156,0,
100,1005265024487193145532604092341,34,4,1156,0,
100,928723813293433519545582256573,34,4,1156,0,
100,757729267408144419468866044123,34,4,1156,0,
100,1224167371696543428222975129101,34,4,1156,0,
100,977387367768056161295330599321,34,4,1156,0,
100,802066972338699573085584803501,34,4,1156,0,
100,853478593412545871042888945503,34,4,1156,0,
100,928027533319179620083617741941,34,4,1156,0,
100,730782763482974537968100542331,34,4,1156,0,
100,782120661681723219895184511539,34,4,1156,0,
100,905613263612983781250713057249,34,4,1156,0,
100,692691883793720653818787937033,34,4,1156,0,
100,1229842018522923518424284047283,34,4,1156,0,
100,692776251866738629612585475989,34,4,1156,0,
100,989770597102334309161343425747,34,4,1156,0,
100,724644817615961009505592825387,34,4,1156,0,
100,686644988716258452234715149539,34,4,1156,0,
100,718324697908924634784934002979,34,4,1156,0,
100,964531392299603402697073657873,34,4,1156,0,
100,687586847288388783894187306951,34,4,1156,0,
100,850221539259910828115295245831,34,4,1156,0,
100,900130796763070897497939197951,34,4,1156,0,
100,898881351250067992995831618011,34,4,1156,0,
100,790053080622520204776795231721,34,4,1156,0,
100,876229691098472180461101586499,34,4,1156,0,
100,952746106895325166755738582971,34,4,1156,0,
100,876867942127051585508378268539,34,4,1156,0,
100,874370402669972539863796529137,34,4,1156,0,
100,664169578978964937827291345329,34,4,1156,0,
100,967040476565235456988930235993,34,4,1156,0,
100,740890131736003368014032294519,34,4,1156,0,
100,931002828483446302688839495973,34,4,1156,0,
100,928912218788052443552735224547,34,4,1156,0,
100,722897294388159592361809482373,34,4,1156,0,
100,1060764449870208540272250035641,34,4,1156,0,
100,992283702313873792205160522949,34,4,1156,0,
100,811492984988994828097706972413,34,4,1156,0,
100,878591020047305033216939831077,34,4,1156,0,
100,1110143455770528045188443074977,34,4,1156,0,
100,978011443187390664156873410063,34,4,1156,0,
100,695602882379000030646331264957,34,4,1156,0,
100,894123611801392972388162423653,34,4,1156,0,
100,707764220630839305927983678861,34,4,1156,0,
100,854340651087080299833985032049,34,4,1156,0,
100,688702943564161167745756334831,34,4,1156,0,
100,829440418658722680713247133519,34,4,1156,0,
100,956185894336753938888375596837,34,4,1156,0,
100,933330587470112458088643092773,34,4,1156,0,
100,829968570804832531234234089617,34,4,1156,0,
100,761813923037018651216679096623,34,4,1156,0,
100,838569572306715617063688096431,34,4,1156,0,
100,637623705616831535535958627979,34,4,1156,0,
100,723118158153686749053138169663,34,4,1156,0,
100,673409017433418382891812347573,34,4,1156,0,
100,934229705785643601457169467559,34,4,1156,0,
100,884486517029044263161649832081,34,4,1156,0,
100,648715188542532510340244313221,34,4,1156,0,
100,853169803099255499173625312807,34,4,1156,0,
100,1117801407896268191674826433833,34,4,1156,0,
100,805713060855164056322969098733,34,4,1156,0,
100,1032436661030409908882922084383,34,4,1156,0,
100,1052204914059180365916598925309,34,4,1156,0,
100,1173213159061865107822982740271,34,4,1156,0,
100,665189074528524574526819850479,34,4,1156,0,
100,635858311077466395862726406801,34,4,1156,0,
100,659742601596320931278251381009,34,4,1156,0,
100,648732029719651350594060887527,34,4,1156,0,
100,650035830362921512736687983243,34,4,1156,0,
100,912162474702169705037649856079,34,4,1156,0,
100,1167987561321503081192424760253,34,4,1156,0,
100,734483833209370682903714137267,34,4,1156,0,
100,811868981984884235149117427009,34,4,1156,0,
100,889754170947479378250583366189,34,4,1156,0,
100,850209799190251945474885103041,34,4,1156,0,
100,735833648524729977864246805691,34,4,1156,0,
100,1100019262871061186391127020117,34,4,1156,0,
100,756487264884145196294845135741,34,4,1156,0,
100,651451710235589205819866365529,34,4,1156,0,
100,650768197802836464618285073171,34,4,1156,0,
100,786023393405547040914316174867,34,4,1156,0,
100,780636087002033910083943643261,34,4,1156,0,
100,933121693962015697058277533237,34,4,1156,0,
100,890803677759920982458928817463,34,4,1156,0,
100,888291988329559902715628343319,34,4,1156,0,
100,691144539073855298898359701583,34,4,1156,0,
100,917732916709679590037542084253,34,4,1156,0,
100,666149473167890000251572384197,34,4,1156,0,
100,773173918845612020339440863973,34,4,1156,0,
100,920389164651538550254994075267,34,4,1156,0,
100,652145505538864203055183413187,34,4,1156,0,
100,722795078542086757100034790823,34,4,1156,0,
100,642164134074517973060746780543,34,4,1156,0,
100,792871915854002821108864568387,34,4,1156,0,
100,1048571116159616307777504635929,34,4,1156,0,
100,735945184432461282510650483299,34,4,1156,0,
100,824440238747002195128698917423,34,4,1156,0,
100,746760804028430636773624419533,34,4,1156,0,
100,750374018350188486786840183769,34,4,1156,0,
100,634868711160439571189581392533,34,4,1156,0,
100,923064599284367411599357497583,34,4,1156,0,
100,804639672384158203390212827021,34,4,1156,0,
100,966808326301657892372706289511,34,4,1156,0,
100,645978882856567386650901726053,34,4,1156,0,
100,881235926883104348552289921697,34,4,1156,0,
100,1078127456211059853380049553673,34,4,1156,0,
100,680048845694397497314208594891,34,4,1156,0,
100,651413925042132002471410126471,34,4,1156,0,
100,1125807788725093909736273963873,34,4,1156,0,
100,1043971801043885270698150317769,34,4,1156,0,
100,881240881486832955120053721517,34,4,1156,0,
100,919312299075247687315552982417,34,4,1156,0,
100,960446732379305482447480870067,34,4,1156,0,
100,784652765059478822563398666307,34,4,1156,0,
100,830811683834752148498714435791,34,4,1156,0,
100,793099985494598614530302489231,34,4,1156,0,
100,949292184248950899491931393097,34,4,1156,0,
100,797804076164550081532460741111,34,4,1156,0,
100,774523063580244311340312169171,34,4,1156,0,
100,1104195861570851608070005346107,34,4,1156,0,
100,671191989118527422260459230043,34,4,1156,0,
100,1074279715260774406911472548683,34,4,1156,0,
100,1061967300934605487536570168337,34,4,1156,0,
100,890596738519645506298597085773,34,4,1156,0,
100,1018465307117194888411118859337,34,4,1156,0,
100,667923047740265275265910674849,34,4,1156,0,
100,1021781344236361463276984961307,34,4,1156,0,
100,807800660102783702980842482651,34,4,1156,0,
100,955526432437886524042059379073,34,4,1156,0,
100,729348485201278599116830398043,34,4,1156,0,
100,803647819114648678839207921689,34,4,1156,0,
100,647385387704705641781665780579,34,4,1156,0,
100,718023631005369420598606275017,34,4,1156,0,
100,703426885747710564953690999323,34,4,1156,0,
100,991451044665454063416842506483,34,4,1156,0,
100,773766091397585541580527884917,34,4,1156,0,
100,689625905798779469172065933497,34,4,1156,0,
100,784278652219289277897840912167,34,4,1156,0,
100,640449759321920804265277497833,34,4,1156,0,
100,1051467370064642642466870577973,34,4,1156,0,
100,967490023863594293769155622139,34,4,1156,0,
100,817298884899341971010309009537,34,4,1156,0,
100,648013715423941792330076949229,34,4,1156,0,
100,888144770286537764748861748319,34,4,1156,0,
100,990689711059660647204351136693,34,4,1156,0,
100,739446332186486343607900979923,34,4,1156,0,
100,651244781922538620687471086099,34,4,1156,0,
100,1026390513196748342683759672781,34,4,1156,0,
100,878452079796127706769579045671,34,4,1156,0,
100,1124837733265313091061016410297,34,4,1156,0,
100,771135797634905474338632003353,34,4,1156,0,
100,703406494355882075238711717713,34,4,1156,0,
100,679978268770127521232352306437,34,4,1156,0,
100,989798923087487195463229880633,34,4,1156,0,
100,1164258659705029216772440890767,34,4,1156,0,
100,935653794268942224281134784999,34,4,1156,0,
100,895244268207276307643226407851,34,4,1156,0,
100,654422347696154467836251781391,34,4,1156,0,
100,719012559957534064663339686533,34,4,1156,0,
100,709340582111313656416219283507,34,4,1156,0,
100,675014286851820760727424355951,34,4,1156,0,
100,758236898905977990062981811937,34,4,1156,0,
100,776402642041153395323528001019,34,4,1156,0,
100,1027212894234171952514804879017,34,4,1156,0,
100,777748659273761270422658157661,34,4,1156,0,
100,823245776733785864824064169259,34,4,1156,0,
100,646848198661567994534794056493,34,4,1156,0,
100,896276061557131674030028041811,34,4,1156,0,
100,689645686601906049808985092699,34,4,1156,0,
100,732659176504232209027983066469,34,4,1156,0,
100,818577361868541456275120528737,34,4,1156,0,
100,775696412545627014320091000457,34,4,1156,0,
100,782058146190348532125588936433,34,4,1156,0,
100,774585943460862331331802841669,34,4,1156,0,
100,696223368506189854452863618771,34,4,1156,0,
100,708032366364621973539799312309,34,4,1156,0,
100,751724861871618451813614219293,34,4,1156,0,
100,867607402383990277159832190989,34,4,1156,0,
100,723186616259154264810281489869,34,4,1156,0,
100,849925015713211115181129566659,34,4,1156,0,
100,749687479336531376822781844003,34,4,1156,0,
100,654229321577392148347395741653,34,4,1156,0,
100,856566527232497109348499288297,34,4,1156,0,
100,654709406508533543416026974149,34,4,1156,0,
100,1001941211435877567171079253299,34,4,1156,0,
100,692833942925169566700060772817,34,4,1156,0,
100,836702905796670916078620133223,34,4,1156,0,
100,750237101623790570458905288719,34,4,1156,0,
100,953770349254782151751161612891,34,4,1156,0,
100,677145277154118614441179294177,34,4,1156,0,
100,667510596578993144219313825121,34,4,1156,0,
100,799119335844217681845008184989,34,4,1156,0,
100,635290885436476177612624022353,34,4,1156,0,
100,851150175316570504932163976903,34,4,1156,0,
110,686568607860412472259201049139567,37,4,1369,0,
110,773596232449551030073520380985953,37,4,1369,0,
110,658130564478134319559052845914467,37,4,1369,0,
110,970368781817963582024758569128449,37,4,1369,0,
110,677197443748070410146093173131267,37,4,1369,0,
110,787498739050115853312309937394987,37,4,1369,0,
110,755526981868516634419380018995887,37,4,1369,0,
110,828663412200554370943434908625553,37,4,1369,0,
110,837974806138078751362067560391407,37,4,1369,0,
110,818540252740943560013219273323747,37,4,1369,0,
110,942519044103134055528606324266911,37,4,1369,0,
110,806574105435128765167205390752777,37,4,1369,0,
110,697993437206921584154753370516589,37,4,1369,0,
110,697350103564400254095687877347623,37,4,1369,0,
110,653516827912743478670933496047207,37,4,1369,0,
110,822590024887932237638913254004043,37,4,1369,0,
110,840014224447390540624482204379457,37,4,1369,0,
110,745299875961198581627233070611997,37,4,1369,0,
110,1109280308347849264789047887229661,37,4,1369,0,
110,907852495208988091447509795213409,37,4,1369,0,
110,776876613909185897798138350632397,37,4,1369,0,
110,1220977633844359732493706010537627,37,4,1369,0,
110,1009633693137554887434800472699413,37,4,1369,0,
110,936598580636812835593249232677013,37,4,1369,0,
110,778744470546929188031112648063289,37,4,1369,0,
110,674016105050347052807776705352431,37,4,1369,0,
110,820662764863622604513556025450947,37,4,1369,0,
110,810405696062499998791779640489759,37,4,1369,0,
110,836767596438001243196187164177633,37,4,1369,0,
110,984751515550713575196015049548181,37,4,1369,0,
110,662836507932762584323966825324999,37,4,1369,0,
110,1090256375920112881747529550117737,37,4,1369,0,
110,772236833408203360379856943517987,37,4,1369,0,
110,1260062193100832363830328456971141,37,4,1369,0,
110,776767663626934919246682862954673,37,4,1369,0,
110,809178758774355269113526856498001,37,4,1369,0,
110,1095720249603527895280769064188461,37,4,1369,0,
110,1025838969039208025748520160423911,37,4,1369,0,
110,1204485435973572346218746675388643,37,4,1369,0,
110,692277298690232463027629087296489,37,4,1369,0,
110,672468348024965507597953283504693,37,4,1369,0,
110,724962553500694512724300218510499,37,4,1369,0,
110,1020035365309836989840139859844267,37,4,1369,0,
110,672881982322945032190645297815613,37,4,1369,0,
110,784245447861692591950700114535091,37,4,1369,0,
110,649704279064812997756364215863371,37,4,1369,0,
110,695962475037163721851843994057929,37,4,1369,0,
110,972877503839322341234939602187773,37,4,1369,0,
110,1045157722819167974926976952092513,37,4,1369,0,
110,787427730983219280094598145332611,37,4,1369,0,
110,652089386236513927456649763647551,37,4,1369,0,
110,845008980951903571883902542926077,37,4,1369,0,
110,663061858973929405342637155036631,37,4,1369,0,
110,671546316080251854665399743520153,37,4,1369,0,
110,748022975526793467502538080475639,37,4,1369,0,
110,705263978899526680531183533158563,37,4,1369,0,
110,990609066450806456520932478220069,37,4,1369,0,
110,678932821188264142246882764331309,37,4,1369,0,
110,771453773094995812336695094346227,37,4,1369,0,
110,667097648585153961321068976036421,37,4,1369,0,
110,690983383552571240522750906951233,37,4,1369,0,
110,737035411455639055096028311878287,37,4,1369,0,
110,695124780034502493486086127835903,37,4,1369,0,
110,862242321481147056737853815771759,37,4,1369,0,
110,923485599010046650540894491340553,37,4,1369,0,
110,690255972340983246606626097811201,37,4,1369,0,
110,724772686029226484196577879131253,37,4,1369,0,
110,908584459694176520395153914062411,37,4,1369,0,
110,749890904967678518832045906054997,37,4,1369,0,
110,1150955743307977005768455214801791,37,4,1369,0,
110,998859997689897249953047287461341,37,4,1369,0,
110,725238537181644127311806955647141,37,4,1369,0,
110,789060517687946632696343987306393,37,4,1369,0,
110,717859316742494881980422962015397,37,4,1369,0,
110,734941399227018557112341911972243,37,4,1369,0,
110,989388758456321846369667438045599,37,4,1369,0,
110,658714613269241902731940876020379,37,4,1369,0,
110,797511836450353569739352377924247,37,4,1369,0,
110,822174642225344399721695290789753,37,4,1369,0,
110,656763667867403286289744395896143,37,4,1369,0,
110,764273053581608256678633816260983,37,4,1369,0,
110,823496356202716184400816191183801,37,4,1369,0,
110,724108475214946831608554298574919,37,4,1369,0,
110,811200029541701490426413827124839,37,4,1369,0,
110,810786163356336613911513295801721,37,4,1369,0,
110,897774919192123491862127162352209,37,4,1369,0,
110,665944909227886914369118843907149,37,4,1369,0,
110,653065780241424593102964493526257,37,4,1369,0,
110,726253710313811733164759495608517,37,4,1369,0,
110,685933733207785308993842138131889,37,4,1369,0,
110,687344778702663387302032829773231,37,4,1369,0,
110,1060088641552600059504516142244191,37,4,1369,0,
110,701856055288442176776554911980169,37,4,1369,0,
110,891653269851076757633524907641673,37,4,1369,0,
110,713215893420340680963449547054953,37,4,1369,0,
110,782212775104345254280729724353639,37,4,1369,0,
110,705049378672502305027030303324897,37,4,1369,0,
110,870525152265947591677263388500283,37,4,1369,0,
110,1211499593711278741003068712066759,37,4,1369,0,
110,665183106595961421678608433114931,37,4,1369,0,
110,969889025281371232061981169927827,37,4,1369,0,
110,775395429677464658761889964304099,37,4,1369,0,
110,653062103316976659855953975103187,37,4,1369,0,
110,704717118381828920102106933952883,37,4,1369,0,
110,655688294638557528722541312644567,37,4,1369,0,
110,969819997858089793249177492606817,37,4,1369,0,
110,762922634277204777184333432244153,37,4,1369,0,
110,688313130837036712945061567976101,37,4,1369,0,
110,744999092186215856383384995006599,37,4,1369,0,
110,663488342760531450960883548696559,37,4,1369,0,
110,1158222462827424660844553319035831,37,4,1369,0,
110,758171220129539734071778720949611,37,4,1369,0,
110,953254077225356821002071416692733,37,4,1369,0,
110,741263835392913226849768620451561,37,4,1369,0,
110,857947146956359848505769029553557,37,4,1369,0,
110,1108535556533377686482191762221053,37,4,1369,0,
110,718965185170381984473553881200383,37,4,1369,0,
110,929545473509080924924688310413411,37,4,1369,0,
110,991591986157642557271136879237099,37,4,1369,0,
110,697673486593731897343802090964463,37,4,1369,0,
110,934642376914983230680485612401267,37,4,1369,0,
110,705997458153267261796696631586167,37,4,1369,0,
110,789914911430137792758841990341563,37,4,1369,0,
110,696164066045465362899015384270617,37,4,1369,0,
110,1008787110925184910659773919125201,37,4,1369,0,
110,850335945551091941206722472511413,37,4,1369,0,
110,1026606677468558179405249043519099,37,4,1369,0,
110,678402421877384948493257047901947,37,4,1369,0,
110,687523434530928135325383441277687,37,4,1369,0,
110,760110385721986040650986524880079,37,4,1369,0,
110,911983907498673186334222117214333,37,4,1369,0,
110,983128596948325778223838865738729,37,4,1369,0,
110,955778123013179562935814524148461,37,4,1369,0,
110,831337444110120785623093169563969,37,4,1369,0,
110,726685951532414840972036063840447,37,4,1369,0,
110,1131744269184406601436837591369857,37,4,1369,0,
110,901278275135471238479870889597331,37,4,1369,0,
110,733388081512479071866999683541541,37,4,1369,0,
110,1151351544310450875680887324081651,37,4,1369,0,
110,1241996902153245122764459720200101,37,4,1369,0,
110,917147138798373989549821226331809,37,4,1369,0,
110,715086628912838273628673156529647,37,4,1369,0,
110,806963756432736879313897426346159,37,4,1369,0,
110,891365713643007545691685835820407,37,4,1369,0,
110,972880889128083076442491535188579,37,4,1369,0,
110,706816429648342742551812303964381,37,4,1369,0,
110,841523091953693773383757901970361,37,4,1369,0,
110,896921256325021522657987284830593,37,4,1369,0,
110,1203542423031053904145939666476911,37,4,1369,0,
110,1199154544316876581468080914110891,37,4,1369,0,
110,811609282998987318178549330444147,37,4,1369,0,
110,843356916809203847698238296076879,37,4,1369,0,
110,754931351152902895583234647280227,37,4,1369,0,
110,819693055194440747812061510249971,37,4,1369,0,
110,1111602441040519626267446686239391,37,4,1369,0,
110,1038946944618284670494057710889629,37,4,1369,0,
110,1294230065551387370827740935964289,37,4,1369,0,
110,710595119923103872082317573080877,37,4,1369,0,
110,788396167016262067049168709407683,37,4,1369,0,
110,1044264475013587869139966504778707,37,4,1369,0,
110,779050666840472048974669349007059,37,4,1369,0,
110,847363968829378777185790525282583,37,4,1369,0,
110,735298580099961205719388706973349,37,4,1369,0,
110,932368779224701802770685206803493,37,4,1369,0,
110,735460574139971971777007419336181,37,4,1369,0,
110,718722948697479893462074642996109,37,4,1369,0,
110,926782081451000282807771464743679,37,4,1369,0,
110,1046716052614721853327901127470589,37,4,1369,0,
110,1054119153088711629726626547260431,37,4,1369,0,
110,700268921216609158167983148647951,37,4,1369,0,
110,742950522937028213257138883692301,37,4,1369,0,
110,790678892937185195242772116660663,37,4,1369,0,
110,1093275992293505970168997625157391,37,4,1369,0,
110,1148095057481488227726777449647847,37,4,1369,0,
110,928206314500434231744089894881183,37,4,1369,0,
110,1030772700676932380830854164602033,37,4,1369,0,
110,1090202042424595109739786597980521,37,4,1369,0,
110,1041858009174630309865810951914959,37,4,1369,0,
110,839909284214136846365048187078457,37,4,1369,0,
110,650831945014936631491003515669623,37,4,1369,0,
110,833052260904964079151216839664823,37,4,1369,0,
110,923374524325458618194630593176493,37,4,1369,0,
110,1181558058659173395275955759370507,37,4,1369,0,
110,856986552948050824672055258761469,37,4,1369,0,
110,721958127579980592041978061207043,37,4,1369,0,
110,1100522752969543180061437069951553,37,4,1369,0,
110,743559749641935461693378362688509,37,4,1369,0,
110,1028986081178721783088439448836539,37,4,1369,0,
110,1217968909677650527564934904424739,37,4,1369,0,
110,851018748815599432633023286280197,37,4,1369,0,
110,929235216724152500400601395629131,37,4,1369,0,
110,785563925775044810294971635505729,37,4,1369,0,
110,958290010041233355454800443587901,37,4,1369,0,
110,826868873384866484761656821596621,37,4,1369,0,
110,753995776954247938006439004540193,37,4,1369,0,
110,792893409761795921605653181649041,37,4,1369,0,
110,963656343308451702185692142916403,37,4,1369,0,
110,658706545844947180629276479096291,37,4,1369,0,
110,1030121014040851307991880537889287,37,4,1369,0,
110,999910071473950390661035196302057,37,4,1369,0,
110,934991259603258776244231829063849,37,4,1369,0,
110,1047735750791948994353557110833971,37,4,1369,0,
110,665520416150842798735317350787737,37,4,1369,0,
110,1056988304330633134279119463926703,37,4,1369,0,
110,866839917604411428545150958303127,37,4,1369,0,
110,1110943465606991675981065913302663,37,4,1369,0,
110,652264595652232871175034067599889,37,4,1369,0,
110,972874333151113774201706889179873,37,4,1369,0,
110,703805839540607705366830790372083,37,4,1369,0,
110,1126353938588068078307400855432991,37,4,1369,0,
110,689368352080342535211719343437171,37,4,1369,0,
110,979414280270028357533283667037207,37,4,1369,0,
110,996149545825513145029784576277713,37,4,1369,0,
110,848682422985125905390131281431351,37,4,1369,0,
110,1161226036246239686412281971499893,37,4,1369,0,
110,725608521683835709020756106514113,37,4,1369,0,
110,845689804784564337239739553738133,37,4,1369,0,
110,867206126475353876070495385078733,37,4,1369,0,
110,840329260391277886398261292680617,37,4,1369,0,
110,1075510108814411348399085958718797,37,4,1369,0,
110,667574637432258669531269968523971,37,4,1369,0,
110,1004836433855480523042248620447711,37,4,1369,0,
110,991838413263355095677424920641037,37,4,1369,0,
110,714189966675180284541806515112771,37,4,1369,0,
110,689208421635930532000227174385049,37,4,1369,0,
110,1042996495831572075150217032665621,37,4,1369,0,
110,798658868493498344425025082480179,37,4,1369,0,
110,653472121326826549563544319970697,37,4,1369,0,
110,1029832655850750806234672341531939,37,4,1369,0,
110,691342918749369641585967837729943,37,4,1369,0,
110,894437155762123091725371329662843,37,4,1369,0,
110,777642719534167638627552435137557,37,4,1369,0,
110,882290478475630606419405308702779,37,4,1369,0,
110,1225205901914780341250903798830843,37,4,1369,0,
110,750953427217428934500365010897053,37,4,1369,0,
110,795086824339044743101579982477911,37,4,1369,0,
110,957134894634927424484166214523573,37,4,1369,0,
110,840801362061215199185838113999827,37,4,1369,0,
110,1090171504368956957285198972806601,37,4,1369,0,
110,788095755397502124706467477434153,37,4,1369,0,
110,1013575924888381456191584891420101,37,4,1369,0,
110,864190334400974641235692821093143,37,4,1369,0,
110,657361149999861424353245551122289,37,4,1369,0,
110,911685251167399386572160222329111,37,4,1369,0,
110,1081418474139598626166378253481077,37,4,1369,0,
110,726758537530725835259932555794953,37,4,1369,0,
110,796509578246919108950284326497603,37,4,1369,0,
110,660712894222696149429121033207573,37,4,1369,0,
110,746745343960413974102905459626203,37,4,1369,0,
110,661313620593214769122500924667901,37,4,1369,0,
110,875353613212053923282945747192849,37,4,1369,0,
110,698227489770794504299652934936091,37,4,1369,0,
110,783534752372278592833003934324657,37,4,1369,0,
110,843148242694268652780057655892861,37,4,1369,0,
110,962177298789989924740713002042761,37,4,1369,0,
110,764864419003761658717784913785317,37,4,1369,0,
110,853944239210276679636867927079579,37,4,1369,0,
110,678867078029108010205632445539169,37,4,1369,0,
110,738094120596777434067329922840269,37,4,1369,0,
110,963446749929545130072047882892691,37,4,1369,0,
110,993622090731002795909260679737469,37,4,1369,0,
110,1215697072978268933810432576350607,37,4,1369,0,
110,723465193872587469902460880154989,37,4,1369,0,
110,938608003783019698055150975201573,37,4,1369,0,
110,884329064739221407566631609502149,37,4,1369,0,
110,1005818422577178907165713957012709,37,4,1369,0,
110,1036503868378754955549166462256813,37,4,1369,0,
110,1101803229960815113260745012038673,37,4,1369,0,
110,936999932045590618781674782485467,37,4,1369,0,
110,686546340807590005351085229319507,37,4,1369,0,
110,690607690149819549903677454672521,37,4,1369,0,
110,909958371622429972012054598021137,37,4,1369,0,
110,1014016238607621463957784595297839,37,4,1369,0,
110,941942765524419448579000754752631,37,4,1369,0,
110,806314840222322304145042768069291,37,4,1369,0,
110,943866264368670946586241684558031,37,4,1369,0,
110,733644997129648143485227001264131,37,4,1369,0,
110,881693422228882948674047875988723,37,4,1369,0,
110,1012788390693570595223723938120181,37,4,1369,0,
110,673932462427721636256742099803319,37,4,1369,0,
110,725425242741378008436110497201687,37,4,1369,0,
110,803433236957673473248291299041341,37,4,1369,0,
110,894398636066751809732677498517897,37,4,1369,0,
110,970227045579373689492003050377579,37,4,1369,0,
110,835420196719702164073247426405881,37,4,1369,0,
110,708843911270961666297758854912669,37,4,1369,0,
110,709387288470175108997565760448249,37,4,1369,0,
110,800074659809779355578450036677347,37,4,1369,0,
110,667368950106687697090844510116901,37,4,1369,0,
110,1031056501091989470129407894234203,37,4,1369,0,
110,670677368428988950889252884280843,37,4,1369,0,
110,905977134144529541455986375212879,37,4,1369,0,
110,989811328694561108768042798116163,37,4,1369,0,
110,807537159717621032212719155333957,37,4,1369,0,
110,942825859544838182674120342364419,37,4,1369,0,
110,695121104788954579580836885072393,37,4,1369,0,
110,653678995108903651169423818188257,37,4,1369,0,
110,1013617435906436242412900269183903,37,4,1369,0,
110,1062765828844400625103584244608829,37,4,1369,0,
110,717617607663531660738196422261521,37,4,1369,0,
110,804573557439713408695133300967383,37,4,1369,0,
110,660854141729440302208781279493259,37,4,1369,0,
110,896286696806507834177857837438111,37,4,1369,0,
110,999240086609083599777831397488277,37,4,1369,0,
110,1058102418774196559241267993379459,37,4,1369,0,
110,727335884015962635296305718641639,37,4,1369,0,
110,906735998432049347322991079638001,37,4,1369,0,
110,736907359246540263125196032294717,37,4,1369,0,
110,803422662754969307004236677896857,37,4,1369,0,
110,687373944879591220576739242655639,37,4,1369,0,
110,827556334731192774419954512694051,37,4,1369,0,
110,939681555762652024370035100715397,37,4,1369,0,
110,656353873281632922044750060555809,37,4,1369,0,
110,693521991549176001027296359718657,37,4,1369,0,
110,915412985802077218662311598604403,37,4,1369,0,
110,980717380142519249103713179096907,37,4,1369,0,
110,689899307936673665412183158433137,37,4,1369,0,
110,659949388706179220497625376721601,37,4,1369,0,
110,801550950731612991144287060961467,37,4,1369,0,
110,1043675100708625440519265753297219,37,4,1369,0,
110,764199297142663532118736690192939,37,4,1369,0,
110,1032250379390744945037868868448763,37,4,1369,0,
110,835595873989200137380290906398717,37,4,1369,0,
110,868202846362161431808305804028269,37,4,1369,0,
110,945327533179646655657439980078427,37,4,1369,0,
110,1207280299495340608509261117251617,37,4,1369,0,
110,933945151783525033128940098205319,37,4,1369,0,
110,679556251625075174719239138322037,37,4,1369,0,
110,1136825327997799749795553175307361,37,4,1369,0,
110,679175798420957772008367633602741,37,4,1369,0,
110,882163918671824473938398846525311,37,4,1369,0,
110,1241236022360140022353555012028387,37,4,1369,0,
110,931585664410472964885474213406013,37,4,1369,0,
110,1099154528663974906331769523681669,37,4,1369,0,
110,842098058778866212529114410230719,37,4,1369,0,
110,785112234713337736021214104871429,37,4,1369,0,
110,695731219413952689271426979747773,37,4,1369,0,
110,850187876136081648048293961493259,37,4,1369,0,
110,654678068397903043007122847583407,37,4,1369,0,
110,826290554021017861204989756869713,37,4,1369,0,
110,896877413391805800912059624979593,37,4,1369,0,
110,843663789730979998805566005874103,37,4,1369,0,
110,736869715882501149964604688620789,37,4,1369,0,
110,1092561053283632662351201682005247,37,4,1369,0,
110,820869482236067662836143473563049,37,4,1369,0,
110,663341479519479979257418163402711,37,4,1369,0,
110,952582077411071390461402823563309,37,4,1369,0,
110,736717032983509187570532715665127,37,4,1369,0,
110,959574473740074304097684638147903,37,4,1369,0,
110,914694020147436657630873845221823,37,4,1369,0,
110,652823842303714545122866878745073,37,4,1369,0,
110,730748268967010512064281329857899,37,4,1369,0,
110,1074907899370002319914235657554923,37,4,1369,0,
110,974464708273170607869719849467789,37,4,1369,0,
110,686127079374701584703123562930469,37,4,1369,0,
110,764015821372921400510149305221831,37,4,1369,0,
110,820341897229902825531309857760227,37,4,1369,0,
110,879008904946775187533428351378207,37,4,1369,0,
110,849425158028361769251989933648399,37,4,1369,0,
110,661549808494123087263623484114241,37,4,1369,0,
110,658026806463435985976582923153957,37,4,1369,0,
110,786557720014023952712063189865509,37,4,1369,0,
110,1004838812296957854516645879672221,37,4,1369,0,
110,826135274473558408590599159204711,37,4,1369,0,
110,683831946825519010460801472666167,37,4,1369,0,
110,768952361144425983704628162743387,37,4,1369,0,
110,673033120144382490296044514303323,37,4,1369,0,
110,790603116529925954876533330929331,37,4,1369,0,
110,902181682919924407842854066927809,37,4,1369,0,
110,670070608960521345815098202932091,37,4,1369,0,
110,777634231193783399130646994369051,37,4,1369,0,
110,760289579242606815376135937158499,37,4,1369,0,
110,1070723344063040450381158163557127,37,4,1369,0,
110,781825829906079861395352064830497,37,4,1369,0,
110,931356387129045663376251866304091,37,4,1369,0,
110,667642900450197365178943459089457,37,4,1369,0,
110,756678151472696857788598953200389,37,4,1369,0,
110,665205301846575925486133888247587,37,4,1369,0,
110,1065472065967410622949029406988811,37,4,1369,0,
110,1052724997287906255449171163531569,37,4,1369,0,
110,692191777180390750133139128048921,37,4,1369,0,
110,666679223483590383364862871989249,37,4,1369,0,
110,946903235594831185844883685300093,37,4,1369,0,
110,716849717262283263926732987285441,37,4,1369,0,
110,830601676894885931362845848215889,37,4,1369,0,
110,678614855609871942706415052488759,37,4,1369,0,
110,960552449774466134660592035002621,37,4,1369,0,
110,887038239523502604305735742957269,37,4,1369,0,
110,785249814385949670425651085834323,37,4,1369,0,
110,878038420734852752734786384047403,37,4,1369,0,
110,1204666758156097826555853641400289,37,4,1369,0,
110,828056794087586101550583020121959,37,4,1369,0,
110,1008620068383992847633443121264629,37,4,1369,0,
110,740552924561459242138069762614953,37,4,1369,0,
110,654055920013452569034754316521211,37,4,1369,0,
110,800947471372837104497549338463021,37,4,1369,0,
110,826722978672372959581865740981837,37,4,1369,0,
110,837809185372048640874234152896583,37,4,1369,0,
110,685550745753165492994460696690137,37,4,1369,0,
110,1019737140314835987305238462556699,37,4,1369,0,
110,690985794902423416745856407203711,37,4,1369,0,
110,831424717289665655733722963502847,37,4,1369,0,
110,1056856321690049288104245435731167,37,4,1369,0,
110,1229461417813403936892525031505993,37,4,1369,0,
110,1028618369955556115258364011424857,37,4,1369,0,
110,769156484966364865316879286740557,37,4,1369,0,
110,735639200657921262538591274481421,37,4,1369,0,
110,692342998978863479572586815456093,37,4,1369,0,
110,697174264087213969498549209264091,37,4,1369,0,
110,695580569124885508894247073903893,37,4,1369,0,
110,889049829157911750637290824287553,37,4,1369,0,
110,1070104366350098873817576564498239,37,4,1369,0,
110,1042101358452518346264960840017111,37,4,1369,0,
110,801706335979522272918534897246637,37,4,1369,0,
110,655324723496703434543872854426211,37,4,1369,0,
110,963778104545964395975907444367397,37,4,1369,0,
110,677945748582620093756000658959423,37,4,1369,0,
110,660362722712862024368370006657749,37,4,1369,0,
110,891339904880547287027060712878863,37,4,1369,0,
110,812745373485167823204435116919733,37,4,1369,0,
110,745750084358701998896140351038331,37,4,1369,0,
110,738276597913432772014909702103771,37,4,1369,0,
110,689224804679980963094003891564611,37,4,1369,0,
110,775426645214383633185335404623967,37,4,1369,0,
110,668602977151083978759015284059339,37,4,1369,0,
110,797199776506725229206801353597851,37,4,1369,0,
110,1015043051768976811286079546286921,37,4,1369,0,
110,701253874573931873503531076506517,37,4,1369,0,
110,1168824419402284162310822890814119,37,4,1369,0,
110,925363658804546946873718737471647,37,4,1369,0,
110,1085569483214256731057218514859323,37,4,1369,0,
110,845793348691690986247856132308769,37,4,1369,0,
110,823774437224991870638694156741289,37,4,1369,0,
110,752055967710497750804774871949967,37,4,1369,0,
110,808651537890082804962637793813057,37,4,1369,0,
110,701817112049944852011936085499939,37,4,1369,0,
110,814783108883384576094463391274511,37,4,1369,0,
110,795951004790749784887336250903509,37,4,1369,0,
110,780100245222544636467300629192153,37,4,1369,0,
110,813844485128024860016795971258633,37,4,1369,0,
110,717293100100502020049679743453191,37,4,1369,0,
110,765502695485325061721174017167001,37,4,1369,0,
110,690564251085616292066084284396987,37,4,1369,0,
110,673800953394652766870898760277383,37,4,1369,0,
110,1169642459607240311283297092696137,37,4,1369,0,
110,1035603333339965835561955577318423,37,4,1369,0,
110,797568535887247683881553513079313,37,4,1369,0,
110,726417630018312284327529985725091,37,4,1369,0,
110,730416352238509580246517587241677,37,4,1369,0,
110,790074681559448488370728692861797,37,4,1369,0,
110,1202452532216560784865760088534581,37,4,1369,0,
110,1029743689768712697475451884494877,37,4,1369,0,
110,790376023419493442959348765839697,37,4,1369,0,
110,1138065983404012809019503124307143,37,4,1369,0,
110,849104659714355609458450494778021,37,4,1369,0,
110,722502806124921552580427928147533,37,4,1369,0,
110,1124430519352254932755317772079839,37,4,1369,0,
110,948508200762147181028208767372047,37,4,1369,0,
110,800899278872658877661347975413271,37,4,1369,0,
110,1026399454634771601016555667028139,37,4,1369,0,
110,690853879949230037567343171036751,37,4,1369,0,
110,1250882125833154759838520719192299,37,4,1369,0,
110,867982987098935687317851120736237,37,4,1369,0,
110,685173617327539323161142145986373,37,4,1369,0,
110,930643417692652984998002282325479,37,4,1369,0,
110,693755501358331951128353358739129,37,4,1369,0,
110,825249626806618133850557183475859,37,4,1369,0,
110,686142334645534131627918930381433,37,4,1369,0,
110,1175958505597042789337374187031487,37,4,1369,0,
110,669923572455025183503153255220591,37,4,1369,0,
110,844074381099786427933401735909403,37,4,1369,0,
110,1089775059143399121492366858653387,37,4,1369,0,
110,733138077076872332878859859189253,37,4,1369,0,
110,667799894041353223769479364096269,37,4,1369,0,
110,729947005946720761169859844286713,37,4,1369,0,
110,769413907799371129471861711543747,37,4,1369,0,
110,797832293718469774476809746094491,37,4,1369,0,
110,657754726186039894706319643346177,37,4,1369,0,
110,1188583256725689169693018681385161,37,4,1369,0,
110,1098093209099327540012887894969121,37,4,1369,0,
110,873598199804288400043847991365437,37,4,1369,0,
110,785843617079317024657090785278671,37,4,1369,0,
110,923875385864968577061746346725443,37,4,1369,0,
110,990470652937993949120126862690067,37,4,1369,0,
110,1066892010100504610995041742662653,37,4,1369,0,
110,912734470183198230269956260350011,37,4,1369,0,
110,1119718658169381407864166239359979,37,4,1369,0,
110,836739015777998116590407880739951,37,4,1369,0,
110,650340836564357994049567041159127,37,4,1369,0,
110,758210566470035656993862219735137,37,4,1369,0,
110,704425503351154233147931295849459,37,4,1369,0,
110,751753802121998262353720046939071,37,4,1369,0,
110,726129956796099992439222075874577,37,4,1369,0,
110,920604924254591285939981166213061,37,4,1369,0,
110,764156165013593610789294784573099,37,4,1369,0,
110,943102202504346291173746835462041,37,4,1369,0,
110,951753605128083685641766184857567,37,4,1369,0,
110,1126326565092062200604393790740821,37,4,1369,0,
110,651613625179206784844124638295479,37,4,1369,0,
110,1056180697123609903973585576974567,37,4,1369,0,
20,609061,7,4,49,4,4
20,663847,7,4,49,6,9
20,656837,7,4,49,15,15
20,534757,7,4,49,10,13
20,574841,7,4,49,5,9
20,826409,7,4,49,2,5
20,731123,7,4,49,3,3
20,648113,7,4,49,1,1
20,759907,7,4,49,4,7
20,659389,7,4,49,7,7
20,625021,7,4,49,9,9
20,807979,7,4,49,6,9
20,609953,7,4,49,3,3
20,794083,7,4,49,18,19
20,693347,7,4,49,4,6
20,659389,7,4,49,6,6
20,910729,7,4,49,14,15
20,537601,7,4,49,2,2
20,545689,7,4,49,5,9
20,604777,7,4,49,9,10
20,915163,7,4,49,4,5
20,838241,7,4,49,9,9
20,554989,7,4,49,2,2
20,532409,7,4,49,7,10
20,628027,7,4,49,5,6
20,886139,7,4,49,10,10
20,828719,7,4,49,3,4
20,991847,7,4,49,6,7
20,604777,7,4,49,2,2
20,824737,7,4,49,7,8
20,612701,7,4,49,3,3
20,589423,7,4,49,4,5
20,597713,7,4,49,5,6
20,869207,7,4,49,12,13
20,667951,7,4,49,7,8
20,884581,7,4,49,10,13
20,612463,7,4,49,6,6
20,597851,7,4,49,7,8
20,723253,7,4,49,3,5
20,525323,7,4,49,9,9
20,821749,7,4,49,3,8
20,666917,7,4,49,10,12
20,678751,7,4,49,4,6
20,906079,7,4,49,0,1
20,599327,7,4,49,3,3
20,706777,7,4,49,5,5
20,726403,7,4,49,8,11
20,659641,7,4,49,2,2
20,879397,7,4,49,4,6
20,904279,7,4,49,6,6
20,631349,7,4,49,4,5
20,550019,7,4,49,5,10
20,779917,7,4,49,11,12
20,644251,7,4,49,4,6
20,637579,7,4,49,4,5
20,772561,7,4,49,5,5
20,975703,7,4,49,9,10
20,668683,7,4,49,4,5
20,596437,7,4,49,2,4
20,755927,7,4,49,8,9
20,989449,7,4,49,5,5
20,607559,7,4,49,17,17
20,703253,7,4,49,0,0
20,748081,7,4,49,11,12
20,628933,7,4,49,3,3
20,647467,7,4,49,6,6
20,529651,7,4,49,9,9
20,679253,7,4,49,3,4
20,637579,7,4,49,1,1
20,536131,7,4,49,10,11
20,771041,7,4,49,6,6
20,895417,7,4,49,3,3
20,795439,7,4,49,13,13
20,579889,7,4,49,9,11
20,783611,7,4,49,3,4
20,643063,7,4,49,7,7
20,893663,7,4,49,5,6
20,708523,7,4,49,1,1
20,740413,7,4,49,4,4
20,637757,7,4,49,6,10
20,707137,7,4,49,3,4
20,677489,7,4,49,1,2
20,690199,7,4,49,8,8
20,637579,7,4,49,11,12
20,608351,7,4,49,8,10
20,794083,7,4,49,6,9
20,635807,7,4,49,10,10
20,910729,7,4,49,8,11
20,799261,7,4,49,5,5
20,831673,7,4,49,4,4
20,720457,7,4,49,14,14
20,695273,7,4,49,3,7
20,533131,7,4,49,3,3
20,606719,7,4,49,8,8
20,612917,7,4,49,10,14
20,567109,7,4,49,3,3
20,897739,7,4,49,7,10
20,804173,7,4,49,3,3
20,698069,7,4,49,11,11
20,801953,7,4,49,2,2
20,805963,7,4,49,8,8
20,868183,7,4,49,1,1
20,991391,7,4,49,12,13
20,937361,7,4,49,3,3
20,670273,7,4,49,5,5
20,675677,7,4,49,4,4
20,895417,7,4,49,3,3
20,629107,7,4,49,10,12
20,681157,7,4,49,10,10
20,683029,7,4,49,4,5
20,891581,7,4,49,12,13
20,744647,7,4,49,5,5
20,586829,7,4,49,1,1
20,946651,7,4,49,2,2
20,551891,7,4,49,4,6
20,565853,7,4,49,3,5
20,532891,7,4,49,4,5
20,573431,7,4,49,8,9
20,808057,7,4,49,1,2
20,766043,7,4,49,2,2
20,679057,7,4,49,7,10
20,555991,7,4,49,3,3
20,954493,7,4,49,2,2
20,792437,7,4,49,7,8
20,581593,7,4,49,2,2
20,783907,7,4,49,9,9
20,658627,7,4,49,5,7
20,870913,7,4,49,3,3
20,784237,7,4,49,3,3
20,664189,7,4,49,6,6
20,568291,7,4,49,0,0
20,961577,7,4,49,7,9
20,777899,7,4,49,11,11
20,606787,7,4,49,3,3
20,713809,7,4,49,6,6
20,999919,7,4,49,11,11
20,660587,7,4,49,7,8
20,538243,7,4,49,2,2
20,1011811,7,4,49,8,8
20,641369,7,4,49,2,2
20,573043,7,4,49,8,8
20,949469,7,4,49,4,4
20,906079,7,4,49,3,3
20,686821,7,4,49,5,5
20,1009961,7,4,49,3,6
20,697483,7,4,49,3,3
20,561263,7,4,49,6,6
20,833533,7,4,49,6,7
20,606007,7,4,49,4,5
20,813611,7,4,49,2,2
20,938957,7,4,49,8,9
20,586199,7,4,49,4,6
20,625321,7,4,49,11,11
20,743471,7,4,49,4,4
20,720457,7,4,49,11,11
20,754499,7,4,49,5,5
20,895417,7,4,49,3,3
20,733543,7,4,49,3,4
20,575521,7,4,49,6,6
20,714613,7,4,49,3,4
20,625021,7,4,49,0,0
20,652133,7,4,49,7,8
20,877069,7,4,49,7,8
20,635231,7,4,49,5,6
20,1001677,7,4,49,2,2
20,565853,7,4,49,4,6
20,548033,7,4,49,9,9
20,527959,7,4,49,8,8
20,556471,7,4,49,4,6
20,635963,7,4,49,3,5
20,544283,7,4,49,5,6
20,557009,7,4,49,7,8
20,833381,7,4,49,6,7
20,736139,7,4,49,2,2
20,877069,7,4,49,3,3
20,693271,7,4,49,1,1
20,761029,7,4,49,8,8
20,692831,7,4,49,5,5
20,630089,7,4,49,6,8
20,851567,7,4,49,5,5
20,654659,7,4,49,3,3
20,709493,7,4,49,16,16
20,664189,7,4,49,7,8
20,760013,7,4,49,4,6
20,744647,7,4,49,7,7
20,576871,7,4,49,8,8
20,686599,7,4,49,10,11
20,821543,7,4,49,8,8
20,571807,7,4,49,12,12
20,717583,7,4,49,2,3
20,569477,7,4,49,8,8
20,642841,7,4,49,14,15
20,730369,7,4,49,3,3
20,834443,7,4,49,5,7
20,619481,7,4,49,2,2
20,644219,7,4,49,9,9
20,563677,7,4,49,3,3
20,950561,7,4,49,4,4
20,677921,7,4,49,5,5
20,870473,7,4,49,15,15
20,637253,7,4,49,3,4
20,824371,7,4,49,4,4
20,624647,7,4,49,12,13
20,568067,7,4,49,6,7
20,527027,7,4,49,3,4
20,718481,7,4,49,3,3
20,697679,7,4,49,2,3
20,722879,7,4,49,5,6
20,645059,7,4,49,6,6
20,888673,7,4,49,12,12
20,714613,7,4,49,5,7
20,591037,7,4,49,7,7
20,612917,7,4,49,5,7
20,801953,7,4,49,8,8
20,559411,7,4,49,6,7
20,864371,7,4,49,0,0
20,574069,7,4,49,6,8
20,783611,7,4,49,6,6
20,536113,7,4,49,7,11
20,771383,7,4,49,12,12
20,694921,7,4,49,5,8
20,805963,7,4,49,1,1
20,660293,7,4,49,3,3
20,676579,7,4,49,2,3
20,622579,7,4,49,1,2
20,595223,7,4,49,6,8
20,666943,7,4,49,2,2
20,626257,7,4,49,5,7
20,842603,7,4,49,8,8
20,783907,7,4,49,1,2
20,860677,7,4,49,4,5
20,757759,7,4,49,5,5
20,725279,7,4,49,5,6
20,668683,7,4,49,5,6
20,807043,7,4,49,5,11
20,759859,7,4,49,5,5
20,1028171,7,4,49,4,6
20,533131,7,4,49,1,1
20,856619,7,4,49,4,4
20,693853,7,4,49,1,1
20,723629,7,4,49,6,6
20,636679,7,4,49,7,8
20,735803,7,4,49,4,5
20,903377,7,4,49,8,8
20,555991,7,4,49,6,10
20,842603,7,4,49,2,2
20,532409,7,4,49,2,3
20,763813,7,4,49,1,1
20,748081,7,4,49,3,5
20,582599,7,4,49,1,1
20,812143,7,4,49,5,7
20,966887,7,4,49,2,2
20,733763,7,4,49,3,3
20,652133,7,4,49,4,5
20,816281,7,4,49,9,11
20,690247,7,4,49,1,1
20,1040399,7,4,49,2,2
20,773671,7,4,49,9,9
20,797191,7,4,49,4,5
20,655493,7,4,49,18,19
20,593609,7,4,49,4,5
20,608771,7,4,49,8,8
20,544553,7,4,49,9,9
20,858929,7,4,49,4,4
20,660293,7,4,49,14,16
20,650899,7,4,49,8,9
20,529651,7,4,49,1,1
20,733543,7,4,49,3,4
20,646769,7,4,49,5,5
20,975703,7,4,49,8,8
20,613307,7,4,49,4,4
20,673703,7,4,49,5,5
20,544189,7,4,49,5,5
20,888673,7,4,49,1,1
20,801953,7,4,49,14,14
20,804509,7,4,49,3,3
20,551279,7,4,49,2,2
20,625217,7,4,49,1,1
20,631451,7,4,49,10,10
20,864713,7,4,49,5,5
20,636679,7,4,49,15,15
20,635231,7,4,49,6,6
20,588143,7,4,49,4,4
20,784639,7,4,49,4,4
20,858929,7,4,49,5,6
20,551987,7,4,49,14,15
20,562013,7,4,49,2,3
20,696649,7,4,49,5,5
20,612779,7,4,49,12,12
20,573581,7,4,49,8,8
20,767849,7,4,49,2,4
20,719357,7,4,49,1,1
20,658627,7,4,49,10,11
20,652177,7,4,49,3,3
20,615149,7,4,49,18,19
20,773671,7,4,49,2,2
20,608351,7,4,49,3,3
20,779957,7,4,49,2,2
20,620021,7,4,49,7,7
20,532937,7,4,49,5,8
20,770977,7,4,49,2,2
20,532409,7,4,49,8,8
20,653069,7,4,49,3,4
20,601343,7,4,49,10,10
20,804173,7,4,49,0,1
20,654461,7,4,49,8,12
20,965389,7,4,49,2,2
20,538619,7,4,49,4,5
20,570847,7,4,49,10,12
20,830653,7,4,49,6,6
20,550549,7,4,49,5,5
20,799067,7,4,49,0,2
20,782303,7,4,49,3,3
20,706969,7,4,49,5,5
20,732857,7,4,49,4,4
20,884893,7,4,49,8,10
20,722471,7,4,49,13,14
20,744647,7,4,49,2,2
20,530459,7,4,49,7,7
20,637579,7,4,49,9,10
20,703009,7,4,49,13,15
20,909947,7,4,49,7,8
20,664931,7,4,49,3,3
20,741317,7,4,49,10,10
20,544351,7,4,49,6,6
20,659641,7,4,49,0,4
20,723253,7,4,49,8,9
20,904279,7,4,49,5,7
20,629107,7,4,49,6,7
20,961577,7,4,49,4,4
20,593039,7,4,49,4,7
20,593771,7,4,49,1,1
20,605203,7,4,49,3,3
20,804883,7,4,49,4,4
20,651611,7,4,49,4,4
20,652133,7,4,49,5,5
20,713809,7,4,49,8,10
20,999919,7,4,49,9,11
20,690077,7,4,49,1,1
20,744647,7,4,49,4,5
20,551923,7,4,49,9,13
20,614069,7,4,49,4,4
20,560743,7,4,49,2,3
20,564241,7,4,49,6,6
20,989701,7,4,49,13,13
20,868141,7,4,49,4,4
20,722471,7,4,49,0,0
20,675683,7,4,49,12,18
20,802117,7,4,49,6,10
20,534767,7,4,49,8,8
20,685603,7,4,49,18,18
20,731123,7,4,49,0,0
20,881717,7,4,49,0,0
20,713809,7,4,49,4,4
20,783049,7,4,49,6,6
20,653069,7,4,49,5,7
20,798947,7,4,49,6,6
20,751561,7,4,49,2,4
20,975703,7,4,49,4,4
20,849287,7,4,49,2,2
20,568511,7,4,49,4,5
20,997517,7,4,49,4,7
20,544421,7,4,49,4,4
20,609953,7,4,49,7,9
20,902059,7,4,49,1,1
20,907633,7,4,49,1,1
20,712529,7,4,49,6,6
20,534757,7,4,49,3,5
20,574069,7,4,49,5,7
20,733763,7,4,49,0,0
20,748081,7,4,49,0,0
20,814907,7,4,49,4,5
20,794083,7,4,49,2,2
20,788131,7,4,49,9,9
20,751903,7,4,49,4,10
20,766841,7,4,49,12,12
20,536131,7,4,49,13,13
20,619847,7,4,49,5,11
20,616591,7,4,49,1,1
20,771041,7,4,49,3,5
20,763813,7,4,49,4,5
20,991847,7,4,49,3,4
20,576833,7,4,49,6,7
20,705917,7,4,49,8,12
20,599197,7,4,49,12,13
20,707309,7,4,49,4,6
20,532799,7,4,49,2,2
20,606409,7,4,49,7,7
20,638479,7,4,49,12,16
20,545869,7,4,49,15,15
20,703009,7,4,49,2,2
20,695273,7,4,49,6,6
20,628933,7,4,49,8,9
20,958297,7,4,49,2,2
20,789827,7,4,49,9,9
20,632579,7,4,49,16,16
20,568291,7,4,49,14,14
20,670273,7,4,49,5,6
20,746699,7,4,49,6,7
20,541039,7,4,49,4,10
20,816281,7,4,49,5,5
20,646127,7,4,49,9,9
20,568291,7,4,49,5,6
20,726437,7,4,49,7,7
20,677867,7,4,49,9,9
20,927271,7,4,49,3,5
20,650791,7,4,49,12,15
20,659033,7,4,49,14,17
20,898343,7,4,49,9,9
20,805963,7,4,49,5,5
20,841499,7,4,49,5,8
20,773671,7,4,49,4,5
20,567629,7,4,49,4,4
20,718217,7,4,49,5,5
20,697679,7,4,49,4,4
20,582133,7,4,49,1,3
20,573043,7,4,49,4,4
20,568567,7,4,49,5,8
20,752659,7,4,49,12,16
20,795439,7,4,49,3,3
20,625873,7,4,49,0,0
20,616487,7,4,49,14,14
20,625321,7,4,49,9,10
20,733549,7,4,49,1,1
20,706711,7,4,49,6,8
20,703009,7,4,49,1,1
20,674969,7,4,49,5,5
20,579233,7,4,49,12,13
20,531341,7,4,49,13,13
20,695399,7,4,49,6,6
20,895417,7,4,49,9,15
20,614039,7,4,49,0,0
20,576871,7,4,49,3,3
20,903853,7,4,49,1,1
20,897863,7,4,49,6,7
20,795439,7,4,49,2,2
20,557983,7,4,49,3,3
20,545689,7,4,49,5,9
20,735577,7,4,49,6,6
20,848059,7,4,49,5,5
20,746789,7,4,49,7,8
20,856619,7,4,49,10,10
20,980051,7,4,49,3,5
20,853751,7,4,49,1,1
20,630601,7,4,49,12,13
20,526301,7,4,49,8,9
20,647123,7,4,49,9,9
20,987307,7,4,49,4,4
20,644773,7,4,49,1,3
20,635807,7,4,49,5,5
20,566477,7,4,49,3,3
20,529019,7,4,49,7,7
20,985373,7,4,49,9,9
20,655957,7,4,49,9,9
20,684623,7,4,49,6,7
20,838241,7,4,49,5,7
20,637981,7,4,49,5,6
20,552533,7,4,49,8,8
20,610873,7,4,49,3,5
20,652133,7,4,49,8,8
20,733763,7,4,49,4,6
20,558697,7,4,49,2,4
20,567023,7,4,49,8,8
20,655957,7,4,49,9,12
20,610411,7,4,49,1,1
20,583571,7,4,49,3,6
20,646127,7,4,49,4,7
20,874189,7,4,49,11,11
20,562013,7,4,49,3,5
20,544457,7,4,49,4,4
20,722879,7,4,49,8,8
20,580511,7,4,49,1,1
20,757759,7,4,49,3,4
20,635807,7,4,49,1,2
20,985373,7,4,49,8,8
20,568067,7,4,49,1,1
20,851269,7,4,49,7,7
20,849907,7,4,49,9,9
20,667951,7,4,49,6,6
20,525323,7,4,49,5,6
20,552361,7,4,49,4,4
20,773671,7,4,49,1,1
20,954493,7,4,49,3,4
20,664189,7,4,49,4,7
20,574829,7,4,49,7,7
20,848059,7,4,49,3,3
20,543731,7,4,49,9,10
20,824851,7,4,49,2,3
20,652133,7,4,49,7,9
20,702463,7,4,49,9,10
20,601063,7,4,49,14,16
20,802117,7,4,49,3,4
20,836483,7,4,49,4,10
20,681157,7,4,49,2,2
20,853487,7,4,49,8,9
20,527707,7,4,49,5,7
20,636679,7,4,49,2,2
20,670961,7,4,49,2,2
20,540161,7,4,49,4,4
20,625321,7,4,49,5,5
30,592370869,10,4,100,10,11
30,759086123,10,4,100,4,4
30,797821313,10,4,100,2,2
30,809067199,10,4,100,0,0
30,561168847,10,4,100,3,6
30,577069013,10,4,100,6,8
30,553233437,10,4,100,0,0
30,949176659,10,4,100,4,5
30,949230179,10,4,100,1,1
30,849253903,10,4,100,4,4
30,773873143,10,4,100,13,18
30,769118489,10,4,100,10,11
30,953158681,10,4,100,8,8
30,617629949,10,4,100,3,5
30,555155561,10,4,100,5,5
30,580153297,10,4,100,1,1
30,686439001,10,4,100,10,12
30,916487797,10,4,100,2,3
30,637278409,10,4,100,2,2
30,840858919,10,4,100,3,4
30,654581999,10,4,100,6,8
30,855197779,10,4,100,3,4
30,554041133,10,4,100,4,4
30,538063381,10,4,100,10,10
30,854211151,10,4,100,2,8
30,605255587,10,4,100,2,3
30,856991039,10,4,100,6,6
30,639318703,10,4,100,0,0
30,665204867,10,4,100,18,19
30,660227609,10,4,100,3,4
30,637715417,10,4,100,17,18
30,670911973,10,4,100,10,10
30,779228497,10,4,100,0,0
30,740418121,10,4,100,2,3
30,813713317,10,4,100,9,10
30,763057487,10,4,100,7,7
30,723072403,10,4,100,5,7
30,837120223,10,4,100,8,13
30,648742181,10,4,100,7,7
30,608637829,10,4,100,8,8
30,1005820037,10,4,100,3,4
30,820502159,10,4,100,3,6
30,806421191,10,4,100,0,1
30,596466413,10,4,100,2,2
30,597666233,10,4,100,7,9
30,663338807,10,4,100,2,2
30,608628437,10,4,100,7,8
30,629854207,10,4,100,3,4
30,737935909,10,4,100,4,4
30,713961151,10,4,100,4,6
30,647261861,10,4,100,5,5
30,622126081,10,4,100,8,11
30,673008613,10,4,100,10,12
30,574184509,10,4,100,7,8
30,595794029,10,4,100,0,0
30,681863053,10,4,100,3,3
30,707929451,10,4,100,5,5
30,864971753,10,4,100,7,7
30,761449939,10,4,100,10,12
30,796530101,10,4,100,1,1
30,778303079,10,4,100,2,2
30,751319903,10,4,100,6,9
30,883072889,10,4,100,2,2
30,877520141,10,4,100,3,3
30,899101691,10,4,100,0,0
30,722596867,10,4,100,5,5
30,876380849,10,4,100,1,1
30,799171349,10,4,100,10,10
30,728820139,10,4,100,2,2
30,1006741553,10,4,100,1,1
30,729954941,10,4,100,12,12
30,619053049,10,4,100,3,4
30,1011557881,10,4,100,0,0
30,863033653,10,4,100,4,5
30,934704233,10,4,100,2,3
30,851464573,10,4,100,5,6
30,545777783,10,4,100,6,7
30,626203811,10,4,100,8,9
30,1034740877,10,4,100,10,11
30,889773289,10,4,100,7,8
30,742049267,10,4,100,1,1
30,669503531,10,4,100,4,4
30,593205989,10,4,100,11,13
30,776606351,10,4,100,1,1
30,611568101,10,4,100,13,14
30,584908853,10,4,100,4,5
30,749447437,10,4,100,2,2
30,641183573,10,4,100,1,1
30,632855087,10,4,100,0,0
30,775962689,10,4,100,3,4
30,682064161,10,4,100,1,1
30,722244713,10,4,100,6,7
30,558535843,10,4,100,7,7
30,861967187,10,4,100,9,12
30,797722447,10,4,100,6,7
30,775971751,10,4,100,3,3
30,907103623,10,4,100,0,0
30,691190387,10,4,100,5,5
30,777250871,10,4,100,9,10
30,894740467,10,4,100,1,2
30,558194437,10,4,100,4,5
30,948480569,10,4,100,3,6
30,616153067,10,4,100,7,7
30,661150507,10,4,100,8,9
30,847913303,10,4,100,11,14
30,899374559,10,4,100,1,3
30,648778489,10,4,100,4,5
30,663437641,10,4,100,18,19
30,569084203,10,4,100,2,2
30,583437781,10,4,100,9,11
30,701372813,10,4,100,6,7
30,939310003,10,4,100,2,2
30,649346167,10,4,100,0,1
30,577754651,10,4,100,2,2
30,654439783,10,4,100,3,3
30,845875721,10,4,100,5,7
30,631951261,10,4,100,8,9
30,566843227,10,4,100,3,6
30,570131087,10,4,100,5,5
30,644729741,10,4,100,7,7
30,667316281,10,4,100,5,5
30,554037619,10,4,100,4,5
30,727247771,10,4,100,5,6
30,855581719,10,4,100,2,2
30,695909659,10,4,100,12,14
30,788800399,10,4,100,3,3
30,734047547,10,4,100,7,10
30,760407961,10,4,100,2,2
30,745462439,10,4,100,2,3
30,792794143,10,4,100,1,2
30,871616687,10,4,100,2,2
30,630660857,10,4,100,4,4
30,682301479,10,4,100,13,15
30,695552279,10,4,100,3,4
30,671745419,10,4,100,4,5
30,681708061,10,4,100,4,5
30,698001167,10,4,100,2,2
30,936418897,10,4,100,2,2
30,583326461,10,4,100,3,3
30,564210169,10,4,100,1,1
30,724559551,10,4,100,9,11
30,628670629,10,4,100,11,12
30,665968669,10,4,100,7,7
30,651406111,10,4,100,2,3
30,601871411,10,4,100,4,4
30,597536977,10,4,100,7,8
30,810924421,10,4,100,5,7
30,793068961,10,4,100,8,10
30,798125879,10,4,100,5,9
30,772509653,10,4,100,4,4
30,659450959,10,4,100,0,0
30,609548761,10,4,100,2,3
30,683677201,10,4,100,0,1
30,892779233,10,4,100,8,8
30,659042767,10,4,100,0,1
30,990176857,10,4,100,1,2
30,616659413,10,4,100,3,4
30,669514217,10,4,100,13,15
30,912032879,10,4,100,1,1
30,904345397,10,4,100,2,2
30,761980319,10,4,100,0,0
30,577332047,10,4,100,4,5
30,657313859,10,4,100,0,1
30,707930053,10,4,100,10,12
30,626438273,10,4,100,1,1
30,810569917,10,4,100,3,5
30,601780831,10,4,100,3,3
30,697694119,10,4,100,3,3
30,537880621,10,4,100,14,17
30,689454719,10,4,100,8,9
30,564050831,10,4,100,9,11
30,583062737,10,4,100,1,4
30,592029313,10,4,100,2,2
30,588186491,10,4,100,4,5
30,661962073,10,4,100,7,8
30,834603893,10,4,100,0,0
30,676536391,10,4,100,7,7
30,580331333,10,4,100,24,28
30,588343813,10,4,100,4,4
30,678818809,10,4,100,4,4
30,831385421,10,4,100,3,3
30,1019948819,10,4,100,12,13
30,818564869,10,4,100,3,3
30,572393581,10,4,100,18,21
30,646077071,10,4,100,4,7
30,751271707,10,4,100,8,10
30,860641073,10,4,100,10,10
30,584464703,10,4,100,5,5
30,685910881,10,4,100,5,8
30,638697461,10,4,100,2,5
30,607072849,10,4,100,3,4
30,604094669,10,4,100,3,3
30,619588267,10,4,100,11,11
30,835389221,10,4,100,11,13
30,798523043,10,4,100,3,3
30,661934311,10,4,100,7,7
30,538249069,10,4,100,2,2
30,918591173,10,4,100,5,5
30,744164251,10,4,100,4,14
30,849748943,10,4,100,3,4
30,711182273,10,4,100,5,7
30,663498961,10,4,100,5,5
30,728063533,10,4,100,1,1
30,922141247,10,4,100,5,9
30,571882979,10,4,100,3,4
30,699181331,10,4,100,2,2
30,553834459,10,4,100,0,0
30,581699941,10,4,100,6,6
30,819232951,10,4,100,2,3
30,890758471,10,4,100,1,2
30,866961947,10,4,100,16,17
30,537212531,10,4,100,9,11
30,560924237,10,4,100,6,8
30,646778801,10,4,100,4,7
30,781795013,10,4,100,3,3
30,735060607,10,4,100,11,11
30,870953617,10,4,100,2,5
30,882699529,10,4,100,3,3
30,609783437,10,4,100,2,2
30,546554011,10,4,100,2,2
30,984666167,10,4,100,3,3
30,823994419,10,4,100,6,6
30,587725111,10,4,100,1,1
30,673169461,10,4,100,7,7
30,585613631,10,4,100,4,6
30,590610673,10,4,100,12,15
30,730062071,10,4,100,1,2
30,538507259,10,4,100,1,1
30,971149087,10,4,100,1,1
30,787308593,10,4,100,2,2
30,599572327,10,4,100,5,6
30,707047303,10,4,100,3,3
30,1001311709,10,4,100,3,3
30,605792503,10,4,100,5,5
30,544036561,10,4,100,5,5
30,659874121,10,4,100,9,11
30,637751111,10,4,100,1,1
30,575977541,10,4,100,0,0
30,575800873,10,4,100,2,3
30,629039867,10,4,100,3,5
30,701691829,10,4,100,7,7
30,844754059,10,4,100,4,5
30,594720271,10,4,100,3,3
30,934358059,10,4,100,2,2
30,811024223,10,4,100,6,8
30,539821697,10,4,100,3,3
30,624495551,10,4,100,0,0
30,541199579,10,4,100,1,1
30,611347619,10,4,100,0,0
30,638493337,10,4,100,0,1
30,986018177,10,4,100,6,9
30,654454937,10,4,100,6,6
30,623385097,10,4,100,1,1
30,862508329,10,4,100,2,2
30,545919991,10,4,100,4,4
30,566374399,10,4,100,2,5
30,674956679,10,4,100,4,4
30,628860523,10,4,100,4,5
30,833578931,10,4,100,5,5
30,547799627,10,4,100,3,4
30,589687391,10,4,100,4,4
30,663513031,10,4,100,14,14
30,827618651,10,4,100,3,3
30,654409829,10,4,100,6,7
30,721407413,10,4,100,1,1
30,883620953,10,4,100,0,0
30,741110177,10,4,100,8,11
30,717062707,10,4,100,4,4
30,562130747,10,4,100,6,7
30,541426939,10,4,100,2,5
30,842426927,10,4,100,4,5
30,786329779,10,4,100,2,2
30,550028879,10,4,100,4,4
30,861747973,10,4,100,6,8
30,582792167,10,4,100,12,13
30,910289839,10,4,100,5,5
30,661441349,10,4,100,3,5
30,591651433,10,4,100,3,5
30,727754647,10,4,100,10,10
30,969054973,10,4,100,8,11
30,902874823,10,4,100,2,3
30,832939493,10,4,100,6,6
30,655741291,10,4,100,3,5
30,586259951,10,4,100,15,17
30,577041131,10,4,100,14,14
30,553234243,10,4,100,8,8
30,758342029,10,4,100,9,9
30,650628269,10,4,100,8,9
30,844928743,10,4,100,0,0
30,604057943,10,4,100,6,6
30,700918633,10,4,100,16,18
30,1016354293,10,4,100,0,0
30,634220311,10,4,100,1,1
30,781584577,10,4,100,1,3
30,599132407,10,4,100,4,5
30,614936587,10,4,100,5,5
30,691102259,10,4,100,0,0
30,612583129,10,4,100,5,5
30,783203891,10,4,100,3,3
30,595800203,10,4,100,4,7
30,587189497,10,4,100,0,0
30,617580031,10,4,100,4,5
30,979550101,10,4,100,2,3
30,686187001,10,4,100,0,0
30,632703329,10,4,100,3,4
30,588104597,10,4,100,8,10
30,586481407,10,4,100,11,11
30,778053007,10,4,100,0,0
30,688306979,10,4,100,1,1
30,630312439,10,4,100,2,2
30,764531389,10,4,100,1,1
30,537909887,10,4,100,11,12
30,730441727,10,4,100,10,13
30,546500551,10,4,100,5,5
30,898576933,10,4,100,0,0
30,730303319,10,4,100,0,0
30,634067471,10,4,100,16,19
30,829668923,10,4,100,5,5
30,542362523,10,4,100,1,3
30,675445963,10,4,100,4,4
30,572627621,10,4,100,9,10
30,656491079,10,4,100,16,16
30,746996011,10,4,100,12,12
30,580544807,10,4,100,0,0
30,669685259,10,4,100,0,0
30,862305967,10,4,100,2,2
30,746236943,10,4,100,1,1
30,614610127,10,4,100,9,11
30,767800871,10,4,100,4,5
30,678023033,10,4,100,1,1
30,983951303,10,4,100,0,0
30,772638613,10,4,100,0,1
30,610206283,10,4,100,3,5
30,540670699,10,4,100,7,7
30,547732771,10,4,100,6,9
30,540072319,10,4,100,4,7
30,656097181,10,4,100,0,0
30,614228567,10,4,100,6,7
30,642039857,10,4,100,2,2
30,859439291,10,4,100,6,6
30,559240723,10,4,100,7,8
30,579102743,10,4,100,2,2
30,621585023,10,4,100,5,5
30,632628767,10,4,100,9,13
30,663234433,10,4,100,2,2
30,667414799,10,4,100,8,8
30,664035557,10,4,100,6,7
30,589098889,10,4,100,6,8
30,778325993,10,4,100,4,4
30,792794143,10,4,100,4,5
30,655330223,10,4,100,1,1
30,665722021,10,4,100,2,2
30,775592767,10,4,100,0,0
30,714577307,10,4,100,4,5
30,592573901,10,4,100,5,7
30,823928789,10,4,100,1,1
30,860276531,10,4,100,3,5
30,592677139,10,4,100,3,5
30,620018741,10,4,100,1,1
30,652317331,10,4,100,2,2
30,882424927,10,4,100,10,12
30,737733127,10,4,100,9,9
30,769115617,10,4,100,0,0
30,606974447,10,4,100,7,9
30,735043769,10,4,100,15,16
30,549497563,10,4,100,8,11
30,562332131,10,4,100,1,2
30,541236341,10,4,100,3,3
30,690515213,10,4,100,5,6
30,599809447,10,4,100,3,4
30,831098803,10,4,100,2,2
30,816154153,10,4,100,7,7
30,613743029,10,4,100,2,2
30,632479279,10,4,100,12,16
30,885701759,10,4,100,0,0
30,748101281,10,4,100,1,1
30,609315319,10,4,100,1,1
30,656049893,10,4,100,7,7
30,724553393,10,4,100,0,0
30,570406327,10,4,100,5,6
30,1039853651,10,4,100,3,3
30,975948097,10,4,100,8,10
30,837576703,10,4,100,4,5
30,571390217,10,4,100,9,10
30,849065089,10,4,100,1,1
30,671686501,10,4,100,1,1
30,805122119,10,4,100,6,6
30,720778061,10,4,100,7,12
30,620778449,10,4,100,1,1
30,807488897,10,4,100,2,3
30,736966283,10,4,100,6,6
30,791285291,10,4,100,3,3
30,589512353,10,4,100,3,5
30,776206727,10,4,100,0,0
30,626639977,10,4,100,0,0
30,770877763,10,4,100,19,20
30,720714343,10,4,100,17,18
30,680486857,10,4,100,5,5
30,673702187,10,4,100,3,3
30,595402931,10,4,100,3,3
30,725382041,10,4,100,9,13
30,657818971,10,4,100,7,8
30,596091649,10,4,100,14,15
30,698265641,10,4,100,0,0
30,624197657,10,4,100,4,5
30,542344513,10,4,100,1,2
30,689210051,10,4,100,4,5
30,796220239,10,4,100,1,1
30,768004759,10,4,100,2,2
30,880436737,10,4,100,5,6
30,894956659,10,4,100,1,4
30,846586187,10,4,100,9,15
30,924962347,10,4,100,2,3
30,803840033,10,4,100,2,2
30,799642171,10,4,100,19,20
30,914639387,10,4,100,4,4
30,856935731,10,4,100,0,1
30,573300191,10,4,100,2,3
30,625185019,10,4,100,9,9
30,627659173,10,4,100,8,9
30,594091079,10,4,100,6,20
30,575947381,10,4,100,3,3
30,642085553,10,4,100,27,28
30,543034321,10,4,100,0,0
30,612416821,10,4,100,1,1
30,685865699,10,4,100,10,11
30,893310503,10,4,100,4,5
30,588672493,10,4,100,4,4
30,574707691,10,4,100,9,15
30,630363091,10,4,100,1,2
30,978580507,10,4,100,9,11
30,618451679,10,4,100,4,5
30,541077841,10,4,100,6,6
30,820806787,10,4,100,5,5
30,681686309,10,4,100,12,12
30,681214129,10,4,100,8,8
30,1012893187,10,4,100,6,6
30,713812051,10,4,100,0,1
30,723317047,10,4,100,1,1
30,566466169,10,4,100,1,1
30,755559479,10,4,100,2,3
30,573021283,10,4,100,9,12
30,894834943,10,4,100,3,4
30,703694539,10,4,100,3,4
30,537245857,10,4,100,9,10
30,761842801,10,4,100,3,3
30,930425381,10,4,100,6,7
30,571902347,10,4,100,2,2
30,734825503,10,4,100,5,7
30,624780319,10,4,100,14,14
30,659511911,10,4,100,8,8
30,831054403,10,4,100,1,1
30,893075627,10,4,100,7,8
30,544230703,10,4,100,2,3
30,604924813,10,4,100,17,17
30,562480559,10,4,100,2,2
30,573754007,10,4,100,8,9
30,925072081,10,4,100,8,11
30,541528349,10,4,100,1,1
30,905602031,10,4,100,2,2
30,941994797,10,4,100,1,3
30,777227501,10,4,100,5,5
30,728582389,10,4,100,2,3
30,612351613,10,4,100,3,3
30,878945939,10,4,100,14,14
30,598716751,10,4,100,9,10
30,696837913,10,4,100,4,5
30,852735727,10,4,100,1,1
30,629011919,10,4,100,5,8
30,877277033,10,4,100,6,6
30,704699033,10,4,100,4,4
30,540698009,10,4,100,1,1
30,966493277,10,4,100,5,5
30,709376089,10,4,100,5,6
30,572624287,10,4,100,5,5
30,764842829,10,4,100,9,11
30,906100297,10,4,100,8,10
30,703798891,10,4,100,4,5
30,816616439,10,4,100,2,3
30,758802691,10,4,100,6,7
30,659038213,10,4,100,0,0
30,1055379569,10,4,100,4,6
30,732872857,10,4,100,4,4
30,748884077,10,4,100,2,3
30,632823649,10,4,100,4,4
30,734496431,10,4,100,0,0
30,852981457,10,4,100,5,6
30,539295793,10,4,100,6,6
30,640314251,10,4,100,2,5
30,624300601,10,4,100,10,11
30,556897507,10,4,100,5,5
30,680954707,10,4,100,4,5
30,568544687,10,4,100,1,1
30,613953139,10,4,100,11,11
30,551327521,10,4,100,3,5
30,849363181,10,4,100,2,2
30,610121791,10,4,100,8,11
30,877124263,10,4,100,3,4
30,669910169,10,4,100,6,6
30,648689273,10,4,100,0,0
40,7.35099E+11,14,4,196,2,3
40,8.73616E+11,14,4,196,10,15
40,7.39845E+11,14,4,196,4,4
40,5.57127E+11,14,4,196,2,3
40,5.60633E+11,14,4,196,13,18
40,5.82614E+11,14,4,196,9,13
40,6.30392E+11,14,4,196,10,21
40,6.51472E+11,14,4,196,1,1
40,9.52875E+11,14,4,196,1,1
40,8.81127E+11,14,4,196,4,4
40,9.58827E+11,14,4,196,11,17
40,5.70943E+11,14,4,196,7,11
40,8.35123E+11,14,4,196,15,27
40,7.20558E+11,14,4,196,4,6
40,7.37423E+11,14,4,196,0,1
40,5.79488E+11,14,4,196,4,6
40,7.38102E+11,14,4,196,5,5
40,9.13512E+11,14,4,196,0,2
40,7.14556E+11,14,4,196,8,20
40,6.94661E+11,14,4,196,0,0
40,8.11132E+11,14,4,196,7,10
40,6.34813E+11,14,4,196,1,4
40,5.95566E+11,14,4,196,7,12
40,8.43069E+11,14,4,196,6,7
40,1.0146E+12,14,4,196,4,6
40,7.42106E+11,14,4,196,3,3
40,8.15894E+11,14,4,196,3,6
40,1.09098E+12,14,4,196,5,7
40,5.67021E+11,14,4,196,2,3
40,8.402E+11,14,4,196,5,6
40,6.49028E+11,14,4,196,1,1
40,6.4458E+11,14,4,196,1,4
40,7.37156E+11,14,4,196,2,2
40,7.35452E+11,14,4,196,1,1
40,5.51331E+11,14,4,196,2,3
40,7.46988E+11,14,4,196,5,6
40,8.09402E+11,14,4,196,2,4
40,6.51029E+11,14,4,196,1,1
40,7.53522E+11,14,4,196,9,11
40,5.86595E+11,14,4,196,6,8
40,6.45386E+11,14,4,196,3,4
40,5.97061E+11,14,4,196,15,23
40,6.73621E+11,14,4,196,6,7
40,6.21489E+11,14,4,196,6,6
40,9.8198E+11,14,4,196,0,3
40,5.70433E+11,14,4,196,2,3
40,5.51231E+11,14,4,196,5,9
40,6.50907E+11,14,4,196,3,3
40,6.22551E+11,14,4,196,15,24
40,5.66964E+11,14,4,196,8,12
40,7.02476E+11,14,4,196,11,21
40,5.50691E+11,14,4,196,5,8
40,6.63197E+11,14,4,196,3,8
40,5.56073E+11,14,4,196,1,1
40,6.14797E+11,14,4,196,0,0
40,5.54457E+11,14,4,196,2,2
40,6.08712E+11,14,4,196,7,7
40,5.70914E+11,14,4,196,2,4
40,6.15383E+11,14,4,196,0,0
40,5.60093E+11,14,4,196,12,17
40,6.46882E+11,14,4,196,0,0
40,8.46134E+11,14,4,196,2,3
40,6.72103E+11,14,4,196,3,5
40,1.02885E+12,14,4,196,1,1
40,9.84898E+11,14,4,196,7,10
40,6.90803E+11,14,4,196,4,8
40,7.85162E+11,14,4,196,9,12
40,6.96052E+11,14,4,196,8,14
40,7.13371E+11,14,4,196,10,17
40,6.88251E+11,14,4,196,2,3
40,8.47781E+11,14,4,196,9,14
40,5.77694E+11,14,4,196,9,16
40,5.93629E+11,14,4,196,1,6
40,7.87669E+11,14,4,196,3,6
40,7.98925E+11,14,4,196,12,15
40,5.57824E+11,14,4,196,3,4
40,9.3741E+11,14,4,196,2,6
40,5.55393E+11,14,4,196,0,1
40,8.15332E+11,14,4,196,6,8
40,7.70765E+11,14,4,196,2,4
40,7.98866E+11,14,4,196,0,0
40,7.22387E+11,14,4,196,10,14
40,6.70009E+11,14,4,196,4,5
40,5.6877E+11,14,4,196,5,8
40,6.45102E+11,14,4,196,10,17
40,7.89104E+11,14,4,196,11,15
40,5.85812E+11,14,4,196,3,4
40,7.40226E+11,14,4,196,9,10
40,6.43517E+11,14,4,196,0,2
40,6.19517E+11,14,4,196,5,9
40,6.86782E+11,14,4,196,8,15
40,8.16933E+11,14,4,196,7,10
40,9.40324E+11,14,4,196,2,3
40,5.57254E+11,14,4,196,0,0
40,7.19923E+11,14,4,196,2,7
40,7.30085E+11,14,4,196,2,2
40,7.50506E+11,14,4,196,2,2
40,6.40203E+11,14,4,196,12,14
40,5.57371E+11,14,4,196,0,0
40,6.37577E+11,14,4,196,4,13
40,6.65651E+11,14,4,196,10,19
40,9.76301E+11,14,4,196,4,4
40,6.05632E+11,14,4,196,2,3
40,8.895E+11,14,4,196,5,6
40,7.94112E+11,14,4,196,9,11
40,6.20349E+11,14,4,196,10,11
40,8.16505E+11,14,4,196,13,14
40,7.42409E+11,14,4,196,3,4
40,7.16491E+11,14,4,196,0,0
40,7.20413E+11,14,4,196,7,9
40,6.58093E+11,14,4,196,6,8
40,6.11752E+11,14,4,196,8,8
40,7.56389E+11,14,4,196,5,6
40,6.50831E+11,14,4,196,3,3
40,5.87954E+11,14,4,196,8,12
40,5.72552E+11,14,4,196,3,3
40,5.65203E+11,14,4,196,1,2
40,5.54441E+11,14,4,196,2,6
40,8.91438E+11,14,4,196,2,2
40,9.52257E+11,14,4,196,0,0
40,7.37796E+11,14,4,196,5,5
40,5.79785E+11,14,4,196,1,2
40,5.51844E+11,14,4,196,1,1
40,6.50023E+11,14,4,196,3,3
40,7.22168E+11,14,4,196,6,7
40,8.40381E+11,14,4,196,21,35
40,6.42081E+11,14,4,196,2,5
40,5.56792E+11,14,4,196,1,1
40,8.69627E+11,14,4,196,3,3
40,7.6435E+11,14,4,196,3,4
40,6.58735E+11,14,4,196,6,9
40,7.73088E+11,14,4,196,0,0
40,9.11884E+11,14,4,196,0,0
40,6.07474E+11,14,4,196,7,9
40,7.03799E+11,14,4,196,11,20
40,5.92549E+11,14,4,196,1,2
40,6.77302E+11,14,4,196,10,19
40,6.81337E+11,14,4,196,5,6
40,6.32493E+11,14,4,196,6,8
40,8.53302E+11,14,4,196,4,5
40,8.52938E+11,14,4,196,0,1
40,7.12657E+11,14,4,196,1,1
40,6.66456E+11,14,4,196,0,1
40,7.11774E+11,14,4,196,0,0
40,6.10044E+11,14,4,196,1,1
40,5.91006E+11,14,4,196,10,16
40,6.17426E+11,14,4,196,6,6
40,7.29781E+11,14,4,196,12,15
40,6.61208E+11,14,4,196,2,4
40,6.21612E+11,14,4,196,4,5
40,7.44696E+11,14,4,196,16,20
40,8.12679E+11,14,4,196,4,6
40,7.6735E+11,14,4,196,2,5
40,5.98144E+11,14,4,196,0,0
40,7.32048E+11,14,4,196,0,0
40,7.23008E+11,14,4,196,2,2
40,8.7836E+11,14,4,196,3,6
40,6.74869E+11,14,4,196,1,1
40,7.81577E+11,14,4,196,5,6
40,8.07348E+11,14,4,196,5,9
40,7.29547E+11,14,4,196,9,11
40,6.28818E+11,14,4,196,4,6
40,6.048E+11,14,4,196,2,2
40,1.07278E+12,14,4,196,5,6
40,6.33066E+11,14,4,196,10,15
40,6.05371E+11,14,4,196,0,0
40,7.467E+11,14,4,196,13,16
40,6.20175E+11,14,4,196,6,7
40,6.99545E+11,14,4,196,1,6
40,5.99021E+11,14,4,196,3,3
40,9.97694E+11,14,4,196,1,1
40,7.4304E+11,14,4,196,2,3
40,5.70745E+11,14,4,196,1,1
40,6.39577E+11,14,4,196,6,14
40,8.69121E+11,14,4,196,9,16
40,6.03665E+11,14,4,196,0,0
40,6.6159E+11,14,4,196,6,7
40,7.36628E+11,14,4,196,2,2
40,5.58496E+11,14,4,196,5,7
40,6.93174E+11,14,4,196,5,7
40,6.3147E+11,14,4,196,0,0
40,7.44543E+11,14,4,196,5,8
40,8.18776E+11,14,4,196,4,7
40,8.3921E+11,14,4,196,3,5
40,8.62026E+11,14,4,196,11,14
40,9.09959E+11,14,4,196,3,4
40,8.5331E+11,14,4,196,3,3
40,6.70543E+11,14,4,196,13,28
40,5.98921E+11,14,4,196,2,3
40,7.64949E+11,14,4,196,5,9
40,7.76215E+11,14,4,196,6,6
40,9.86995E+11,14,4,196,13,21
40,6.88977E+11,14,4,196,2,4
40,6.31697E+11,14,4,196,1,2
40,8.97524E+11,14,4,196,0,0
40,8.05746E+11,14,4,196,0,0
40,5.58282E+11,14,4,196,5,7
40,6.45968E+11,14,4,196,3,3
40,6.56593E+11,14,4,196,5,8
40,5.91058E+11,14,4,196,6,10
40,8.13493E+11,14,4,196,6,9
40,7.60068E+11,14,4,196,1,1
40,6.84477E+11,14,4,196,5,5
40,7.35723E+11,14,4,196,8,10
40,6.50436E+11,14,4,196,12,13
40,6.30904E+11,14,4,196,8,10
40,6.74864E+11,14,4,196,0,0
40,7.14397E+11,14,4,196,5,10
40,6.41099E+11,14,4,196,0,0
40,6.07391E+11,14,4,196,6,8
40,9.68879E+11,14,4,196,3,3
40,6.83068E+11,14,4,196,0,0
40,6.98117E+11,14,4,196,6,8
40,5.87675E+11,14,4,196,5,6
40,6.1374E+11,14,4,196,10,16
40,1.01932E+12,14,4,196,8,14
40,7.9761E+11,14,4,196,5,8
40,7.176E+11,14,4,196,3,9
40,6.55207E+11,14,4,196,10,29
40,5.82428E+11,14,4,196,5,9
40,6.41091E+11,14,4,196,4,7
40,9.96658E+11,14,4,196,4,6
40,7.40352E+11,14,4,196,1,1
40,5.97219E+11,14,4,196,7,12
40,9.1043E+11,14,4,196,0,0
40,8.00067E+11,14,4,196,2,3
40,6.37043E+11,14,4,196,2,4
40,7.5043E+11,14,4,196,1,1
40,7.71707E+11,14,4,196,6,12
40,8.77481E+11,14,4,196,9,16
40,5.88395E+11,14,4,196,9,16
40,9.25632E+11,14,4,196,3,4
40,8.07223E+11,14,4,196,7,8
40,7.70933E+11,14,4,196,5,6
40,6.35803E+11,14,4,196,3,4
40,6.02666E+11,14,4,196,3,3
40,6.4447E+11,14,4,196,6,15
40,7.8519E+11,14,4,196,1,1
40,8.04131E+11,14,4,196,4,6
40,5.98947E+11,14,4,196,11,20
40,9.26201E+11,14,4,196,8,15
40,7.13531E+11,14,4,196,10,13
40,7.71082E+11,14,4,196,2,3
40,7.90694E+11,14,4,196,9,10
40,5.76566E+11,14,4,196,7,13
40,7.63319E+11,14,4,196,0,0
40,5.66809E+11,14,4,196,0,1
40,5.80285E+11,14,4,196,1,1
40,5.7584E+11,14,4,196,1,1
40,5.77563E+11,14,4,196,15,19
40,5.99112E+11,14,4,196,7,11
40,8.28743E+11,14,4,196,3,5
40,8.54729E+11,14,4,196,13,17
40,7.61168E+11,14,4,196,0,2
40,9.51296E+11,14,4,196,5,10
40,5.72094E+11,14,4,196,7,7
40,8.04098E+11,14,4,196,1,1
40,6.84459E+11,14,4,196,0,0
40,6.95667E+11,14,4,196,4,7
40,8.26278E+11,14,4,196,5,8
40,6.29341E+11,14,4,196,0,0
40,7.30645E+11,14,4,196,10,17
40,7.21558E+11,14,4,196,2,2
40,6.7393E+11,14,4,196,8,12
40,6.43897E+11,14,4,196,2,4
40,7.44239E+11,14,4,196,4,6
40,8.16345E+11,14,4,196,0,0
40,8.78263E+11,14,4,196,1,2
40,6.38822E+11,14,4,196,0,1
40,6.1651E+11,14,4,196,8,16
40,6.08934E+11,14,4,196,4,7
40,6.79327E+11,14,4,196,1,1
40,9.18069E+11,14,4,196,2,2
40,5.5849E+11,14,4,196,1,1
40,8.9194E+11,14,4,196,10,17
40,5.88121E+11,14,4,196,7,13
40,7.50838E+11,14,4,196,5,6
40,8.44908E+11,14,4,196,1,6
40,7.13022E+11,14,4,196,2,5
40,7.68724E+11,14,4,196,4,5
40,6.12829E+11,14,4,196,11,19
40,8.01016E+11,14,4,196,10,13
40,6.10927E+11,14,4,196,3,7
40,7.43917E+11,14,4,196,2,3
40,9.42354E+11,14,4,196,6,13
40,8.54753E+11,14,4,196,4,5
40,9.14045E+11,14,4,196,1,1
40,5.6765E+11,14,4,196,1,1
40,7.11407E+11,14,4,196,3,6
40,6.38759E+11,14,4,196,7,10
40,5.50056E+11,14,4,196,3,3
40,9.1617E+11,14,4,196,7,11
40,7.67058E+11,14,4,196,5,6
40,6.23025E+11,14,4,196,5,10
40,7.41227E+11,14,4,196,0,0
40,7.61152E+11,14,4,196,0,0
40,6.26154E+11,14,4,196,14,17
40,6.28302E+11,14,4,196,7,9
40,7.16232E+11,14,4,196,7,13
40,6.33058E+11,14,4,196,7,11
40,5.62332E+11,14,4,196,8,16
40,9.04223E+11,14,4,196,11,16
40,5.99572E+11,14,4,196,0,0
40,6.2983E+11,14,4,196,7,12
40,7.4686E+11,14,4,196,4,6
40,6.46827E+11,14,4,196,12,17
40,7.5586E+11,14,4,196,4,6
40,9.62593E+11,14,4,196,3,3
40,6.86958E+11,14,4,196,2,3
40,6.93373E+11,14,4,196,0,4
40,7.809E+11,14,4,196,0,0
40,6.39182E+11,14,4,196,2,2
40,7.61952E+11,14,4,196,1,1
40,7.13E+11,14,4,196,3,8
40,7.27193E+11,14,4,196,2,3
40,6.7743E+11,14,4,196,4,6
40,9.74969E+11,14,4,196,13,19
40,6.57067E+11,14,4,196,6,7
40,8.45373E+11,14,4,196,1,1
40,8.81546E+11,14,4,196,3,4
40,6.50187E+11,14,4,196,6,6
40,6.4668E+11,14,4,196,3,5
40,5.99035E+11,14,4,196,1,2
40,7.97918E+11,14,4,196,4,4
40,7.01581E+11,14,4,196,6,13
40,7.49518E+11,14,4,196,2,2
40,9.93756E+11,14,4,196,11,28
40,5.98085E+11,14,4,196,8,11
40,7.26683E+11,14,4,196,8,9
40,9.17265E+11,14,4,196,3,6
40,7.34607E+11,14,4,196,3,4
40,6.53092E+11,14,4,196,2,6
40,7.43528E+11,14,4,196,2,3
40,6.686E+11,14,4,196,3,6
40,7.59228E+11,14,4,196,11,13
40,7.03736E+11,14,4,196,2,2
40,6.97069E+11,14,4,196,0,0
40,6.6125E+11,14,4,196,0,0
40,7.25324E+11,14,4,196,1,2
40,8.59844E+11,14,4,196,1,3
40,8.49861E+11,14,4,196,2,2
40,6.99811E+11,14,4,196,2,2
40,9.06752E+11,14,4,196,7,9
40,6.63463E+11,14,4,196,14,25
40,7.81758E+11,14,4,196,0,1
40,9.31245E+11,14,4,196,0,0
40,6.02223E+11,14,4,196,0,0
40,8.20717E+11,14,4,196,1,3
40,6.21228E+11,14,4,196,2,2
40,6.51314E+11,14,4,196,6,8
40,7.21967E+11,14,4,196,7,10
40,7.77256E+11,14,4,196,1,1
40,6.14164E+11,14,4,196,2,2
40,8.76405E+11,14,4,196,1,1
40,7.12433E+11,14,4,196,1,4
40,9.33478E+11,14,4,196,2,2
40,6.7127E+11,14,4,196,10,17
40,7.6967E+11,14,4,196,7,12
40,5.89498E+11,14,4,196,3,3
40,7.06197E+11,14,4,196,2,2
40,7.6142E+11,14,4,196,0,0
40,6.19901E+11,14,4,196,1,1
40,9.02319E+11,14,4,196,11,16
40,8.49023E+11,14,4,196,10,20
40,7.19146E+11,14,4,196,3,6
40,6.45955E+11,14,4,196,19,32
40,5.8384E+11,14,4,196,7,12
40,5.86205E+11,14,4,196,0,0
40,5.7549E+11,14,4,196,0,0
40,6.3556E+11,14,4,196,0,0
40,5.75335E+11,14,4,196,1,2
40,5.611E+11,14,4,196,15,18
40,9.09871E+11,14,4,196,1,1
40,7.02681E+11,14,4,196,1,1
40,9.84102E+11,14,4,196,5,14
40,5.77039E+11,14,4,196,9,13
40,9.84795E+11,14,4,196,7,12
40,6.72586E+11,14,4,196,4,8
40,7.28644E+11,14,4,196,7,9
40,7.95461E+11,14,4,196,2,6
40,7.13404E+11,14,4,196,7,9
40,8.50551E+11,14,4,196,2,3
40,7.39177E+11,14,4,196,6,6
40,8.50831E+11,14,4,196,1,1
40,8.33402E+11,14,4,196,3,3
40,8.14566E+11,14,4,196,2,2
40,7.24943E+11,14,4,196,11,17
40,9.47822E+11,14,4,196,4,7
40,6.27623E+11,14,4,196,0,0
40,7.34976E+11,14,4,196,2,6
40,6.37085E+11,14,4,196,13,21
40,5.84335E+11,14,4,196,4,4
40,6.60904E+11,14,4,196,7,11
40,5.98409E+11,14,4,196,2,3
40,6.51957E+11,14,4,196,11,18
40,7.03611E+11,14,4,196,7,8
40,5.59313E+11,14,4,196,7,9
40,8.66721E+11,14,4,196,0,0
40,5.67049E+11,14,4,196,11,13
40,6.42313E+11,14,4,196,24,32
40,5.56798E+11,14,4,196,4,4
40,5.93574E+11,14,4,196,3,3
40,9.26374E+11,14,4,196,8,12
40,5.53863E+11,14,4,196,5,7
40,8.27222E+11,14,4,196,4,7
40,5.98284E+11,14,4,196,2,4
40,7.4303E+11,14,4,196,3,3
40,7.34091E+11,14,4,196,7,11
40,7.73525E+11,14,4,196,4,4
40,8.78589E+11,14,4,196,0,0
40,9.95908E+11,14,4,196,1,3
40,6.08175E+11,14,4,196,3,3
40,8.02271E+11,14,4,196,4,5
40,9.22214E+11,14,4,196,3,8
40,8.10311E+11,14,4,196,20,29
40,7.52439E+11,14,4,196,1,4
40,5.88135E+11,14,4,196,5,7
40,5.83168E+11,14,4,196,2,5
40,7.79607E+11,14,4,196,1,2
40,7.58628E+11,14,4,196,1,5
40,8.78023E+11,14,4,196,7,9
40,8.21548E+11,14,4,196,9,10
40,8.97337E+11,14,4,196,6,8
40,6.368E+11,14,4,196,2,3
40,5.94569E+11,14,4,196,2,5
40,7.01193E+11,14,4,196,11,17
40,6.28862E+11,14,4,196,12,19
40,6.16372E+11,14,4,196,1,1
40,7.60779E+11,14,4,196,4,5
40,7.1472E+11,14,4,196,1,1
40,8.3737E+11,14,4,196,10,18
40,7.88958E+11,14,4,196,3,3
40,8.40756E+11,14,4,196,5,6
40,8.69993E+11,14,4,196,2,3
40,8.54047E+11,14,4,196,4,5
40,9.85997E+11,14,4,196,3,5
40,6.01729E+11,14,4,196,7,8
40,6.83154E+11,14,4,196,4,4
40,8.85425E+11,14,4,196,15,21
40,8.72104E+11,14,4,196,0,0
40,7.28817E+11,14,4,196,2,4
40,8.92101E+11,14,4,196,1,3
40,9.68703E+11,14,4,196,5,7
40,7.94279E+11,14,4,196,0,2
40,5.91742E+11,14,4,196,5,5
40,5.68063E+11,14,4,196,0,0
40,8.99469E+11,14,4,196,2,2
40,9.09822E+11,14,4,196,1,2
40,7.97168E+11,14,4,196,4,6
40,7.27067E+11,14,4,196,4,6
40,8.41464E+11,14,4,196,4,7
40,7.6511E+11,14,4,196,3,3
40,9.40408E+11,14,4,196,4,5
40,6.40757E+11,14,4,196,2,6
40,6.60009E+11,14,4,196,3,9
40,8.81611E+11,14,4,196,2,3
40,5.63336E+11,14,4,196,9,13
40,5.90194E+11,14,4,196,4,8
40,6.09986E+11,14,4,196,3,7
40,6.87409E+11,14,4,196,0,1
40,9.04768E+11,14,4,196,2,2
40,8.01383E+11,14,4,196,1,1
40,6.98205E+11,14,4,196,1,2
40,5.79875E+11,14,4,196,1,2
40,5.98154E+11,14,4,196,4,4
40,5.93432E+11,14,4,196,3,5
40,9.12937E+11,14,4,196,3,3
40,6.6425E+11,14,4,196,9,12
40,7.77347E+11,14,4,196,2,4
40,6.49284E+11,14,4,196,2,5
40,9.95572E+11,14,4,196,0,0
40,8.43881E+11,14,4,196,13,20
40,5.51891E+11,14,4,196,3,4
40,7.98738E+11,14,4,196,3,4
40,6.82323E+11,14,4,196,6,6
40,9.20231E+11,14,4,196,4,4
40,6.61428E+11,14,4,196,5,10
40,7.60448E+11,14,4,196,5,12
40,6.53456E+11,14,4,196,11,18
40,9.4376E+11,14,4,196,4,4
40,5.62069E+11,14,4,196,5,5
40,6.62641E+11,14,4,196,9,12
40,8.75223E+11,14,4,196,10,13
40,8.71521E+11,14,4,196,6,7
40,5.92482E+11,14,4,196,4,6
40,8.30776E+11,14,4,196,4,5
40,5.8139E+11,14,4,196,2,4
40,7.34207E+11,14,4,196,7,10
40,6.58861E+11,14,4,196,2,2
40,6.71595E+11,14,4,196,5,5
40,8.01691E+11,14,4,196,5,7
40,5.95813E+11,14,4,196,0,0
40,7.30087E+11,14,4,196,3,5
40,6.73406E+11,14,4,196,15,17
40,9.64621E+11,14,4,196,6,9
40,6.84481E+11,14,4,196,1,3
40,9.81123E+11,14,4,196,0,0
40,6.19884E+11,14,4,196,4,4
40,5.62462E+11,14,4,196,3,3
40,5.57046E+11,14,4,196,0,1
70,7.69221E+20,24,4,576,0,
70,8.67628E+20,24,4,576,1,
70,9.64576E+20,24,4,576,0,
70,6.43043E+20,24,4,576,0,
70,1.0249E+21,24,4,576,0,
70,8.75777E+20,24,4,576,0,
70,6.86063E+20,24,4,576,0,
70,8.72464E+20,24,4,576,0,
70,7.56384E+20,24,4,576,0,
70,6.76464E+20,24,4,576,0,
70,9.03521E+20,24,4,576,0,
70,1.011E+21,24,4,576,0,
70,7.432E+20,24,4,576,0,
70,5.95331E+20,24,4,576,0,
70,9.72591E+20,24,4,576,0,
70,6.73939E+20,24,4,576,1,
70,7.41193E+20,24,4,576,0,
70,9.3812E+20,24,4,576,0,
70,6.32021E+20,24,4,576,1,
70,6.05658E+20,24,4,576,0,
70,7.27761E+20,24,4,576,1,
70,1.05248E+21,24,4,576,1,
70,9.92095E+20,24,4,576,0,
70,6.30785E+20,24,4,576,0,
70,7.81229E+20,24,4,576,0,
70,9.47469E+20,24,4,576,0,
70,6.90262E+20,24,4,576,0,
70,6.98864E+20,24,4,576,0,
70,9.89803E+20,24,4,576,0,
70,6.10241E+20,24,4,576,1,
70,1.02823E+21,24,4,576,0,
70,8.99383E+20,24,4,576,0,
70,7.00412E+20,24,4,576,0,
70,7.69947E+20,24,4,576,0,
70,6.17841E+20,24,4,576,0,
70,7.22407E+20,24,4,576,0,
70,8.93796E+20,24,4,576,1,
70,6.81388E+20,24,4,576,0,
70,6.32287E+20,24,4,576,0,
70,7.10581E+20,24,4,576,0,
70,8.39723E+20,24,4,576,0,
70,7.93258E+20,24,4,576,0,
70,7.08312E+20,24,4,576,0,
70,5.93232E+20,24,4,576,0,
70,1.06561E+21,24,4,576,0,
70,7.94111E+20,24,4,576,0,
70,9.42519E+20,24,4,576,0,
70,6.42653E+20,24,4,576,0,
70,7.29919E+20,24,4,576,0,
70,5.97219E+20,24,4,576,0,
70,9.51657E+20,24,4,576,0,
70,9.49763E+20,24,4,576,0,
70,6.26222E+20,24,4,576,1,
70,8.08654E+20,24,4,576,0,
70,6.33113E+20,24,4,576,1,
70,7.67067E+20,24,4,576,0,
70,6.4691E+20,24,4,576,0,
70,7.97594E+20,24,4,576,0,
70,9.99995E+20,24,4,576,0,
70,6.32468E+20,24,4,576,0,
70,8.92682E+20,24,4,576,0,
70,6.76023E+20,24,4,576,0,
70,5.92741E+20,24,4,576,0,
70,8.72169E+20,24,4,576,0,
70,6.43003E+20,24,4,576,0,
70,6.85052E+20,24,4,576,0,
70,7.36381E+20,24,4,576,0,
70,9.32399E+20,24,4,576,0,
70,7.13146E+20,24,4,576,0,
70,1.04177E+21,24,4,576,0,
70,6.10761E+20,24,4,576,0,
70,6.76367E+20,24,4,576,0,
70,9.12504E+20,24,4,576,0,
70,9.78055E+20,24,4,576,0,
70,1.01732E+21,24,4,576,0,
70,7.32946E+20,24,4,576,0,
70,8.35765E+20,24,4,576,0,
70,7.33939E+20,24,4,576,0,
70,7.60855E+20,24,4,576,0,
70,6.25761E+20,24,4,576,0,
70,8.4434E+20,24,4,576,0,
70,6.4035E+20,24,4,576,2,
70,7.30166E+20,24,4,576,0,
70,9.15027E+20,24,4,576,0,
70,9.87836E+20,24,4,576,0,
70,1.08138E+21,24,4,576,0,
70,7.69253E+20,24,4,576,0,
70,6.89392E+20,24,4,576,0,
70,7.62746E+20,24,4,576,0,
70,6.32445E+20,24,4,576,0,
70,7.47901E+20,24,4,576,0,
70,5.93563E+20,24,4,576,0,
70,6.27958E+20,24,4,576,0,
70,9.96632E+20,24,4,576,0,
70,7.0485E+20,24,4,576,0,
70,1.10933E+21,24,4,576,0,
70,1.04897E+21,24,4,576,0,
70,7.11592E+20,24,4,576,0,
70,8.97315E+20,24,4,576,0,
70,5.93061E+20,24,4,576,0,
70,8.41889E+20,24,4,576,0,
70,6.85604E+20,24,4,576,0,
70,6.70726E+20,24,4,576,0,
70,6.16186E+20,24,4,576,0,
70,9.71328E+20,24,4,576,0,
70,6.8543E+20,24,4,576,0,
70,9.08703E+20,24,4,576,0,
70,6.43771E+20,24,4,576,0,
70,6.73125E+20,24,4,576,1,
70,6.63427E+20,24,4,576,0,
70,6.15593E+20,24,4,576,0,
70,7.29276E+20,24,4,576,0,
70,7.59862E+20,24,4,576,0,
70,8.37339E+20,24,4,576,0,
70,7.0424E+20,24,4,576,0,
70,7.8091E+20,24,4,576,0,
70,1.04396E+21,24,4,576,0,
70,7.66344E+20,24,4,576,0,
70,6.39432E+20,24,4,576,0,
70,6.43733E+20,24,4,576,1,
70,7.2006E+20,24,4,576,0,
70,6.87577E+20,24,4,576,0,
70,8.38814E+20,24,4,576,0,
70,7.04914E+20,24,4,576,1,
70,7.12695E+20,24,4,576,0,
70,6.07205E+20,24,4,576,0,
70,6.02927E+20,24,4,576,0,
70,6.83342E+20,24,4,576,1,
70,6.05567E+20,24,4,576,1,
70,6.11327E+20,24,4,576,0,
70,6.61862E+20,24,4,576,0,
70,9.2009E+20,24,4,576,0,
70,6.21192E+20,24,4,576,0,
70,9.08537E+20,24,4,576,0,
70,7.46756E+20,24,4,576,0,
70,7.79302E+20,24,4,576,0,
70,9.04409E+20,24,4,576,0,
70,7.78763E+20,24,4,576,1,
70,7.231E+20,24,4,576,0,
70,7.2566E+20,24,4,576,0,
70,8.37591E+20,24,4,576,0,
70,6.23244E+20,24,4,576,0,
70,7.39457E+20,24,4,576,1,
70,1.08517E+21,24,4,576,2,
70,6.34503E+20,24,4,576,0,
70,8.17952E+20,24,4,576,0,
70,6.60334E+20,24,4,576,0,
70,6.84447E+20,24,4,576,3,
70,6.64688E+20,24,4,576,0,
70,6.6614E+20,24,4,576,0,
70,5.96848E+20,24,4,576,1,
70,8.94834E+20,24,4,576,0,
70,7.82597E+20,24,4,576,0,
70,6.87375E+20,24,4,576,0,
70,9.78297E+20,24,4,576,0,
70,6.85073E+20,24,4,576,0,
70,6.10005E+20,24,4,576,0,
70,1.09404E+21,24,4,576,0,
70,6.62569E+20,24,4,576,0,
70,7.84875E+20,24,4,576,1,
70,8.7059E+20,24,4,576,0,
70,6.53996E+20,24,4,576,0,
70,6.35191E+20,24,4,576,0,
70,1.04314E+21,24,4,576,0,
70,6.5571E+20,24,4,576,1,
70,7.47679E+20,24,4,576,1,
70,7.47827E+20,24,4,576,0,
70,6.80608E+20,24,4,576,1,
70,5.99173E+20,24,4,576,0,
70,6.05241E+20,24,4,576,0,
70,1.17661E+21,24,4,576,1,
70,9.56222E+20,24,4,576,1,
70,6.21712E+20,24,4,576,0,
70,7.06249E+20,24,4,576,2,
70,7.38602E+20,24,4,576,0,
70,6.72025E+20,24,4,576,0,
70,8.32131E+20,24,4,576,1,
70,6.17367E+20,24,4,576,0,
70,6.16413E+20,24,4,576,0,
70,7.33024E+20,24,4,576,0,
70,6.55888E+20,24,4,576,0,
70,6.71158E+20,24,4,576,0,
70,7.18326E+20,24,4,576,0,
70,8.2143E+20,24,4,576,0,
70,7.51988E+20,24,4,576,0,
70,9.34466E+20,24,4,576,0,
70,1.12358E+21,24,4,576,0,
70,9.84532E+20,24,4,576,0,
70,6.29228E+20,24,4,576,0,
70,9.69622E+20,24,4,576,0,
70,7.91072E+20,24,4,576,0,
70,6.48629E+20,24,4,576,0,
70,7.45294E+20,24,4,576,0,
70,7.13655E+20,24,4,576,0,
70,8.86399E+20,24,4,576,0,
70,7.46368E+20,24,4,576,0,
70,9.62428E+20,24,4,576,0,
70,5.95729E+20,24,4,576,1,
70,8.07449E+20,24,4,576,0,
70,7.99327E+20,24,4,576,0,
70,7.78865E+20,24,4,576,0,
70,8.44443E+20,24,4,576,0,
70,7.14393E+20,24,4,576,1,
70,8.0108E+20,24,4,576,0,
70,7.91787E+20,24,4,576,1,
70,6.1063E+20,24,4,576,0,
70,6.6299E+20,24,4,576,0,
70,8.58618E+20,24,4,576,1,
70,7.76563E+20,24,4,576,0,
70,9.52676E+20,24,4,576,1,
70,6.65676E+20,24,4,576,0,
70,6.16485E+20,24,4,576,0,
70,1.10348E+21,24,4,576,0,
70,8.25579E+20,24,4,576,0,
70,8.65098E+20,24,4,576,1,
70,8.85031E+20,24,4,576,0,
70,6.98251E+20,24,4,576,0,
70,6.19176E+20,24,4,576,0,
70,6.92579E+20,24,4,576,0,
70,8.12864E+20,24,4,576,0,
70,9.01642E+20,24,4,576,0,
70,6.23369E+20,24,4,576,0,
70,7.12584E+20,24,4,576,0,
70,8.1293E+20,24,4,576,0,
70,8.54391E+20,24,4,576,0,
70,7.58947E+20,24,4,576,0,
70,7.29244E+20,24,4,576,1,
70,9.13127E+20,24,4,576,0,
70,8.03874E+20,24,4,576,0,
70,9.97416E+20,24,4,576,0,
70,7.78878E+20,24,4,576,0,
70,8.75963E+20,24,4,576,0,
70,6.97752E+20,24,4,576,0,
70,6.02286E+20,24,4,576,0,
70,8.82965E+20,24,4,576,0,
70,6.28841E+20,24,4,576,0,
70,6.1381E+20,24,4,576,0,
70,1.08629E+21,24,4,576,0,
70,9.15875E+20,24,4,576,0,
70,1.00789E+21,24,4,576,0,
70,6.54049E+20,24,4,576,0,
70,7.3147E+20,24,4,576,0,
70,1.11664E+21,24,4,576,1,
70,6.75079E+20,24,4,576,2,
70,6.36421E+20,24,4,576,1,
70,9.03807E+20,24,4,576,0,
70,1.0818E+21,24,4,576,1,
70,6.57825E+20,24,4,576,0,
70,7.39803E+20,24,4,576,0,
70,7.38614E+20,24,4,576,0,
70,8.18518E+20,24,4,576,1,
70,9.35702E+20,24,4,576,0,
70,6.38548E+20,24,4,576,1,
70,7.77959E+20,24,4,576,0,
70,7.58144E+20,24,4,576,0,
70,6.54906E+20,24,4,576,1,
70,5.94725E+20,24,4,576,0,
70,1.05078E+21,24,4,576,0,
70,9.60019E+20,24,4,576,0,
70,6.96185E+20,24,4,576,0,
70,6.18289E+20,24,4,576,0,
70,8.03996E+20,24,4,576,0,
70,7.55168E+20,24,4,576,0,
70,6.63514E+20,24,4,576,0,
70,6.01111E+20,24,4,576,0,
70,8.57374E+20,24,4,576,0,
70,6.57918E+20,24,4,576,0,
70,8.38348E+20,24,4,576,0,
70,9.91993E+20,24,4,576,0,
70,6.95456E+20,24,4,576,0,
70,8.26786E+20,24,4,576,0,
70,6.42225E+20,24,4,576,0,
70,6.30236E+20,24,4,576,0,
70,7.83889E+20,24,4,576,0,
70,9.23001E+20,24,4,576,1,
70,8.0622E+20,24,4,576,0,
70,8.92057E+20,24,4,576,0,
70,1.05559E+21,24,4,576,0,
70,8.64784E+20,24,4,576,0,
70,6.72799E+20,24,4,576,0,
70,7.76841E+20,24,4,576,0,
70,6.02328E+20,24,4,576,0,
70,7.30066E+20,24,4,576,0,
70,1.05103E+21,24,4,576,1,
70,6.09994E+20,24,4,576,0,
70,6.41676E+20,24,4,576,0,
70,7.41141E+20,24,4,576,2,
70,6.38414E+20,24,4,576,1,
70,6.32051E+20,24,4,576,1,
70,6.31125E+20,24,4,576,0,
70,9.38312E+20,24,4,576,0,
70,9.95308E+20,24,4,576,0,
70,7.27638E+20,24,4,576,0,
70,8.69176E+20,24,4,576,0,
70,5.91292E+20,24,4,576,0,
70,7.69334E+20,24,4,576,0,
70,8.98798E+20,24,4,576,0,
70,6.10922E+20,24,4,576,1,
70,6.37297E+20,24,4,576,0,
70,7.90053E+20,24,4,576,0,
70,6.04192E+20,24,4,576,0,
70,6.64674E+20,24,4,576,1,
70,6.21413E+20,24,4,576,0,
70,6.45676E+20,24,4,576,0,
70,8.60988E+20,24,4,576,1,
70,6.78775E+20,24,4,576,0,
70,7.53114E+20,24,4,576,1,
70,7.9643E+20,24,4,576,0,
70,6.90417E+20,24,4,576,1,
70,7.54527E+20,24,4,576,1,
70,6.23113E+20,24,4,576,0,
70,6.61069E+20,24,4,576,0,
70,6.36289E+20,24,4,576,0,
70,1.00553E+21,24,4,576,0,
70,1.00906E+21,24,4,576,0,
70,6.86233E+20,24,4,576,0,
70,1.06256E+21,24,4,576,0,
70,6.41491E+20,24,4,576,0,
70,5.98193E+20,24,4,576,0,
70,8.59162E+20,24,4,576,0,
70,6.17739E+20,24,4,576,0,
70,6.37123E+20,24,4,576,1,
70,7.63374E+20,24,4,576,0,
70,6.99978E+20,24,4,576,2,
70,9.04177E+20,24,4,576,0,
70,7.87125E+20,24,4,576,0,
70,9.66231E+20,24,4,576,1,
70,7.47083E+20,24,4,576,1,
70,8.06596E+20,24,4,576,0,
70,8.09793E+20,24,4,576,0,
70,6.36356E+20,24,4,576,1,
70,6.82498E+20,24,4,576,0,
70,7.61897E+20,24,4,576,1,
70,8.59154E+20,24,4,576,0,
70,1.01718E+21,24,4,576,0,
70,8.93604E+20,24,4,576,0,
70,9.00784E+20,24,4,576,0,
70,7.40323E+20,24,4,576,0,
70,6.58335E+20,24,4,576,0,
70,6.83251E+20,24,4,576,0,
70,5.97835E+20,24,4,576,0,
70,8.70032E+20,24,4,576,1,
70,6.38285E+20,24,4,576,1,
70,6.58507E+20,24,4,576,0,
70,8.4823E+20,24,4,576,0,
70,6.49474E+20,24,4,576,1,
70,5.94021E+20,24,4,576,0,
70,6.2949E+20,24,4,576,1,
70,6.75639E+20,24,4,576,0,
70,7.52885E+20,24,4,576,0,
70,6.61668E+20,24,4,576,1,
70,1.04448E+21,24,4,576,1,
70,7.02382E+20,24,4,576,0,
70,6.95739E+20,24,4,576,1,
70,6.69138E+20,24,4,576,1,
70,1.17704E+21,24,4,576,0,
70,5.95354E+20,24,4,576,0,
70,6.06086E+20,24,4,576,0,
70,8.82901E+20,24,4,576,1,
70,8.07652E+20,24,4,576,1,
70,6.82737E+20,24,4,576,0,
70,8.56196E+20,24,4,576,2,
70,7.39908E+20,24,4,576,0,
70,9.56849E+20,24,4,576,0,
70,1.01166E+21,24,4,576,0,
70,6.5332E+20,24,4,576,0,
70,7.02102E+20,24,4,576,0,
70,7.33711E+20,24,4,576,0,
70,7.96774E+20,24,4,576,0,
70,8.62642E+20,24,4,576,0,
70,7.4518E+20,24,4,576,0,
70,5.94007E+20,24,4,576,1,
70,7.15285E+20,24,4,576,0,
70,6.17875E+20,24,4,576,1,
70,6.84304E+20,24,4,576,0,
70,6.30673E+20,24,4,576,0,
70,6.3244E+20,24,4,576,0,
70,1.04185E+21,24,4,576,0,
70,6.68381E+20,24,4,576,0,
70,6.6485E+20,24,4,576,0,
70,6.58771E+20,24,4,576,1,
70,6.12648E+20,24,4,576,0,
70,6.97848E+20,24,4,576,0,
70,8.79403E+20,24,4,576,0,
70,7.35815E+20,24,4,576,0,
70,7.88171E+20,24,4,576,0,
70,6.40471E+20,24,4,576,0,
70,6.65571E+20,24,4,576,0,
70,1.10384E+21,24,4,576,0,
70,8.14682E+20,24,4,576,0,
70,6.86424E+20,24,4,576,0,
70,6.41077E+20,24,4,576,0,
70,6.15052E+20,24,4,576,0,
70,1.17136E+21,24,4,576,0,
70,6.364E+20,24,4,576,0,
70,6.68028E+20,24,4,576,0,
70,6.45345E+20,24,4,576,1,
70,6.5776E+20,24,4,576,0,
70,8.33646E+20,24,4,576,0,
70,8.2598E+20,24,4,576,1,
70,7.87532E+20,24,4,576,0,
70,7.4879E+20,24,4,576,1,
70,6.1903E+20,24,4,576,2,
70,6.31112E+20,24,4,576,1,
70,6.24442E+20,24,4,576,0,
70,8.1562E+20,24,4,576,2,
70,8.72976E+20,24,4,576,0,
70,7.04486E+20,24,4,576,0,
70,6.44051E+20,24,4,576,0,
70,1.06738E+21,24,4,576,1,
70,7.34588E+20,24,4,576,0,
70,1.0112E+21,24,4,576,0,
70,6.18772E+20,24,4,576,0,
70,9.93661E+20,24,4,576,0,
70,8.18945E+20,24,4,576,1,
70,6.15779E+20,24,4,576,0,
70,9.99207E+20,24,4,576,0,
70,5.98658E+20,24,4,576,0,
70,9.04126E+20,24,4,576,0,
70,1.01196E+21,24,4,576,1,
70,7.45529E+20,24,4,576,0,
70,7.98028E+20,24,4,576,1,
70,7.87702E+20,24,4,576,0,
70,8.63859E+20,24,4,576,1,
70,6.31964E+20,24,4,576,0,
70,6.69666E+20,24,4,576,0,
70,8.20463E+20,24,4,576,0,
70,8.23654E+20,24,4,576,0,
70,6.61962E+20,24,4,576,0,
70,8.03678E+20,24,4,576,0,
70,8.64214E+20,24,4,576,0,
70,9.92356E+20,24,4,576,0,
70,9.32283E+20,24,4,576,0,
70,8.92957E+20,24,4,576,0,
70,7.13122E+20,24,4,576,0,
70,8.43011E+20,24,4,576,0,
70,7.95048E+20,24,4,576,0,
70,6.30991E+20,24,4,576,0,
70,7.64162E+20,24,4,576,1,
70,6.11376E+20,24,4,576,0,
70,9.49946E+20,24,4,576,1,
70,5.92856E+20,24,4,576,1,
70,6.99989E+20,24,4,576,0,
70,8.35398E+20,24,4,576,0,
70,9.1366E+20,24,4,576,1,
70,9.24475E+20,24,4,576,0,
70,7.85093E+20,24,4,576,0,
70,7.45863E+20,24,4,576,0,
70,6.09291E+20,24,4,576,0,
70,6.22676E+20,24,4,576,0,
70,7.02309E+20,24,4,576,0,
70,6.92384E+20,24,4,576,0,
70,7.86353E+20,24,4,576,1,
70,6.35401E+20,24,4,576,0,
70,5.9089E+20,24,4,576,0,
70,7.77464E+20,24,4,576,0,
70,6.20757E+20,24,4,576,0,
70,8.09346E+20,24,4,576,0,
70,6.70856E+20,24,4,576,0,
70,9.31881E+20,24,4,576,0,
70,7.4387E+20,24,4,576,0,
70,1.04382E+21,24,4,576,0,
70,8.25573E+20,24,4,576,1,
70,7.34248E+20,24,4,576,1,
70,8.30018E+20,24,4,576,0,
70,7.31621E+20,24,4,576,1,
70,7.52709E+20,24,4,576,0,
70,8.69523E+20,24,4,576,0,
70,8.87869E+20,24,4,576,0,
70,8.3892E+20,24,4,576,0,
70,8.90816E+20,24,4,576,0,
70,1.00056E+21,24,4,576,0,
70,5.92812E+20,24,4,576,1,
70,9.73468E+20,24,4,576,0,
70,8.36304E+20,24,4,576,0,
70,7.55076E+20,24,4,576,0,
70,7.91199E+20,24,4,576,0,
70,7.97438E+20,24,4,576,0,
70,6.14001E+20,24,4,576,0,
70,7.90934E+20,24,4,576,0,
70,6.47337E+20,24,4,576,0,
70,6.07713E+20,24,4,576,0,
70,7.87311E+20,24,4,576,0,
70,6.64528E+20,24,4,576,0,
70,7.8746E+20,24,4,576,0,
70,7.43729E+20,24,4,576,0,
70,8.77924E+20,24,4,576,0,
70,7.08754E+20,24,4,576,0,
70,9.01639E+20,24,4,576,0,
70,8.33947E+20,24,4,576,0,
70,1.05037E+21,24,4,576,0,
70,6.61794E+20,24,4,576,1,
70,7.4286E+20,24,4,576,0,
70,6.98347E+20,24,4,576,0,
70,7.21927E+20,24,4,576,0,
70,6.09915E+20,24,4,576,0,
70,7.61623E+20,24,4,576,0,
70,6.19707E+20,24,4,576,1,
70,8.22221E+20,24,4,576,0,
70,6.77196E+20,24,4,576,0,
80,8.28839E+23,27,4,729,0,
80,8.52362E+23,27,4,729,0,
80,7.47344E+23,27,4,729,0,
80,8.51637E+23,27,4,729,0,
80,8.54206E+23,27,4,729,0,
80,6.84892E+23,27,4,729,0,
80,7.63295E+23,27,4,729,0,
80,7.73019E+23,27,4,729,0,
80,1.0803E+24,27,4,729,0,
80,6.40366E+23,27,4,729,0,
80,6.89912E+23,27,4,729,0,
80,9.57919E+23,27,4,729,0,
80,8.94139E+23,27,4,729,0,
80,6.53906E+23,27,4,729,0,
80,7.76464E+23,27,4,729,0,
80,7.40192E+23,27,4,729,0,
80,6.71302E+23,27,4,729,0,
80,8.02317E+23,27,4,729,0,
80,6.5193E+23,27,4,729,0,
80,9.45072E+23,27,4,729,0,
80,9.33725E+23,27,4,729,0,
80,8.80808E+23,27,4,729,1,
80,7.26347E+23,27,4,729,0,
80,8.50906E+23,27,4,729,0,
80,7.04983E+23,27,4,729,0,
80,9.9195E+23,27,4,729,0,
80,9.1409E+23,27,4,729,0,
80,8.69129E+23,27,4,729,0,
80,6.40448E+23,27,4,729,0,
80,7.42104E+23,27,4,729,0,
80,6.0967E+23,27,4,729,1,
80,6.17294E+23,27,4,729,0,
80,6.73336E+23,27,4,729,0,
80,7.65622E+23,27,4,729,0,
80,6.49364E+23,27,4,729,0,
80,1.11417E+24,27,4,729,0,
80,6.1563E+23,27,4,729,0,
80,6.28096E+23,27,4,729,0,
80,8.49549E+23,27,4,729,0,
80,7.07172E+23,27,4,729,0,
80,6.3334E+23,27,4,729,0,
80,8.52545E+23,27,4,729,0,
80,9.08038E+23,27,4,729,0,
80,7.07353E+23,27,4,729,0,
80,8.24833E+23,27,4,729,0,
80,7.5608E+23,27,4,729,0,
80,9.17545E+23,27,4,729,0,
80,7.81776E+23,27,4,729,0,
80,6.08876E+23,27,4,729,1,
80,7.71677E+23,27,4,729,0,
80,7.25262E+23,27,4,729,0,
80,6.26473E+23,27,4,729,0,
80,9.67722E+23,27,4,729,0,
80,6.28751E+23,27,4,729,0,
80,8.64065E+23,27,4,729,0,
80,9.60511E+23,27,4,729,0,
80,7.92147E+23,27,4,729,0,
80,6.5601E+23,27,4,729,0,
80,7.53089E+23,27,4,729,0,
80,8.71453E+23,27,4,729,0,
80,6.41774E+23,27,4,729,0,
80,6.85294E+23,27,4,729,0,
80,9.98788E+23,27,4,729,0,
80,7.84957E+23,27,4,729,0,
80,6.77736E+23,27,4,729,0,
80,6.28284E+23,27,4,729,0,
80,8.4508E+23,27,4,729,0,
80,8.59368E+23,27,4,729,0,
80,8.61128E+23,27,4,729,0,
80,8.27166E+23,27,4,729,0,
80,9.14214E+23,27,4,729,0,
80,6.1872E+23,27,4,729,0,
80,7.84607E+23,27,4,729,0,
80,8.69791E+23,27,4,729,0,
80,6.87983E+23,27,4,729,0,
80,1.08591E+24,27,4,729,0,
80,9.48838E+23,27,4,729,0,
80,7.50816E+23,27,4,729,0,
80,1.00898E+24,27,4,729,0,
80,6.67077E+23,27,4,729,0,
80,8.25463E+23,27,4,729,0,
80,8.15728E+23,27,4,729,1,
80,6.61592E+23,27,4,729,0,
80,7.5845E+23,27,4,729,0,
80,9.83588E+23,27,4,729,0,
80,9.88368E+23,27,4,729,0,
80,6.80757E+23,27,4,729,0,
80,6.70238E+23,27,4,729,0,
80,6.40314E+23,27,4,729,1,
80,6.80644E+23,27,4,729,0,
80,8.43237E+23,27,4,729,0,
80,6.46231E+23,27,4,729,0,
80,6.31368E+23,27,4,729,0,
80,7.92741E+23,27,4,729,0,
80,8.76689E+23,27,4,729,0,
80,7.74274E+23,27,4,729,0,
80,6.85481E+23,27,4,729,0,
80,8.08897E+23,27,4,729,1,
80,1.04295E+24,27,4,729,0,
80,9.53927E+23,27,4,729,0,
80,8.7251E+23,27,4,729,0,
80,6.40691E+23,27,4,729,0,
80,6.32902E+23,27,4,729,0,
80,8.50273E+23,27,4,729,0,
80,8.96191E+23,27,4,729,0,
80,6.27353E+23,27,4,729,0,
80,8.90431E+23,27,4,729,0,
80,7.31277E+23,27,4,729,0,
80,8.84522E+23,27,4,729,0,
80,6.11452E+23,27,4,729,0,
80,8.05381E+23,27,4,729,0,
80,6.15542E+23,27,4,729,0,
80,7.11832E+23,27,4,729,0,
80,7.68501E+23,27,4,729,0,
80,6.83579E+23,27,4,729,0,
80,1.05217E+24,27,4,729,0,
80,1.0634E+24,27,4,729,0,
80,9.46027E+23,27,4,729,0,
80,9.47673E+23,27,4,729,0,
80,1.04178E+24,27,4,729,0,
80,7.63961E+23,27,4,729,0,
80,8.0213E+23,27,4,729,0,
80,9.42521E+23,27,4,729,0,
80,9.65002E+23,27,4,729,0,
80,8.62628E+23,27,4,729,0,
80,7.93609E+23,27,4,729,0,
80,6.05876E+23,27,4,729,0,
80,6.45755E+23,27,4,729,0,
80,6.26103E+23,27,4,729,0,
80,6.33458E+23,27,4,729,0,
80,9.45909E+23,27,4,729,0,
80,7.21723E+23,27,4,729,0,
80,7.16501E+23,27,4,729,0,
80,7.19183E+23,27,4,729,1,
80,6.75076E+23,27,4,729,0,
80,6.40321E+23,27,4,729,0,
80,6.61466E+23,27,4,729,0,
80,8.72656E+23,27,4,729,0,
80,8.56219E+23,27,4,729,0,
80,7.64004E+23,27,4,729,1,
80,1.08287E+24,27,4,729,0,
80,7.7472E+23,27,4,729,0,
80,6.19804E+23,27,4,729,0,
80,6.4817E+23,27,4,729,0,
80,1.0984E+24,27,4,729,0,
80,7.86528E+23,27,4,729,0,
80,1.07764E+24,27,4,729,0,
80,7.07653E+23,27,4,729,0,
80,7.46738E+23,27,4,729,0,
80,8.90321E+23,27,4,729,0,
80,6.38112E+23,27,4,729,0,
80,6.09749E+23,27,4,729,0,
80,7.23843E+23,27,4,729,0,
80,6.90533E+23,27,4,729,0,
80,8.84974E+23,27,4,729,0,
80,7.41072E+23,27,4,729,0,
80,8.72533E+23,27,4,729,0,
80,6.81844E+23,27,4,729,0,
80,7.19574E+23,27,4,729,0,
80,6.10149E+23,27,4,729,0,
80,6.42603E+23,27,4,729,0,
80,7.72537E+23,27,4,729,0,
80,1.0096E+24,27,4,729,0,
80,7.16634E+23,27,4,729,0,
80,6.26886E+23,27,4,729,0,
80,6.08971E+23,27,4,729,0,
80,8.67875E+23,27,4,729,0,
80,8.73682E+23,27,4,729,0,
80,6.70716E+23,27,4,729,0,
80,8.8666E+23,27,4,729,0,
80,1.04171E+24,27,4,729,0,
80,1.05395E+24,27,4,729,1,
80,6.23722E+23,27,4,729,0,
80,1.11808E+24,27,4,729,0,
80,8.36023E+23,27,4,729,0,
80,1.14847E+24,27,4,729,0,
80,9.64925E+23,27,4,729,0,
80,9.61937E+23,27,4,729,0,
80,1.05246E+24,27,4,729,0,
80,6.48486E+23,27,4,729,0,
80,6.73187E+23,27,4,729,0,
80,7.99886E+23,27,4,729,0,
80,6.3054E+23,27,4,729,0,
80,6.35914E+23,27,4,729,0,
80,8.46682E+23,27,4,729,0,
80,6.2628E+23,27,4,729,0,
80,6.62954E+23,27,4,729,0,
80,7.25971E+23,27,4,729,0,
80,7.39812E+23,27,4,729,0,
80,6.89359E+23,27,4,729,0,
80,7.59003E+23,27,4,729,0,
80,6.63494E+23,27,4,729,0,
80,6.38837E+23,27,4,729,0,
80,6.22498E+23,27,4,729,0,
80,1.02566E+24,27,4,729,0,
80,7.77686E+23,27,4,729,0,
80,1.07465E+24,27,4,729,0,
80,1.08685E+24,27,4,729,0,
80,6.94139E+23,27,4,729,0,
80,6.39714E+23,27,4,729,0,
80,8.82574E+23,27,4,729,0,
80,6.2407E+23,27,4,729,0,
80,1.05984E+24,27,4,729,0,
80,6.90382E+23,27,4,729,0,
80,6.67766E+23,27,4,729,0,
80,6.07548E+23,27,4,729,0,
80,7.17324E+23,27,4,729,0,
80,7.95061E+23,27,4,729,0,
80,9.23428E+23,27,4,729,0,
80,6.09631E+23,27,4,729,0,
80,6.71936E+23,27,4,729,0,
80,8.73523E+23,27,4,729,0,
80,9.23122E+23,27,4,729,0,
80,8.14306E+23,27,4,729,0,
80,8.97333E+23,27,4,729,1,
80,1.12171E+24,27,4,729,0,
80,1.07936E+24,27,4,729,0,
80,6.51354E+23,27,4,729,0,
80,6.80472E+23,27,4,729,0,
80,6.77324E+23,27,4,729,0,
80,1.01141E+24,27,4,729,0,
80,6.55153E+23,27,4,729,0,
80,1.04108E+24,27,4,729,0,
80,6.8136E+23,27,4,729,0,
80,6.33852E+23,27,4,729,0,
80,9.1732E+23,27,4,729,0,
80,8.41576E+23,27,4,729,0,
80,7.13154E+23,27,4,729,0,
80,8.35168E+23,27,4,729,0,
80,6.6075E+23,27,4,729,0,
80,6.32712E+23,27,4,729,0,
80,7.82494E+23,27,4,729,0,
80,6.09302E+23,27,4,729,0,
80,9.18089E+23,27,4,729,0,
80,7.89115E+23,27,4,729,0,
80,6.31046E+23,27,4,729,0,
80,6.28423E+23,27,4,729,0,
80,7.94632E+23,27,4,729,0,
80,9.72435E+23,27,4,729,0,
80,8.61682E+23,27,4,729,0,
80,8.4776E+23,27,4,729,1,
80,1.04876E+24,27,4,729,0,
80,6.99942E+23,27,4,729,0,
80,7.29575E+23,27,4,729,0,
80,1.03878E+24,27,4,729,0,
80,6.82287E+23,27,4,729,0,
80,9.69602E+23,27,4,729,0,
80,6.59646E+23,27,4,729,0,
80,7.08048E+23,27,4,729,0,
80,7.65992E+23,27,4,729,0,
80,7.84372E+23,27,4,729,0,
80,7.14345E+23,27,4,729,0,
80,1.01568E+24,27,4,729,0,
80,7.42283E+23,27,4,729,0,
80,7.17953E+23,27,4,729,0,
80,9.60017E+23,27,4,729,0,
80,6.37708E+23,27,4,729,1,
80,9.0835E+23,27,4,729,0,
80,9.20356E+23,27,4,729,0,
80,7.10072E+23,27,4,729,0,
80,7.39337E+23,27,4,729,0,
80,7.76094E+23,27,4,729,0,
80,7.81491E+23,27,4,729,0,
80,7.40303E+23,27,4,729,0,
80,9.83431E+23,27,4,729,0,
80,6.60569E+23,27,4,729,0,
80,6.59866E+23,27,4,729,0,
80,7.17209E+23,27,4,729,0,
80,8.21355E+23,27,4,729,0,
80,7.35461E+23,27,4,729,0,
80,8.58429E+23,27,4,729,0,
80,7.06073E+23,27,4,729,0,
80,6.24115E+23,27,4,729,0,
80,7.76328E+23,27,4,729,0,
80,8.00397E+23,27,4,729,0,
80,8.38803E+23,27,4,729,0,
80,9.84547E+23,27,4,729,0,
80,8.93892E+23,27,4,729,0,
80,7.4682E+23,27,4,729,0,
80,6.33747E+23,27,4,729,0,
80,7.62333E+23,27,4,729,0,
80,7.05833E+23,27,4,729,0,
80,6.93115E+23,27,4,729,0,
80,8.86571E+23,27,4,729,0,
80,7.22613E+23,27,4,729,0,
80,6.21638E+23,27,4,729,0,
80,7.13093E+23,27,4,729,0,
80,7.38932E+23,27,4,729,0,
80,9.77805E+23,27,4,729,0,
80,1.15622E+24,27,4,729,0,
80,6.54809E+23,27,4,729,1,
80,8.40136E+23,27,4,729,0,
80,6.97144E+23,27,4,729,0,
80,8.80896E+23,27,4,729,0,
80,6.77539E+23,27,4,729,0,
80,6.93661E+23,27,4,729,0,
80,7.87091E+23,27,4,729,0,
80,9.3826E+23,27,4,729,0,
80,1.08217E+24,27,4,729,0,
80,7.49571E+23,27,4,729,0,
80,7.47111E+23,27,4,729,0,
80,6.42138E+23,27,4,729,0,
80,6.30562E+23,27,4,729,1,
80,6.99776E+23,27,4,729,0,
80,6.44557E+23,27,4,729,0,
80,1.01135E+24,27,4,729,0,
80,6.12508E+23,27,4,729,0,
80,6.52556E+23,27,4,729,0,
80,6.43029E+23,27,4,729,0,
80,9.12273E+23,27,4,729,0,
80,6.81931E+23,27,4,729,1,
80,7.79426E+23,27,4,729,0,
80,7.04634E+23,27,4,729,0,
80,8.09986E+23,27,4,729,0,
80,7.00662E+23,27,4,729,0,
80,7.89189E+23,27,4,729,0,
80,1.15442E+24,27,4,729,0,
80,1.00843E+24,27,4,729,0,
80,1.09589E+24,27,4,729,0,
80,6.7414E+23,27,4,729,0,
80,1.08005E+24,27,4,729,0,
80,6.56609E+23,27,4,729,0,
80,6.99123E+23,27,4,729,0,
80,6.85299E+23,27,4,729,0,
80,1.13641E+24,27,4,729,0,
80,8.47084E+23,27,4,729,0,
80,8.85171E+23,27,4,729,0,
80,7.52498E+23,27,4,729,0,
80,9.79194E+23,27,4,729,0,
80,6.84337E+23,27,4,729,0,
80,7.97053E+23,27,4,729,0,
80,7.50188E+23,27,4,729,0,
80,7.76525E+23,27,4,729,0,
80,6.26602E+23,27,4,729,0,
80,7.33959E+23,27,4,729,0,
80,8.11775E+23,27,4,729,0,
80,6.04468E+23,27,4,729,0,
80,8.85713E+23,27,4,729,0,
80,8.99014E+23,27,4,729,0,
80,7.84931E+23,27,4,729,0,
80,7.2326E+23,27,4,729,0,
80,1.10109E+24,27,4,729,0,
80,7.61615E+23,27,4,729,0,
80,7.23778E+23,27,4,729,0,
80,7.56006E+23,27,4,729,0,
80,6.90413E+23,27,4,729,0,
80,7.15748E+23,27,4,729,0,
80,8.90911E+23,27,4,729,0,
80,1.09359E+24,27,4,729,0,
80,7.03953E+23,27,4,729,0,
80,6.84117E+23,27,4,729,0,
80,7.11447E+23,27,4,729,0,
80,7.63413E+23,27,4,729,0,
80,7.49858E+23,27,4,729,0,
80,9.14334E+23,27,4,729,0,
80,6.11656E+23,27,4,729,0,
80,8.97991E+23,27,4,729,0,
80,8.8717E+23,27,4,729,0,
80,7.60487E+23,27,4,729,0,
80,6.87733E+23,27,4,729,0,
80,7.97348E+23,27,4,729,0,
80,7.33233E+23,27,4,729,0,
80,7.75687E+23,27,4,729,0,
80,6.86751E+23,27,4,729,0,
80,7.87799E+23,27,4,729,0,
80,6.12869E+23,27,4,729,0,
80,6.38092E+23,27,4,729,0,
80,6.52639E+23,27,4,729,0,
80,6.9019E+23,27,4,729,0,
80,7.91839E+23,27,4,729,0,
80,7.83266E+23,27,4,729,0,
80,1.04095E+24,27,4,729,0,
80,6.35549E+23,27,4,729,0,
80,7.47087E+23,27,4,729,0,
80,8.22007E+23,27,4,729,0,
80,6.85604E+23,27,4,729,0,
80,1.03713E+24,27,4,729,0,
80,9.12187E+23,27,4,729,0,
80,1.09495E+24,27,4,729,0,
80,6.76101E+23,27,4,729,0,
80,8.94921E+23,27,4,729,0,
80,6.04701E+23,27,4,729,0,
80,8.8125E+23,27,4,729,0,
80,6.11931E+23,27,4,729,0,
80,7.0381E+23,27,4,729,0,
80,6.43381E+23,27,4,729,0,
80,9.28803E+23,27,4,729,0,
80,6.19622E+23,27,4,729,0,
80,7.3877E+23,27,4,729,0,
80,9.15092E+23,27,4,729,0,
80,1.12914E+24,27,4,729,0,
80,7.4967E+23,27,4,729,0,
80,6.17963E+23,27,4,729,0,
80,8.38145E+23,27,4,729,0,
80,1.00134E+24,27,4,729,0,
80,1.02633E+24,27,4,729,0,
80,6.06597E+23,27,4,729,0,
80,9.85433E+23,27,4,729,0,
80,6.6374E+23,27,4,729,0,
80,6.2806E+23,27,4,729,0,
80,6.71556E+23,27,4,729,0,
80,7.54454E+23,27,4,729,0,
80,1.10114E+24,27,4,729,0,
80,7.60988E+23,27,4,729,0,
80,7.23639E+23,27,4,729,1,
80,1.08694E+24,27,4,729,0,
80,1.0122E+24,27,4,729,0,
80,1.01545E+24,27,4,729,0,
80,8.02884E+23,27,4,729,0,
80,9.83616E+23,27,4,729,0,
80,1.01419E+24,27,4,729,1,
80,6.97519E+23,27,4,729,0,
80,6.83235E+23,27,4,729,0,
80,9.16581E+23,27,4,729,0,
80,6.40672E+23,27,4,729,0,
80,8.12246E+23,27,4,729,0,
80,7.47307E+23,27,4,729,0,
80,6.82679E+23,27,4,729,0,
80,7.48864E+23,27,4,729,0,
80,7.01934E+23,27,4,729,0,
80,7.56938E+23,27,4,729,0,
80,1.0271E+24,27,4,729,0,
80,6.48791E+23,27,4,729,0,
80,9.47014E+23,27,4,729,0,
80,6.37529E+23,27,4,729,0,
80,9.4057E+23,27,4,729,0,
80,9.72991E+23,27,4,729,0,
80,6.89366E+23,27,4,729,0,
80,8.94796E+23,27,4,729,0,
80,7.57098E+23,27,4,729,0,
80,6.55987E+23,27,4,729,0,
80,6.1449E+23,27,4,729,0,
80,7.39804E+23,27,4,729,0,
80,8.87942E+23,27,4,729,0,
80,7.86764E+23,27,4,729,0,
80,1.0491E+24,27,4,729,0,
80,7.76766E+23,27,4,729,0,
80,8.46886E+23,27,4,729,0,
80,6.52167E+23,27,4,729,0,
80,8.08047E+23,27,4,729,0,
80,6.55242E+23,27,4,729,0,
80,8.53039E+23,27,4,729,0,
80,6.80367E+23,27,4,729,0,
80,7.71971E+23,27,4,729,0,
80,6.55889E+23,27,4,729,0,
80,6.11531E+23,27,4,729,0,
80,7.59114E+23,27,4,729,0,
80,9.84197E+23,27,4,729,0,
80,7.87595E+23,27,4,729,0,
80,9.68621E+23,27,4,729,0,
80,8.53854E+23,27,4,729,1,
80,6.28395E+23,27,4,729,0,
80,9.26239E+23,27,4,729,0,
80,9.20926E+23,27,4,729,0,
80,8.55424E+23,27,4,729,0,
80,6.46211E+23,27,4,729,0,
80,7.30341E+23,27,4,729,0,
80,6.20879E+23,27,4,729,0,
80,6.32779E+23,27,4,729,0,
80,6.6105E+23,27,4,729,0,
80,8.48392E+23,27,4,729,0,
80,6.79284E+23,27,4,729,0,
80,7.90907E+23,27,4,729,0,
80,7.5554E+23,27,4,729,0,
80,6.55495E+23,27,4,729,0,
80,1.09578E+24,27,4,729,0,
80,9.72917E+23,27,4,729,0,
80,6.37139E+23,27,4,729,0,
80,7.2437E+23,27,4,729,0,
80,8.63704E+23,27,4,729,0,
80,7.88649E+23,27,4,729,0,
80,6.08403E+23,27,4,729,0,
80,1.05972E+24,27,4,729,0,
80,8.15064E+23,27,4,729,0,
80,6.60124E+23,27,4,729,0,
80,9.83491E+23,27,4,729,0,
80,6.893E+23,27,4,729,0,
80,6.71085E+23,27,4,729,0,
80,1.06159E+24,27,4,729,0,
80,1.10111E+24,27,4,729,0,
80,8.4621E+23,27,4,729,1,
80,7.20151E+23,27,4,729,1,
80,7.69873E+23,27,4,729,0,
80,8.34912E+23,27,4,729,0,
80,1.04531E+24,27,4,729,0,
80,6.61863E+23,27,4,729,0,
80,6.22416E+23,27,4,729,0,
80,6.59715E+23,27,4,729,0,
80,7.55392E+23,27,4,729,0,
80,9.78468E+23,27,4,729,0,
80,7.11354E+23,27,4,729,0,
80,6.28397E+23,27,4,729,0,
80,1.16685E+24,27,4,729,0,
80,6.72562E+23,27,4,729,0,
80,7.05166E+23,27,4,729,0,
80,8.60694E+23,27,4,729,0,
80,8.436E+23,27,4,729,0,
80,7.64792E+23,27,4,729,0,
80,9.28487E+23,27,4,729,0,
80,1.01265E+24,27,4,729,0,
90,6.2955E+26,30,4,900,0,
90,1.15293E+27,30,4,900,0,
90,8.62722E+26,30,4,900,0,
90,9.18483E+26,30,4,900,0,
90,6.50415E+26,30,4,900,0,
90,8.99434E+26,30,4,900,0,
90,7.19161E+26,30,4,900,0,
90,8.81781E+26,30,4,900,0,
90,7.6476E+26,30,4,900,0,
90,8.4337E+26,30,4,900,0,
90,7.901E+26,30,4,900,0,
90,7.81701E+26,30,4,900,0,
90,1.0355E+27,30,4,900,0,
90,7.42279E+26,30,4,900,0,
90,7.88704E+26,30,4,900,0,
90,8.17481E+26,30,4,900,0,
90,8.74008E+26,30,4,900,0,
90,8.62403E+26,30,4,900,0,
90,6.53074E+26,30,4,900,0,
90,6.80676E+26,30,4,900,0,
90,1.21158E+27,30,4,900,0,
90,6.52615E+26,30,4,900,0,
90,7.82684E+26,30,4,900,0,
90,8.82228E+26,30,4,900,0,
90,7.38292E+26,30,4,900,0,
90,7.88833E+26,30,4,900,0,
90,7.44073E+26,30,4,900,0,
90,6.67297E+26,30,4,900,0,
90,6.36345E+26,30,4,900,0,
90,8.51321E+26,30,4,900,0,
90,7.18222E+26,30,4,900,0,
90,1.02587E+27,30,4,900,0,
90,9.71361E+26,30,4,900,0,
90,6.82552E+26,30,4,900,0,
90,9.44403E+26,30,4,900,0,
90,8.07086E+26,30,4,900,0,
90,1.02962E+27,30,4,900,0,
90,6.58489E+26,30,4,900,0,
90,9.1885E+26,30,4,900,0,
90,7.52007E+26,30,4,900,0,
90,1.14764E+27,30,4,900,0,
90,6.94566E+26,30,4,900,0,
90,8.02582E+26,30,4,900,0,
90,9.07485E+26,30,4,900,0,
90,7.11408E+26,30,4,900,0,
90,7.39699E+26,30,4,900,0,
90,1.05556E+27,30,4,900,0,
90,8.26044E+26,30,4,900,0,
90,6.55339E+26,30,4,900,0,
90,7.31804E+26,30,4,900,0,
90,7.18734E+26,30,4,900,0,
90,9.81809E+26,30,4,900,0,
90,9.35267E+26,30,4,900,0,
90,6.50923E+26,30,4,900,0,
90,8.12136E+26,30,4,900,0,
90,9.45158E+26,30,4,900,0,
90,6.7326E+26,30,4,900,0,
90,8.44601E+26,30,4,900,0,
90,6.5508E+26,30,4,900,0,
90,1.05657E+27,30,4,900,0,
90,8.11473E+26,30,4,900,0,
90,1.07007E+27,30,4,900,0,
90,9.83042E+26,30,4,900,0,
90,8.05033E+26,30,4,900,0,
90,7.83212E+26,30,4,900,0,
90,6.68815E+26,30,4,900,0,
90,1.22213E+27,30,4,900,0,
90,8.35911E+26,30,4,900,0,
90,1.12407E+27,30,4,900,0,
90,7.73059E+26,30,4,900,0,
90,6.22198E+26,30,4,900,0,
90,6.35135E+26,30,4,900,0,
90,6.90601E+26,30,4,900,0,
90,1.0853E+27,30,4,900,0,
90,6.68557E+26,30,4,900,0,
90,8.19066E+26,30,4,900,0,
90,6.54716E+26,30,4,900,0,
90,8.33552E+26,30,4,900,0,
90,6.71311E+26,30,4,900,0,
90,6.87922E+26,30,4,900,0,
90,8.16211E+26,30,4,900,0,
90,9.12331E+26,30,4,900,0,
90,1.22259E+27,30,4,900,0,
90,6.98186E+26,30,4,900,0,
90,6.31656E+26,30,4,900,0,
90,8.31285E+26,30,4,900,0,
90,8.13342E+26,30,4,900,0,
90,6.57579E+26,30,4,900,0,
90,7.40046E+26,30,4,900,0,
90,1.18326E+27,30,4,900,0,
90,8.04496E+26,30,4,900,0,
90,8.60834E+26,30,4,900,0,
90,7.99979E+26,30,4,900,0,
90,1.01899E+27,30,4,900,0,
90,6.79855E+26,30,4,900,0,
90,7.73137E+26,30,4,900,0,
90,6.73066E+26,30,4,900,0,
90,6.78761E+26,30,4,900,0,
90,8.46367E+26,30,4,900,0,
90,1.02193E+27,30,4,900,0,
90,6.73859E+26,30,4,900,0,
90,9.64042E+26,30,4,900,0,
90,9.5697E+26,30,4,900,0,
90,1.10319E+27,30,4,900,0,
90,6.7279E+26,30,4,900,0,
90,6.63615E+26,30,4,900,0,
90,9.5523E+26,30,4,900,0,
90,7.00189E+26,30,4,900,0,
90,8.29423E+26,30,4,900,0,
90,8.89746E+26,30,4,900,0,
90,1.01959E+27,30,4,900,0,
90,6.83305E+26,30,4,900,0,
90,9.53097E+26,30,4,900,0,
90,9.89009E+26,30,4,900,0,
90,7.73385E+26,30,4,900,0,
90,9.17613E+26,30,4,900,0,
90,7.55054E+26,30,4,900,0,
90,9.72254E+26,30,4,900,0,
90,6.44087E+26,30,4,900,0,
90,7.76507E+26,30,4,900,0,
90,6.54627E+26,30,4,900,0,
90,6.38304E+26,30,4,900,0,
90,7.06893E+26,30,4,900,0,
90,6.31543E+26,30,4,900,0,
90,7.95129E+26,30,4,900,0,
90,6.44731E+26,30,4,900,0,
90,1.1622E+27,30,4,900,0,
90,7.40658E+26,30,4,900,0,
90,7.81872E+26,30,4,900,0,
90,8.78034E+26,30,4,900,0,
90,9.33744E+26,30,4,900,0,
90,1.05963E+27,30,4,900,0,
90,6.52053E+26,30,4,900,0,
90,1.1766E+27,30,4,900,0,
90,6.41386E+26,30,4,900,0,
90,6.58993E+26,30,4,900,0,
90,9.38669E+26,30,4,900,0,
90,6.92257E+26,30,4,900,0,
90,7.02868E+26,30,4,900,0,
90,6.60947E+26,30,4,900,0,
90,6.35927E+26,30,4,900,0,
90,7.49263E+26,30,4,900,0,
90,8.70505E+26,30,4,900,0,
90,6.36228E+26,30,4,900,0,
90,6.76333E+26,30,4,900,0,
90,8.32557E+26,30,4,900,0,
90,6.54452E+26,30,4,900,0,
90,1.00525E+27,30,4,900,0,
90,9.02395E+26,30,4,900,0,
90,8.51644E+26,30,4,900,0,
90,1.06367E+27,30,4,900,0,
90,8.28353E+26,30,4,900,0,
90,9.43512E+26,30,4,900,0,
90,8.57254E+26,30,4,900,0,
90,1.14071E+27,30,4,900,0,
90,7.51864E+26,30,4,900,0,
90,7.63954E+26,30,4,900,0,
90,6.8707E+26,30,4,900,0,
90,7.05512E+26,30,4,900,0,
90,9.61567E+26,30,4,900,0,
90,7.97887E+26,30,4,900,0,
90,8.62235E+26,30,4,900,0,
90,7.88697E+26,30,4,900,0,
90,9.80382E+26,30,4,900,0,
90,8.98772E+26,30,4,900,0,
90,1.17859E+27,30,4,900,0,
90,1.01821E+27,30,4,900,0,
90,7.61416E+26,30,4,900,0,
90,6.45154E+26,30,4,900,0,
90,8.38494E+26,30,4,900,0,
90,7.69325E+26,30,4,900,0,
90,7.43708E+26,30,4,900,0,
90,7.46253E+26,30,4,900,0,
90,7.40462E+26,30,4,900,0,
90,6.32839E+26,30,4,900,0,
90,9.1439E+26,30,4,900,0,
90,1.09239E+27,30,4,900,0,
90,1.17731E+27,30,4,900,0,
90,8.46806E+26,30,4,900,0,
90,8.28851E+26,30,4,900,0,
90,7.20448E+26,30,4,900,0,
90,9.76857E+26,30,4,900,0,
90,9.58761E+26,30,4,900,0,
90,8.69687E+26,30,4,900,0,
90,8.34358E+26,30,4,900,0,
90,8.95087E+26,30,4,900,0,
90,8.16428E+26,30,4,900,0,
90,9.81089E+26,30,4,900,0,
90,9.48072E+26,30,4,900,0,
90,7.85069E+26,30,4,900,0,
90,8.15591E+26,30,4,900,0,
90,8.0576E+26,30,4,900,0,
90,8.57204E+26,30,4,900,0,
90,8.05485E+26,30,4,900,0,
90,1.06573E+27,30,4,900,0,
90,6.7001E+26,30,4,900,0,
90,8.08026E+26,30,4,900,0,
90,7.19923E+26,30,4,900,1,
90,8.58291E+26,30,4,900,0,
90,9.50204E+26,30,4,900,0,
90,7.40296E+26,30,4,900,0,
90,1.09493E+27,30,4,900,0,
90,6.96135E+26,30,4,900,0,
90,7.74556E+26,30,4,900,0,
90,8.14487E+26,30,4,900,0,
90,6.35093E+26,30,4,900,0,
90,9.87027E+26,30,4,900,0,
90,7.79408E+26,30,4,900,0,
90,7.79309E+26,30,4,900,0,
90,8.50071E+26,30,4,900,0,
90,6.56778E+26,30,4,900,1,
90,9.52613E+26,30,4,900,0,
90,6.20058E+26,30,4,900,0,
90,7.53216E+26,30,4,900,0,
90,7.92674E+26,30,4,900,0,
90,8.9462E+26,30,4,900,0,
90,6.52312E+26,30,4,900,0,
90,8.00273E+26,30,4,900,0,
90,7.57307E+26,30,4,900,0,
90,7.99225E+26,30,4,900,0,
90,9.56855E+26,30,4,900,0,
90,6.93552E+26,30,4,900,0,
90,6.64622E+26,30,4,900,0,
90,6.55342E+26,30,4,900,0,
90,6.31019E+26,30,4,900,0,
90,6.23287E+26,30,4,900,0,
90,7.03356E+26,30,4,900,0,
90,8.03548E+26,30,4,900,0,
90,8.0163E+26,30,4,900,0,
90,1.11229E+27,30,4,900,0,
90,9.36629E+26,30,4,900,0,
90,8.47012E+26,30,4,900,0,
90,7.02963E+26,30,4,900,0,
90,6.60686E+26,30,4,900,0,
90,1.02669E+27,30,4,900,0,
90,6.32796E+26,30,4,900,0,
90,7.41391E+26,30,4,900,0,
90,6.96337E+26,30,4,900,0,
90,8.15609E+26,30,4,900,0,
90,6.35358E+26,30,4,900,0,
90,9.18569E+26,30,4,900,0,
90,1.00562E+27,30,4,900,0,
90,6.8263E+26,30,4,900,0,
90,6.56052E+26,30,4,900,0,
90,7.65162E+26,30,4,900,0,
90,6.19496E+26,30,4,900,0,
90,8.6486E+26,30,4,900,0,
90,6.2137E+26,30,4,900,0,
90,8.71897E+26,30,4,900,1,
90,7.97402E+26,30,4,900,0,
90,6.43299E+26,30,4,900,0,
90,8.98672E+26,30,4,900,0,
90,7.37183E+26,30,4,900,0,
90,6.44569E+26,30,4,900,0,
90,7.22233E+26,30,4,900,0,
90,8.07817E+26,30,4,900,0,
90,7.14626E+26,30,4,900,0,
90,8.33381E+26,30,4,900,0,
90,7.86269E+26,30,4,900,0,
90,1.03905E+27,30,4,900,0,
90,8.9194E+26,30,4,900,0,
90,8.04903E+26,30,4,900,0,
90,8.39842E+26,30,4,900,0,
90,6.22821E+26,30,4,900,0,
90,7.05635E+26,30,4,900,0,
90,9.3477E+26,30,4,900,0,
90,6.3793E+26,30,4,900,0,
90,8.01348E+26,30,4,900,0,
90,7.84965E+26,30,4,900,0,
90,8.15761E+26,30,4,900,0,
90,7.42757E+26,30,4,900,0,
90,7.74742E+26,30,4,900,0,
90,9.16858E+26,30,4,900,0,
90,7.47612E+26,30,4,900,0,
90,7.58223E+26,30,4,900,0,
90,8.50202E+26,30,4,900,0,
90,9.76143E+26,30,4,900,0,
90,6.69993E+26,30,4,900,0,
90,6.857E+26,30,4,900,0,
90,7.21254E+26,30,4,900,0,
90,6.90323E+26,30,4,900,0,
90,8.67144E+26,30,4,900,0,
90,1.01079E+27,30,4,900,0,
90,8.71825E+26,30,4,900,0,
90,9.86357E+26,30,4,900,0,
90,7.01736E+26,30,4,900,0,
90,9.02319E+26,30,4,900,0,
90,7.13616E+26,30,4,900,0,
90,7.80321E+26,30,4,900,0,
90,8.1246E+26,30,4,900,0,
90,8.21143E+26,30,4,900,0,
90,6.82762E+26,30,4,900,0,
90,1.10742E+27,30,4,900,0,
90,1.09015E+27,30,4,900,0,
90,8.95006E+26,30,4,900,0,
90,8.91646E+26,30,4,900,0,
90,7.75903E+26,30,4,900,0,
90,8.57768E+26,30,4,900,0,
90,1.05305E+27,30,4,900,0,
90,7.20956E+26,30,4,900,0,
90,7.13938E+26,30,4,900,0,
90,8.1202E+26,30,4,900,0,
90,6.46521E+26,30,4,900,0,
90,9.50356E+26,30,4,900,0,
90,9.16174E+26,30,4,900,0,
90,7.07235E+26,30,4,900,0,
90,6.88495E+26,30,4,900,0,
90,7.40468E+26,30,4,900,0,
90,6.50193E+26,30,4,900,0,
90,9.47413E+26,30,4,900,0,
90,8.62889E+26,30,4,900,0,
90,8.68771E+26,30,4,900,0,
90,1.14964E+27,30,4,900,0,
90,7.17515E+26,30,4,900,0,
90,7.35615E+26,30,4,900,0,
90,7.0895E+26,30,4,900,0,
90,1.03029E+27,30,4,900,0,
90,8.53967E+26,30,4,900,0,
90,6.84196E+26,30,4,900,0,
90,8.53842E+26,30,4,900,0,
90,9.53448E+26,30,4,900,0,
90,6.93424E+26,30,4,900,0,
90,6.97069E+26,30,4,900,0,
90,7.20705E+26,30,4,900,0,
90,1.03449E+27,30,4,900,0,
90,1.0347E+27,30,4,900,0,
90,6.71287E+26,30,4,900,0,
90,8.93464E+26,30,4,900,0,
90,9.64389E+26,30,4,900,0,
90,7.66058E+26,30,4,900,0,
90,8.50471E+26,30,4,900,0,
90,9.26899E+26,30,4,900,0,
90,6.96708E+26,30,4,900,0,
90,9.18138E+26,30,4,900,0,
90,1.07603E+27,30,4,900,0,
90,7.52319E+26,30,4,900,0,
90,1.00555E+27,30,4,900,0,
90,6.19219E+26,30,4,900,0,
90,7.90795E+26,30,4,900,0,
90,7.13322E+26,30,4,900,0,
90,8.6741E+26,30,4,900,0,
90,7.02264E+26,30,4,900,0,
90,6.26588E+26,30,4,900,0,
90,6.81524E+26,30,4,900,0,
90,8.96437E+26,30,4,900,0,
90,1.10476E+27,30,4,900,0,
90,8.12831E+26,30,4,900,0,
90,1.06291E+27,30,4,900,0,
90,6.35853E+26,30,4,900,0,
90,9.65518E+26,30,4,900,0,
90,9.90142E+26,30,4,900,0,
90,6.73734E+26,30,4,900,0,
90,1.0699E+27,30,4,900,0,
90,6.45251E+26,30,4,900,0,
90,9.85629E+26,30,4,900,0,
90,7.87622E+26,30,4,900,0,
90,6.67016E+26,30,4,900,0,
90,6.88572E+26,30,4,900,0,
90,8.24697E+26,30,4,900,0,
90,6.42191E+26,30,4,900,0,
90,8.39511E+26,30,4,900,0,
90,1.09107E+27,30,4,900,0,
90,6.68969E+26,30,4,900,0,
90,8.56739E+26,30,4,900,0,
90,9.92145E+26,30,4,900,0,
90,7.57768E+26,30,4,900,0,
90,9.71015E+26,30,4,900,0,
90,7.52646E+26,30,4,900,0,
90,1.14956E+27,30,4,900,0,
90,9.71145E+26,30,4,900,0,
90,6.3372E+26,30,4,900,0,
90,8.01777E+26,30,4,900,0,
90,7.46887E+26,30,4,900,0,
90,8.37332E+26,30,4,900,0,
90,6.38799E+26,30,4,900,0,
90,7.75532E+26,30,4,900,0,
90,7.35408E+26,30,4,900,0,
90,9.69088E+26,30,4,900,0,
90,6.58143E+26,30,4,900,0,
90,9.13544E+26,30,4,900,0,
90,1.14836E+27,30,4,900,0,
90,6.48188E+26,30,4,900,0,
90,6.60193E+26,30,4,900,0,
90,7.13337E+26,30,4,900,0,
90,6.64405E+26,30,4,900,0,
90,7.66525E+26,30,4,900,0,
90,9.5472E+26,30,4,900,0,
90,9.50143E+26,30,4,900,0,
90,7.20646E+26,30,4,900,0,
90,6.64624E+26,30,4,900,0,
90,8.05373E+26,30,4,900,0,
90,7.79007E+26,30,4,900,0,
90,9.93479E+26,30,4,900,0,
90,8.18942E+26,30,4,900,0,
90,6.24105E+26,30,4,900,0,
90,7.28242E+26,30,4,900,0,
90,6.64782E+26,30,4,900,0,
90,1.073E+27,30,4,900,0,
90,6.77097E+26,30,4,900,0,
90,1.02004E+27,30,4,900,0,
90,7.42016E+26,30,4,900,0,
90,6.71648E+26,30,4,900,0,
90,1.09527E+27,30,4,900,0,
90,7.44355E+26,30,4,900,0,
90,8.028E+26,30,4,900,0,
90,7.63991E+26,30,4,900,0,
90,8.5214E+26,30,4,900,0,
90,7.0217E+26,30,4,900,0,
90,9.14897E+26,30,4,900,0,
90,7.41414E+26,30,4,900,0,
90,8.58561E+26,30,4,900,0,
90,8.57053E+26,30,4,900,0,
90,8.72331E+26,30,4,900,0,
90,8.25431E+26,30,4,900,0,
90,9.88243E+26,30,4,900,0,
90,6.37107E+26,30,4,900,0,
90,8.06796E+26,30,4,900,0,
90,8.44553E+26,30,4,900,0,
90,8.59457E+26,30,4,900,0,
90,6.58916E+26,30,4,900,0,
90,9.45587E+26,30,4,900,0,
90,9.03031E+26,30,4,900,0,
90,6.57257E+26,30,4,900,0,
90,1.1066E+27,30,4,900,0,
90,9.67881E+26,30,4,900,0,
90,8.83815E+26,30,4,900,0,
90,9.76422E+26,30,4,900,0,
90,6.86824E+26,30,4,900,0,
90,6.26922E+26,30,4,900,0,
90,6.50263E+26,30,4,900,0,
90,7.80771E+26,30,4,900,0,
90,9.8653E+26,30,4,900,0,
90,8.01769E+26,30,4,900,0,
90,7.37775E+26,30,4,900,0,
90,7.0792E+26,30,4,900,0,
90,6.46683E+26,30,4,900,0,
90,6.30221E+26,30,4,900,0,
90,9.84517E+26,30,4,900,0,
90,6.1962E+26,30,4,900,0,
90,7.9972E+26,30,4,900,0,
90,6.62901E+26,30,4,900,0,
90,6.47003E+26,30,4,900,0,
90,1.1477E+27,30,4,900,0,
90,6.687E+26,30,4,900,0,
90,7.75111E+26,30,4,900,0,
90,7.82935E+26,30,4,900,0,
90,6.45761E+26,30,4,900,0,
90,6.51795E+26,30,4,900,0,
90,8.99885E+26,30,4,900,0,
90,7.68822E+26,30,4,900,0,
90,7.58389E+26,30,4,900,0,
90,6.623E+26,30,4,900,0,
90,7.22817E+26,30,4,900,0,
90,8.37456E+26,30,4,900,0,
90,7.40894E+26,30,4,900,0,
90,1.17845E+27,30,4,900,0,
90,7.67375E+26,30,4,900,0,
90,6.73681E+26,30,4,900,0,
90,7.34994E+26,30,4,900,0,
90,7.86607E+26,30,4,900,0,
90,7.68935E+26,30,4,900,0,
90,9.99329E+26,30,4,900,0,
90,6.59299E+26,30,4,900,0,
90,7.7561E+26,30,4,900,0,
90,8.50978E+26,30,4,900,0,
90,9.04315E+26,30,4,900,0,
90,7.80143E+26,30,4,900,0,
90,6.75111E+26,30,4,900,0,
90,8.74794E+26,30,4,900,0,
90,7.4574E+26,30,4,900,0,
90,7.07593E+26,30,4,900,0,
90,7.50867E+26,30,4,900,0,
90,1.0763E+27,30,4,900,0,
90,6.25063E+26,30,4,900,0,
90,6.97862E+26,30,4,900,0,
90,9.12016E+26,30,4,900,0,
90,1.05011E+27,30,4,900,0,
90,9.54776E+26,30,4,900,0,
90,6.73351E+26,30,4,900,0,
90,7.69609E+26,30,4,900,0,
90,7.88833E+26,30,4,900,0,
90,6.80781E+26,30,4,900,0,
90,1.05004E+27,30,4,900,0,
90,6.66048E+26,30,4,900,0,
90,6.69543E+26,30,4,900,0,
90,7.544E+26,30,4,900,0,
90,8.25129E+26,30,4,900,0,
90,6.48073E+26,30,4,900,0,
90,8.26922E+26,30,4,900,0,
90,7.89897E+26,30,4,900,0,
90,6.67684E+26,30,4,900,0,
90,7.17027E+26,30,4,900,0,
90,8.3998E+26,30,4,900,0,
90,6.87106E+26,30,4,900,0,
90,9.00995E+26,30,4,900,0,
90,9.78334E+26,30,4,900,0,
90,1.03914E+27,30,4,900,0,
90,7.5529E+26,30,4,900,0,
90,1.16166E+27,30,4,900,0,
90,6.32178E+26,30,4,900,0,
100,7.63348E+29,34,4,1156,0,
100,8.27144E+29,34,4,1156,0,
100,9.45567E+29,34,4,1156,0,
100,9.68897E+29,34,4,1156,0,
100,6.975E+29,34,4,1156,0,
100,7.64857E+29,34,4,1156,0,
100,1.11363E+30,34,4,1156,0,
100,6.75934E+29,34,4,1156,0,
100,7.97822E+29,34,4,1156,0,
100,9.88405E+29,34,4,1156,0,
100,1.01013E+30,34,4,1156,0,
100,8.57683E+29,34,4,1156,0,
100,7.40556E+29,34,4,1156,0,
100,6.362E+29,34,4,1156,0,
100,7.81766E+29,34,4,1156,0,
100,7.1183E+29,34,4,1156,0,
100,8.89927E+29,34,4,1156,0,
100,6.9194E+29,34,4,1156,0,
100,6.68591E+29,34,4,1156,0,
100,1.04266E+30,34,4,1156,0,
100,6.59137E+29,34,4,1156,0,
100,1.17474E+30,34,4,1156,0,
100,9.18293E+29,34,4,1156,0,
100,6.41084E+29,34,4,1156,0,
100,1.13416E+30,34,4,1156,0,
100,6.42382E+29,34,4,1156,0,
100,6.56521E+29,34,4,1156,0,
100,6.9285E+29,34,4,1156,0,
100,6.76861E+29,34,4,1156,0,
100,7.71537E+29,34,4,1156,0,
100,7.43985E+29,34,4,1156,0,
100,1.05644E+30,34,4,1156,0,
100,6.34333E+29,34,4,1156,0,
100,7.44729E+29,34,4,1156,0,
100,8.30665E+29,34,4,1156,0,
100,7.34359E+29,34,4,1156,0,
100,9.56141E+29,34,4,1156,0,
100,1.09198E+30,34,4,1156,0,
100,8.70657E+29,34,4,1156,0,
100,6.54474E+29,34,4,1156,0,
100,7.2632E+29,34,4,1156,0,
100,6.4703E+29,34,4,1156,0,
100,9.47302E+29,34,4,1156,0,
100,9.01316E+29,34,4,1156,0,
100,9.54702E+29,34,4,1156,0,
100,1.0482E+30,34,4,1156,0,
100,7.11573E+29,34,4,1156,0,
100,9.56201E+29,34,4,1156,0,
100,6.46507E+29,34,4,1156,0,
100,9.2353E+29,34,4,1156,0,
100,1.1657E+30,34,4,1156,0,
100,7.31895E+29,34,4,1156,0,
100,6.84077E+29,34,4,1156,0,
100,7.45571E+29,34,4,1156,0,
100,9.10834E+29,34,4,1156,0,
100,7.68434E+29,34,4,1156,0,
100,7.39006E+29,34,4,1156,0,
100,1.01963E+30,34,4,1156,0,
100,8.6852E+29,34,4,1156,0,
100,8.50402E+29,34,4,1156,0,
100,7.40109E+29,34,4,1156,0,
100,8.33619E+29,34,4,1156,0,
100,9.07353E+29,34,4,1156,0,
100,8.78594E+29,34,4,1156,0,
100,6.59123E+29,34,4,1156,0,
100,7.35024E+29,34,4,1156,0,
100,7.92641E+29,34,4,1156,0,
100,6.44619E+29,34,4,1156,0,
100,6.39036E+29,34,4,1156,0,
100,7.04839E+29,34,4,1156,0,
100,7.52851E+29,34,4,1156,0,
100,7.44035E+29,34,4,1156,0,
100,6.42786E+29,34,4,1156,0,
100,8.17627E+29,34,4,1156,0,
100,7.67724E+29,34,4,1156,0,
100,7.07106E+29,34,4,1156,0,
100,6.53109E+29,34,4,1156,0,
100,1.21208E+30,34,4,1156,0,
100,7.72969E+29,34,4,1156,0,
100,1.00781E+30,34,4,1156,0,
100,7.54414E+29,34,4,1156,0,
100,1.11678E+30,34,4,1156,0,
100,7.08963E+29,34,4,1156,0,
100,1.03616E+30,34,4,1156,0,
100,8.30205E+29,34,4,1156,0,
100,1.02617E+30,34,4,1156,0,
100,1.13011E+30,34,4,1156,0,
100,7.97845E+29,34,4,1156,0,
100,6.63137E+29,34,4,1156,0,
100,6.51555E+29,34,4,1156,0,
100,9.61671E+29,34,4,1156,0,
100,6.62849E+29,34,4,1156,0,
100,1.09167E+30,34,4,1156,0,
100,8.69236E+29,34,4,1156,0,
100,8.83498E+29,34,4,1156,0,
100,9.11496E+29,34,4,1156,0,
100,6.91815E+29,34,4,1156,0,
100,6.97565E+29,34,4,1156,0,
100,9.35695E+29,34,4,1156,0,
100,7.21622E+29,34,4,1156,0,
100,8.0587E+29,34,4,1156,0,
100,8.45409E+29,34,4,1156,0,
100,6.9089E+29,34,4,1156,0,
100,6.778E+29,34,4,1156,0,
100,7.40012E+29,34,4,1156,0,
100,7.6139E+29,34,4,1156,0,
100,6.48947E+29,34,4,1156,0,
100,7.00491E+29,34,4,1156,0,
100,9.60212E+29,34,4,1156,0,
100,8.42496E+29,34,4,1156,0,
100,6.41948E+29,34,4,1156,0,
100,7.1058E+29,34,4,1156,0,
100,7.28812E+29,34,4,1156,0,
100,8.84639E+29,34,4,1156,0,
100,9.77408E+29,34,4,1156,0,
100,7.34708E+29,34,4,1156,0,
100,1.13087E+30,34,4,1156,0,
100,8.9491E+29,34,4,1156,0,
100,7.5819E+29,34,4,1156,0,
100,9.41855E+29,34,4,1156,0,
100,8.29864E+29,34,4,1156,0,
100,1.04858E+30,34,4,1156,0,
100,8.78419E+29,34,4,1156,0,
100,6.81446E+29,34,4,1156,0,
100,1.06292E+30,34,4,1156,0,
100,9.03728E+29,34,4,1156,0,
100,1.00661E+30,34,4,1156,0,
100,6.75251E+29,34,4,1156,0,
100,6.4814E+29,34,4,1156,0,
100,1.11002E+30,34,4,1156,0,
100,1.07681E+30,34,4,1156,0,
100,1.12884E+30,34,4,1156,0,
100,8.62197E+29,34,4,1156,0,
100,7.55617E+29,34,4,1156,0,
100,7.16882E+29,34,4,1156,0,
100,6.63185E+29,34,4,1156,0,
100,6.98862E+29,34,4,1156,0,
100,1.00085E+30,34,4,1156,0,
100,9.99144E+29,34,4,1156,0,
100,1.16959E+30,34,4,1156,0,
100,6.71512E+29,34,4,1156,0,
100,6.41202E+29,34,4,1156,0,
100,1.02307E+30,34,4,1156,0,
100,1.04446E+30,34,4,1156,0,
100,1.05042E+30,34,4,1156,0,
100,6.63399E+29,34,4,1156,0,
100,7.41929E+29,34,4,1156,0,
100,6.36779E+29,34,4,1156,0,
100,8.93045E+29,34,4,1156,0,
100,6.5244E+29,34,4,1156,0,
100,6.53293E+29,34,4,1156,0,
100,6.73956E+29,34,4,1156,0,
100,8.89068E+29,34,4,1156,0,
100,7.26539E+29,34,4,1156,0,
100,1.01819E+30,34,4,1156,0,
100,7.51373E+29,34,4,1156,0,
100,1.13292E+30,34,4,1156,0,
100,9.4383E+29,34,4,1156,0,
100,8.39212E+29,34,4,1156,0,
100,8.14657E+29,34,4,1156,0,
100,7.43469E+29,34,4,1156,0,
100,8.28278E+29,34,4,1156,0,
100,8.12314E+29,34,4,1156,0,
100,6.63974E+29,34,4,1156,0,
100,7.02415E+29,34,4,1156,0,
100,7.81308E+29,34,4,1156,0,
100,1.08761E+30,34,4,1156,0,
100,1.07104E+30,34,4,1156,0,
100,8.90211E+29,34,4,1156,0,
100,7.5647E+29,34,4,1156,0,
100,6.42395E+29,34,4,1156,0,
100,9.77009E+29,34,4,1156,0,
100,1.08626E+30,34,4,1156,0,
100,6.53096E+29,34,4,1156,0,
100,7.09062E+29,34,4,1156,0,
100,8.7567E+29,34,4,1156,0,
100,7.02817E+29,34,4,1156,0,
100,8.90321E+29,34,4,1156,0,
100,6.56108E+29,34,4,1156,0,
100,9.56823E+29,34,4,1156,0,
100,7.32336E+29,34,4,1156,0,
100,1.02444E+30,34,4,1156,0,
100,9.84481E+29,34,4,1156,0,
100,1.0949E+30,34,4,1156,0,
100,6.82541E+29,34,4,1156,0,
100,7.75949E+29,34,4,1156,0,
100,6.92307E+29,34,4,1156,0,
100,8.58717E+29,34,4,1156,0,
100,7.1714E+29,34,4,1156,0,
100,8.11799E+29,34,4,1156,0,
100,8.17802E+29,34,4,1156,0,
100,9.63901E+29,34,4,1156,0,
100,7.01513E+29,34,4,1156,0,
100,1.08053E+30,34,4,1156,0,
100,6.92232E+29,34,4,1156,0,
100,1.10872E+30,34,4,1156,0,
100,1.2147E+30,34,4,1156,0,
100,8.55263E+29,34,4,1156,0,
100,6.62713E+29,34,4,1156,0,
100,7.64592E+29,34,4,1156,0,
100,6.81536E+29,34,4,1156,0,
100,7.68618E+29,34,4,1156,0,
100,7.95175E+29,34,4,1156,0,
100,7.8721E+29,34,4,1156,0,
100,7.87895E+29,34,4,1156,0,
100,8.64728E+29,34,4,1156,0,
100,8.72938E+29,34,4,1156,0,
100,8.39492E+29,34,4,1156,0,
100,7.00869E+29,34,4,1156,0,
100,1.00501E+30,34,4,1156,0,
100,6.87111E+29,34,4,1156,0,
100,7.69476E+29,34,4,1156,0,
100,1.03667E+30,34,4,1156,0,
100,1.12318E+30,34,4,1156,0,
100,9.64661E+29,34,4,1156,0,
100,6.56681E+29,34,4,1156,0,
100,8.50747E+29,34,4,1156,0,
100,8.06302E+29,34,4,1156,0,
100,7.48045E+29,34,4,1156,0,
100,9.4105E+29,34,4,1156,0,
100,6.94849E+29,34,4,1156,0,
100,9.80638E+29,34,4,1156,0,
100,1.11016E+30,34,4,1156,0,
100,8.70219E+29,34,4,1156,0,
100,8.62946E+29,34,4,1156,0,
100,9.30793E+29,34,4,1156,0,
100,9.05911E+29,34,4,1156,0,
100,7.11421E+29,34,4,1156,0,
100,8.49046E+29,34,4,1156,0,
100,8.68957E+29,34,4,1156,0,
100,6.54151E+29,34,4,1156,0,
100,6.49756E+29,34,4,1156,0,
100,6.62228E+29,34,4,1156,0,
100,8.98498E+29,34,4,1156,0,
100,8.6637E+29,34,4,1156,0,
100,1.06369E+30,34,4,1156,0,
100,9.61525E+29,34,4,1156,0,
100,6.47531E+29,34,4,1156,0,
100,1.04003E+30,34,4,1156,0,
100,7.07971E+29,34,4,1156,0,
100,6.91126E+29,34,4,1156,0,
100,1.06172E+30,34,4,1156,0,
100,8.36942E+29,34,4,1156,0,
100,6.77542E+29,34,4,1156,0,
100,7.40985E+29,34,4,1156,0,
100,7.17416E+29,34,4,1156,0,
100,6.71752E+29,34,4,1156,0,
100,1.09191E+30,34,4,1156,0,
100,7.16969E+29,34,4,1156,0,
100,9.64196E+29,34,4,1156,0,
100,9.75211E+29,34,4,1156,0,
100,7.91267E+29,34,4,1156,0,
100,9.80907E+29,34,4,1156,0,
100,8.81937E+29,34,4,1156,0,
100,6.53232E+29,34,4,1156,0,
100,9.12447E+29,34,4,1156,0,
100,6.83583E+29,34,4,1156,0,
100,7.02422E+29,34,4,1156,0,
100,8.10948E+29,34,4,1156,0,
100,1.137E+30,34,4,1156,0,
100,1.01707E+30,34,4,1156,0,
100,8.57137E+29,34,4,1156,0,
100,6.98552E+29,34,4,1156,0,
100,1.15239E+30,34,4,1156,0,
100,6.53948E+29,34,4,1156,0,
100,6.64891E+29,34,4,1156,0,
100,1.06571E+30,34,4,1156,0,
100,7.728E+29,34,4,1156,0,
100,9.7552E+29,34,4,1156,0,
100,7.62968E+29,34,4,1156,0,
100,7.43017E+29,34,4,1156,0,
100,7.00914E+29,34,4,1156,0,
100,1.09925E+30,34,4,1156,0,
100,7.287E+29,34,4,1156,0,
100,9.73613E+29,34,4,1156,0,
100,7.48612E+29,34,4,1156,0,
100,7.78306E+29,34,4,1156,0,
100,7.84124E+29,34,4,1156,0,
100,6.73184E+29,34,4,1156,0,
100,6.99906E+29,34,4,1156,0,
100,8.05505E+29,34,4,1156,0,
100,7.04495E+29,34,4,1156,0,
100,9.65161E+29,34,4,1156,0,
100,8.50087E+29,34,4,1156,0,
100,6.72678E+29,34,4,1156,0,
100,6.97847E+29,34,4,1156,0,
100,1.00794E+30,34,4,1156,0,
100,8.23856E+29,34,4,1156,0,
100,7.25452E+29,34,4,1156,0,
100,9.52077E+29,34,4,1156,0,
100,7.18243E+29,34,4,1156,0,
100,1.00041E+30,34,4,1156,0,
100,8.06823E+29,34,4,1156,0,
100,7.18542E+29,34,4,1156,0,
100,8.74063E+29,34,4,1156,0,
100,1.13694E+30,34,4,1156,0,
100,6.72578E+29,34,4,1156,0,
100,7.48544E+29,34,4,1156,0,
100,8.71727E+29,34,4,1156,0,
100,7.06476E+29,34,4,1156,0,
100,7.28933E+29,34,4,1156,0,
100,8.03301E+29,34,4,1156,0,
100,7.02932E+29,34,4,1156,0,
100,9.18317E+29,34,4,1156,0,
100,6.71388E+29,34,4,1156,0,
100,6.94353E+29,34,4,1156,0,
100,9.52629E+29,34,4,1156,0,
100,7.24533E+29,34,4,1156,0,
100,7.14008E+29,34,4,1156,0,
100,6.68351E+29,34,4,1156,0,
100,9.32231E+29,34,4,1156,0,
100,8.28639E+29,34,4,1156,0,
100,8.04484E+29,34,4,1156,0,
100,6.60766E+29,34,4,1156,0,
100,7.06759E+29,34,4,1156,0,
100,6.69263E+29,34,4,1156,0,
100,9.90693E+29,34,4,1156,0,
100,7.34787E+29,34,4,1156,0,
100,1.1776E+30,34,4,1156,0,
100,9.9419E+29,34,4,1156,0,
100,8.81903E+29,34,4,1156,0,
100,7.22309E+29,34,4,1156,0,
100,8.50568E+29,34,4,1156,0,
100,8.60658E+29,34,4,1156,0,
100,7.83738E+29,34,4,1156,0,
100,7.92166E+29,34,4,1156,0,
100,6.58229E+29,34,4,1156,0,
100,7.72021E+29,34,4,1156,0,
100,8.61374E+29,34,4,1156,0,
100,6.66161E+29,34,4,1156,0,
100,8.54467E+29,34,4,1156,0,
100,7.46177E+29,34,4,1156,0,
100,1.05702E+30,34,4,1156,0,
100,8.3311E+29,34,4,1156,0,
100,7.77111E+29,34,4,1156,0,
100,8.43381E+29,34,4,1156,0,
100,7.43066E+29,34,4,1156,0,
100,8.32018E+29,34,4,1156,0,
100,6.96056E+29,34,4,1156,0,
100,6.47739E+29,34,4,1156,0,
100,8.62445E+29,34,4,1156,0,
100,7.25901E+29,34,4,1156,0,
100,7.44328E+29,34,4,1156,0,
100,9.93315E+29,34,4,1156,0,
100,7.76462E+29,34,4,1156,0,
100,8.18907E+29,34,4,1156,0,
100,1.00095E+30,34,4,1156,0,
100,7.8657E+29,34,4,1156,0,
100,7.51507E+29,34,4,1156,0,
100,8.36083E+29,34,4,1156,0,
100,7.46957E+29,34,4,1156,0,
100,6.3412E+29,34,4,1156,0,
100,1.01964E+30,34,4,1156,0,
100,9.80312E+29,34,4,1156,0,
100,8.68277E+29,34,4,1156,0,
100,9.07555E+29,34,4,1156,0,
100,6.49794E+29,34,4,1156,0,
100,9.91678E+29,34,4,1156,0,
100,7.32606E+29,34,4,1156,0,
100,7.83982E+29,34,4,1156,0,
100,7.17122E+29,34,4,1156,0,
100,1.1502E+30,34,4,1156,0,
100,9.85035E+29,34,4,1156,0,
100,8.05982E+29,34,4,1156,0,
100,8.06479E+29,34,4,1156,0,
100,6.43025E+29,34,4,1156,0,
100,8.26106E+29,34,4,1156,0,
100,6.7796E+29,34,4,1156,0,
100,8.94209E+29,34,4,1156,0,
100,8.63816E+29,34,4,1156,0,
100,7.57847E+29,34,4,1156,0,
100,8.3227E+29,34,4,1156,0,
100,8.74004E+29,34,4,1156,0,
100,9.15932E+29,34,4,1156,0,
100,1.13499E+30,34,4,1156,0,
100,1.02818E+30,34,4,1156,0,
100,9.84393E+29,34,4,1156,0,
100,8.54205E+29,34,4,1156,0,
100,7.33187E+29,34,4,1156,0,
100,9.75491E+29,34,4,1156,0,
100,7.21029E+29,34,4,1156,0,
100,6.77484E+29,34,4,1156,0,
100,7.98116E+29,34,4,1156,0,
100,7.00104E+29,34,4,1156,0,
100,6.81898E+29,34,4,1156,0,
100,8.33862E+29,34,4,1156,0,
100,9.08064E+29,34,4,1156,0,
100,7.36259E+29,34,4,1156,0,
100,6.93736E+29,34,4,1156,0,
100,9.30573E+29,34,4,1156,0,
100,6.43739E+29,34,4,1156,0,
100,6.77673E+29,34,4,1156,0,
100,8.40925E+29,34,4,1156,0,
100,9.16884E+29,34,4,1156,0,
100,1.18368E+30,34,4,1156,0,
100,7.53148E+29,34,4,1156,0,
100,7.15743E+29,34,4,1156,0,
100,7.54327E+29,34,4,1156,0,
100,9.33173E+29,34,4,1156,0,
100,6.65644E+29,34,4,1156,0,
100,6.64005E+29,34,4,1156,0,
100,8.52132E+29,34,4,1156,0,
100,9.32543E+29,34,4,1156,0,
100,8.19015E+29,34,4,1156,0,
100,8.80123E+29,34,4,1156,0,
100,6.66916E+29,34,4,1156,0,
100,9.77739E+29,34,4,1156,0,
100,9.77686E+29,34,4,1156,0,
100,7.95658E+29,34,4,1156,0,
100,7.35616E+29,34,4,1156,0,
100,7.14711E+29,34,4,1156,0,
100,9.66814E+29,34,4,1156,0,
100,7.6557E+29,34,4,1156,0,
100,9.72333E+29,34,4,1156,0,
100,8.57518E+29,34,4,1156,0,
100,7.09517E+29,34,4,1156,0,
100,6.69558E+29,34,4,1156,0,
100,7.01111E+29,34,4,1156,0,
100,7.05894E+29,34,4,1156,0,
100,1.14479E+30,34,4,1156,0,
100,7.53849E+29,34,4,1156,0,
100,9.87261E+29,34,4,1156,0,
100,1.00491E+30,34,4,1156,0,
100,6.88595E+29,34,4,1156,0,
100,1.05719E+30,34,4,1156,0,
100,6.43779E+29,34,4,1156,0,
100,6.48382E+29,34,4,1156,0,
100,6.69294E+29,34,4,1156,0,
100,9.09886E+29,34,4,1156,0,
100,7.9013E+29,34,4,1156,0,
100,8.09411E+29,34,4,1156,0,
100,7.81188E+29,34,4,1156,0,
100,7.6996E+29,34,4,1156,0,
100,7.23776E+29,34,4,1156,0,
100,8.01029E+29,34,4,1156,0,
100,1.04315E+30,34,4,1156,0,
100,7.50515E+29,34,4,1156,0,
100,9.14592E+29,34,4,1156,0,
100,1.05406E+30,34,4,1156,0,
100,8.15947E+29,34,4,1156,0,
100,6.80355E+29,34,4,1156,0,
100,7.08987E+29,34,4,1156,0,
100,8.34401E+29,34,4,1156,0,
100,6.51259E+29,34,4,1156,0,
100,7.40488E+29,34,4,1156,0,
100,7.01723E+29,34,4,1156,0,
100,9.26463E+29,34,4,1156,0,
100,8.03675E+29,34,4,1156,0,
100,8.20584E+29,34,4,1156,0,
100,7.05619E+29,34,4,1156,0,
100,7.83505E+29,34,4,1156,0,
100,7.95748E+29,34,4,1156,0,
100,6.50061E+29,34,4,1156,0,
100,8.70435E+29,34,4,1156,0,
100,6.81664E+29,34,4,1156,0,
100,6.59374E+29,34,4,1156,0,
100,6.39236E+29,34,4,1156,0,
100,6.58795E+29,34,4,1156,0,
100,6.48241E+29,34,4,1156,0,
100,8.98128E+29,34,4,1156,0,
100,1.00396E+30,34,4,1156,0,
100,9.88413E+29,34,4,1156,0,
100,8.8787E+29,34,4,1156,0,
100,7.68145E+29,34,4,1156,0,
100,7.89991E+29,34,4,1156,0,
100,1.01699E+30,34,4,1156,0,
100,8.96478E+29,34,4,1156,0,
100,9.39123E+29,34,4,1156,0,
100,6.44302E+29,34,4,1156,0,
100,9.89086E+29,34,4,1156,0,
100,1.01574E+30,34,4,1156,0,
100,9.62732E+29,34,4,1156,0,
100,1.05985E+30,34,4,1156,0,
100,8.55322E+29,34,4,1156,0,
100,9.74232E+29,34,4,1156,0,
100,7.41607E+29,34,4,1156,0,
100,9.59343E+29,34,4,1156,0,
100,8.76537E+29,34,4,1156,0,
100,7.51778E+29,34,4,1156,0,
100,8.29677E+29,34,4,1156,0,
100,1.01555E+30,34,4,1156,0,
100,7.03727E+29,34,4,1156,0,
100,9.45695E+29,34,4,1156,0,
100,6.35929E+29,34,4,1156,0,
100,6.48008E+29,34,4,1156,0,
100,9.37316E+29,34,4,1156,0,
100,1.09723E+30,34,4,1156,0,
100,6.57396E+29,34,4,1156,0,
100,7.57859E+29,34,4,1156,0,
100,9.14514E+29,34,4,1156,0,
100,7.10221E+29,34,4,1156,0,
100,9.18498E+29,34,4,1156,0,
100,6.70736E+29,34,4,1156,0,
100,9.34075E+29,34,4,1156,0,
100,6.89058E+29,34,4,1156,0,
100,1.10697E+30,34,4,1156,0,
100,6.82225E+29,34,4,1156,0,
100,7.67325E+29,34,4,1156,0,
100,7.96606E+29,34,4,1156,0,
100,7.0687E+29,34,4,1156,0,
50,695995778033957,17,4,289,10,35
50,918103432302473,17,4,289,1,1
50,608964425167477,17,4,289,0,1
50,628704399779101,17,4,289,3,8
50,700813177574711,17,4,289,2,5
50,673921754997847,17,4,289,2,5
50,578786473609051,17,4,289,5,9
50,723543853567411,17,4,289,2,3
50,679574961756689,17,4,289,2,6
50,664822785383429,17,4,289,1,1
50,764864474988871,17,4,289,0,0
50,624125989132157,17,4,289,0,0
50,647710196289899,17,4,289,2,5
50,611451545409773,17,4,289,3,4
50,854721736522873,17,4,289,1,4
50,618806673340637,17,4,289,1,9
50,679899672699827,17,4,289,4,10
50,1035042972063101,17,4,289,1,2
50,619304444225531,17,4,289,4,4
50,752061355931057,17,4,289,4,13
50,617892181055411,17,4,289,0,0
50,1059743369165813,17,4,289,0,3
50,623830119840709,17,4,289,3,4
50,766974482695357,17,4,289,0,0
50,774511572451013,17,4,289,2,3
50,812984046611203,17,4,289,4,5
50,564430879468399,17,4,289,2,5
50,914811548448557,17,4,289,4,14
50,650180042405081,17,4,289,2,3
50,861848611970719,17,4,289,2,10
50,926842200520829,17,4,289,1,4
50,629064589514917,17,4,289,0,3
50,637781013952193,17,4,289,1,3
50,720364883415901,17,4,289,2,4
50,791036007159161,17,4,289,4,8
50,696186944064757,17,4,289,2,2
50,564045103530361,17,4,289,1,3
50,982255986104209,17,4,289,4,8
50,568432474594489,17,4,289,4,5
50,757442979758329,17,4,289,0,0
50,874171043472577,17,4,289,1,4
50,644102744901613,17,4,289,1,3
50,938339837968613,17,4,289,2,6
50,737696356085009,17,4,289,0,0
50,657180719317769,17,4,289,3,3
50,845040612393343,17,4,289,4,4
50,620812889411921,17,4,289,0,1
50,627625312644329,17,4,289,2,2
50,724979016035741,17,4,289,2,6
50,580635513905809,17,4,289,3,6
50,677242031768723,17,4,289,5,5
50,1032064489171337,17,4,289,3,5
50,663562748570131,17,4,289,2,7
50,703000041865481,17,4,289,2,3
50,570558130791449,17,4,289,2,3
50,774551971092827,17,4,289,1,3
50,819566371082461,17,4,289,0,0
50,604879006976927,17,4,289,4,6
50,600301201929343,17,4,289,6,17
50,771236719393753,17,4,289,4,5
50,695808833368729,17,4,289,0,2
50,683781962466073,17,4,289,2,5
50,803934399289123,17,4,289,1,2
50,981164963170661,17,4,289,5,18
50,935580526463651,17,4,289,3,5
50,680794958648641,17,4,289,7,22
50,610131401280229,17,4,289,7,13
50,604864030643767,17,4,289,2,6
50,893403051917377,17,4,289,4,7
50,1019296371359611,17,4,289,0,0
50,834115840993219,17,4,289,0,4
50,619259690174393,17,4,289,2,2
50,600823644699737,17,4,289,0,0
50,563076295075537,17,4,289,4,9
50,576973237907141,17,4,289,4,9
50,743965320181247,17,4,289,2,2
50,615254170137599,17,4,289,2,3
50,688968200292451,17,4,289,0,0
50,607986263636663,17,4,289,1,1
50,738557823960839,17,4,289,2,3
50,693320529454367,17,4,289,2,2
50,610411054728143,17,4,289,3,12
50,583519326305347,17,4,289,4,9
50,716490134570071,17,4,289,1,8
50,660873102486967,17,4,289,1,1
50,588989139046219,17,4,289,0,0
50,666318080211701,17,4,289,3,9
50,867340163857477,17,4,289,3,10
50,902747029418167,17,4,289,2,16
50,648530210784487,17,4,289,4,5
50,645946899111061,17,4,289,2,5
50,786437480668243,17,4,289,4,9
50,604444603655467,17,4,289,3,6
50,597376649854681,17,4,289,0,0
50,594374745156529,17,4,289,0,0
50,892410913136593,17,4,289,1,2
50,850597200207253,17,4,289,1,5
50,708048819904249,17,4,289,1,1
50,699601134204911,17,4,289,3,3
50,612675868898939,17,4,289,3,4
50,736977278857871,17,4,289,1,5
50,823160001533011,17,4,289,2,2
50,921833633471893,17,4,289,2,3
50,652539648953879,17,4,289,0,2
50,563328223969741,17,4,289,0,1
50,591877319203673,17,4,289,2,7
50,887444847534991,17,4,289,1,2
50,722601863336137,17,4,289,3,6
50,632089815980011,17,4,289,3,11
50,706990055058977,17,4,289,0,0
50,860183693023561,17,4,289,1,5
50,604740353731439,17,4,289,4,4
50,615270481595477,17,4,289,1,3
50,935904576862663,17,4,289,2,2
50,568850073812641,17,4,289,3,8
50,834809197571731,17,4,289,4,6
50,749255468514793,17,4,289,4,8
50,943409941105043,17,4,289,1,1
50,709721326013191,17,4,289,0,0
50,665311333621391,17,4,289,1,2
50,685899961132219,17,4,289,1,2
50,686497667973913,17,4,289,1,1
50,709695998082983,17,4,289,3,6
50,960674831755193,17,4,289,0,0
50,776513959598711,17,4,289,1,1
50,717785019351251,17,4,289,0,6
50,718514939726239,17,4,289,2,8
50,616467959491777,17,4,289,1,4
50,563736108595937,17,4,289,0,0
50,804745278932191,17,4,289,0,2
50,617644723814081,17,4,289,0,1
50,841590198265447,17,4,289,1,3
50,891113902200001,17,4,289,1,1
50,628885033301753,17,4,289,0,0
50,755278484301049,17,4,289,1,3
50,787101686491369,17,4,289,0,1
50,617920915848451,17,4,289,4,4
50,955811246139437,17,4,289,4,17
50,653744143251571,17,4,289,0,1
50,776978414456749,17,4,289,3,4
50,1036842904872893,17,4,289,0,0
50,622777037742059,17,4,289,0,0
50,639982627711549,17,4,289,0,1
50,775980936764771,17,4,289,5,7
50,577094510419409,17,4,289,0,0
50,651863414789891,17,4,289,1,1
50,781568156285281,17,4,289,1,3
50,658086640665659,17,4,289,8,12
50,1019165156278337,17,4,289,2,4
50,975545490421499,17,4,289,0,0
50,675756341334923,17,4,289,1,3
50,797867825770469,17,4,289,6,15
50,687994896507103,17,4,289,4,15
50,862639716858979,17,4,289,4,6
50,748295974760933,17,4,289,0,1
50,597945760482937,17,4,289,1,2
50,1048651144344071,17,4,289,0,0
50,693980844375673,17,4,289,3,3
50,741431692389163,17,4,289,2,6
50,932283736079401,17,4,289,0,2
50,872999953428413,17,4,289,4,10
50,894015394393337,17,4,289,0,2
50,600348884875471,17,4,289,0,0
50,774351080588387,17,4,289,3,3
50,721347002002411,17,4,289,3,7
50,737054138139653,17,4,289,1,2
50,832389749173709,17,4,289,4,17
50,961719960616117,17,4,289,0,1
50,690871056306407,17,4,289,0,0
50,950127628477771,17,4,289,3,4
50,807682574352847,17,4,289,1,1
50,742754341743551,17,4,289,2,7
50,715108055544017,17,4,289,1,3
50,694946177335331,17,4,289,0,0
50,728998327099429,17,4,289,0,3
50,565394883886561,17,4,289,2,6
50,635115359204701,17,4,289,2,7
50,763591802756291,17,4,289,1,5
50,728061762826579,17,4,289,0,1
50,565595783645281,17,4,289,0,0
50,686594703892187,17,4,289,0,0
50,1047949530091441,17,4,289,0,4
50,579371368199093,17,4,289,2,7
50,735664992470251,17,4,289,1,4
50,641307443831597,17,4,289,0,2
50,968898369288541,17,4,289,4,11
50,597567179279897,17,4,289,3,9
50,598536736153537,17,4,289,1,3
50,849436397262773,17,4,289,6,16
50,592569991494643,17,4,289,14,30
50,677266023551647,17,4,289,2,5
50,596475100699279,17,4,289,2,4
50,656319823930003,17,4,289,0,0
50,687693287170963,17,4,289,2,4
50,626362667370547,17,4,289,0,3
50,1050722762268467,17,4,289,8,12
50,606828230173303,17,4,289,3,5
50,837154275087929,17,4,289,0,5
50,661762015882477,17,4,289,2,4
50,643211495136373,17,4,289,1,1
50,679330284275057,17,4,289,0,1
50,679716298146427,17,4,289,3,7
50,898665680523139,17,4,289,1,6
50,830887353995723,17,4,289,1,1
50,664367621843113,17,4,289,1,2
50,614522360009039,17,4,289,0,0
50,925484756122361,17,4,289,2,3
50,840374894086457,17,4,289,0,5
50,579652338031531,17,4,289,7,20
50,814028491314427,17,4,289,0,1
50,824485438881331,17,4,289,0,0
50,577284568343983,17,4,289,0,0
50,783952353792793,17,4,289,4,7
50,569197174069037,17,4,289,0,1
50,568904594634851,17,4,289,2,3
50,893896990539967,17,4,289,7,10
50,862412380687951,17,4,289,2,5
50,692743276829189,17,4,289,2,6
50,600214234186487,17,4,289,0,2
50,711987132454817,17,4,289,0,1
50,827971784738419,17,4,289,7,9
50,563454845673971,17,4,289,2,2
50,670550317414643,17,4,289,0,3
50,944743172068447,17,4,289,6,9
50,750371342296987,17,4,289,0,0
50,856140338722553,17,4,289,1,3
50,812103374547383,17,4,289,3,3
50,712506770995549,17,4,289,0,1
50,1102359033968909,17,4,289,3,9
50,740650321127891,17,4,289,2,7
50,708886345989911,17,4,289,2,8
50,798565379960617,17,4,289,0,2
50,619310756253769,17,4,289,6,8
50,1044057091674197,17,4,289,4,6
50,759717032122163,17,4,289,0,0
50,654434648623733,17,4,289,0,0
50,773178981668309,17,4,289,2,3
50,805645079110657,17,4,289,5,12
50,768906846506597,17,4,289,0,0
50,777487296322267,17,4,289,2,10
50,613094781927961,17,4,289,0,2
50,674262093035891,17,4,289,4,11
50,940051594754981,17,4,289,3,4
50,1008510897693983,17,4,289,0,1
50,725128046783143,17,4,289,0,3
50,994714051713163,17,4,289,2,9
50,709089307735841,17,4,289,3,4
50,652744814510881,17,4,289,3,10
50,676418390778629,17,4,289,0,0
50,638896610539529,17,4,289,3,13
60,661085407906741927,20,4,400,0,2
60,813677141149396999,20,4,400,0,2
60,617843841053827097,20,4,400,0,0
60,633673253642951773,20,4,400,0,5
60,885320953334652893,20,4,400,0,1
60,744815413935232447,20,4,400,0,5
60,937163668902236033,20,4,400,0,7
60,754360284372705163,20,4,400,0,0
60,706269605234905879,20,4,400,0,2
60,686846448052529591,20,4,400,1,3
60,744952570734618853,20,4,400,0,1
60,710782251730843337,20,4,400,1,3
60,661350528281770207,20,4,400,0,3
60,862946811267018619,20,4,400,0,1
60,796781725647190609,20,4,400,0,0
60,1128117757120696577,20,4,400,2,8
60,633122114745842927,20,4,400,0,3
60,1019121584952808763,20,4,400,1,5
60,765278843507325359,20,4,400,0,0
60,633952480280773513,20,4,400,0,1
60,832617894832568563,20,4,400,2,6
60,648508948744494287,20,4,400,1,2
60,729614226676903759,20,4,400,1,2
60,638457329414495957,20,4,400,0,2
60,590778120122789279,20,4,400,0,0
60,788609175640531019,20,4,400,0,3
60,613680735842184137,20,4,400,0,0
60,758654617940748401,20,4,400,0,2
60,671636352097533503,20,4,400,1,3
60,664591056173054839,20,4,400,0,3
60,819215949378452623,20,4,400,2,6
60,686902788598418659,20,4,400,1,1
60,603178025538556339,20,4,400,0,0
60,1102627263005674349,20,4,400,0,6
60,892056421049610107,20,4,400,1,2
60,673576184056856347,20,4,400,0,0
60,857769672719963041,20,4,400,2,4
60,829331724159426847,20,4,400,2,15
60,705363834369743041,20,4,400,0,0
60,787249266743673791,20,4,400,0,5
60,601870786735317809,20,4,400,0,0
60,587441177878827463,20,4,400,0,0
60,596997271366897147,20,4,400,0,0
60,836486009159245097,20,4,400,0,2
60,618858090194763737,20,4,400,0,0
60,761527256722012763,20,4,400,0,1
60,597286159604911199,20,4,400,0,0
60,1079583288779189683,20,4,400,0,1
60,911547543487515007,20,4,400,2,12
60,782264821040495963,20,4,400,0,5
60,655715883913871531,20,4,400,0,0
60,655703281549807571,20,4,400,0,3
60,785663183189427913,20,4,400,0,1
60,1116246273826569551,20,4,400,0,0
60,630426324125894249,20,4,400,0,3
60,857360057206723687,20,4,400,1,1
60,895461390470045219,20,4,400,0,0
60,794198289273004409,20,4,400,0,0
60,578455164907893193,20,4,400,0,0
60,858235166366725547,20,4,400,1,2
60,716035847909172913,20,4,400,0,0
60,772954202915085049,20,4,400,1,2
60,826609585208086363,20,4,400,0,0
60,613328521963738391,20,4,400,0,1
60,809782551698550119,20,4,400,0,0
60,601505437986745793,20,4,400,1,4
60,781477151881914401,20,4,400,0,2
60,615301000818196877,20,4,400,1,1
60,883644787767393997,20,4,400,2,2
60,721119222758197979,20,4,400,0,0
60,832581692092473749,20,4,400,0,0
60,583361976548121679,20,4,400,1,1
60,643750034026924313,20,4,400,0,2
60,881717502754193029,20,4,400,0,0
60,683642328240459877,20,4,400,5,8
60,686543831339681269,20,4,400,1,2
60,828346803533003957,20,4,400,0,2
60,858489262228216127,20,4,400,1,9
60,1056450183427794517,20,4,400,0,0
60,745445935891826447,20,4,400,0,1
60,590708521840857137,20,4,400,0,3
60,648660937340264257,20,4,400,0,4
60,612828374933164003,20,4,400,1,1
60,1047106694445518587,20,4,400,0,5
60,742930193574352549,20,4,400,0,0
60,717739766078818213,20,4,400,0,3
60,816096423301201619,20,4,400,2,5
60,676717025762855201,20,4,400,0,3
60,766999036538523961,20,4,400,0,0
60,768473643912408769,20,4,400,0,0
60,702346783853863451,20,4,400,6,23
60,725161357956077257,20,4,400,0,0
60,678981960479654683,20,4,400,1,4
60,624274788900025649,20,4,400,0,2
60,710176857144751837,20,4,400,0,0
60,1039940896644378683,20,4,400,0,1
60,789535333297175681,20,4,400,0,3
60,747000153626094059,20,4,400,0,0
60,777100011366868219,20,4,400,1,4
60,676328647768838777,20,4,400,2,2
60,636864733768164673,20,4,400,0,5
60,899260199567426237,20,4,400,2,6
60,639987519724672213,20,4,400,2,5
60,912213631224826309,20,4,400,0,0
60,730123264785580229,20,4,400,0,1
60,929523065926974439,20,4,400,2,5
60,645944210519873677,20,4,400,0,0
60,1055905655672336551,20,4,400,3,4
60,835558844234975423,20,4,400,1,12
60,938742157535367799,20,4,400,0,1
60,591907849716591607,20,4,400,0,0
60,940138551909724679,20,4,400,0,0
60,853361671106215699,20,4,400,0,0
60,851609111280971639,20,4,400,1,10
60,658905729441028501,20,4,400,1,2
60,681106541970325459,20,4,400,1,3
60,878449848141106289,20,4,400,1,1
60,696888545990317117,20,4,400,0,0
60,998380297919787091,20,4,400,0,1
60,806185973068776701,20,4,400,0,4
60,809899056397191389,20,4,400,2,4
60,974227707916512971,20,4,400,0,1
60,593090252620192181,20,4,400,2,8
60,619645101472289617,20,4,400,0,0
60,587639923590010693,20,4,400,0,1
60,627622255057835381,20,4,400,0,0
60,956289591793865899,20,4,400,2,3
60,659441704878629989,20,4,400,2,3
60,710724186068637581,20,4,400,1,7
60,986854625759745569,20,4,400,0,1
60,585390463723694261,20,4,400,1,8
60,1067427256982832763,20,4,400,0,0
60,683838084245252483,20,4,400,0,0
60,712382159341598021,20,4,400,0,0
60,836452017563206991,20,4,400,0,1
60,761810158408571813,20,4,400,0,0
60,709950234807626731,20,4,400,0,2
60,958554650312869823,20,4,400,0,2
60,972158087647739459,20,4,400,1,6
60,585294239243702741,20,4,400,1,1
60,650514811295437481,20,4,400,2,2
60,582308828515543273,20,4,400,0,0
60,931159407868559729,20,4,400,0,0
60,721248669924992827,20,4,400,0,10
60,792179426691885341,20,4,400,0,0
60,741214905784936321,20,4,400,0,0
60,652981285071669373,20,4,400,1,1
60,690959143050612467,20,4,400,0,1
60,718104169325173619,20,4,400,0,2
60,712641221556682597,20,4,400,0,1
60,613987685260736279,20,4,400,0,1
60,851170550221707281,20,4,400,0,3
60,894008167911424831,20,4,400,0,4
60,612076522002784193,20,4,400,0,3
60,897462767956552339,20,4,400,0,2
60,799530052523693983,20,4,400,0,0
60,808203062504079659,20,4,400,0,0
60,605571632787533123,20,4,400,1,6
60,662305495254087007,20,4,400,1,1
60,701642104459216493,20,4,400,0,0
60,581509309030200937,20,4,400,0,1
60,794975091051922117,20,4,400,0,2
60,611944197525067601,20,4,400,0,18
60,672121957913368981,20,4,400,0,0
60,1010571528678469003,20,4,400,0,3
60,723199724379604711,20,4,400,0,2
60,762104143033575757,20,4,400,0,1
60,860093725368382367,20,4,400,0,5
60,937220573629734091,20,4,400,0,0
60,593066490909305531,20,4,400,1,4
60,642403929142362817,20,4,400,0,0
60,712686156778243523,20,4,400,0,5
60,1030823560303669739,20,4,400,2,2
60,731036913672437497,20,4,400,0,0
60,796290940650008371,20,4,400,1,4
60,719725639950372269,20,4,400,0,2
60,937933794058468297,20,4,400,0,0
60,901309975872912289,20,4,400,3,11
60,612688634273987441,20,4,400,1,1
60,659278815313321751,20,4,400,0,0
60,734311214949742307,20,4,400,1,2
60,825325710219394757,20,4,400,0,0
60,697125062523623603,20,4,400,2,7
60,830621508607881761,20,4,400,0,0
60,840507566508548677,20,4,400,2,10
60,1000566776908769671,20,4,400,1,7
60,587268463483427291,20,4,400,0,2
60,893074623951499351,20,4,400,1,2
60,609481603451052523,20,4,400,0,1
60,597750873272387543,20,4,400,1,2
60,775509977308773331,20,4,400,1,7
60,726815820506649353,20,4,400,1,2
60,794843999312938181,20,4,400,0,7
60,807346327648596839,20,4,400,1,1
60,903874947629428571,20,4,400,0,1
60,754698190250122829,20,4,400,1,2
60,1037973694456181557,20,4,400,0,3
60,662859540101427037,20,4,400,0,1
60,671803067355875531,20,4,400,0,1
60,776313907485012431,20,4,400,0,0
60,852453397848436541,20,4,400,0,2
60,796350538929821353,20,4,400,0,1
60,641562590453587597,20,4,400,0,0
60,895368985250837753,20,4,400,1,2
60,609882396768446449,20,4,400,1,5
60,660746833706336737,20,4,400,2,2
60,586938600226060193,20,4,400,2,5
60,738553505479189991,20,4,400,0,0
60,688053016424313583,20,4,400,0,1
60,603054207697738843,20,4,400,2,6
60,736309501532778071,20,4,400,0,1
60,796313437393162321,20,4,400,0,0
60,833911579399078109,20,4,400,4,6
60,829397244271196467,20,4,400,0,3
60,1107763290334760009,20,4,400,0,0
60,617285839755451159,20,4,400,1,4
60,769628111257293881,20,4,400,0,0
60,996941418804458129,20,4,400,0,0
60,915303101053690501,20,4,400,1,2
60,926538132740557919,20,4,400,0,6
60,691616639015712677,20,4,400,0,0
60,623139775271027191,20,4,400,1,4
60,777351114014579513,20,4,400,1,4
60,629785709614368127,20,4,400,2,8
60,635242977981152449,20,4,400,1,4
60,708022930219554883,20,4,400,1,5
60,844607351459297693,20,4,400,1,1
60,723447280181183479,20,4,400,2,9
60,913261643174267251,20,4,400,0,0
60,732879000430017547,20,4,400,0,0
60,843252818059759973,20,4,400,3,5
60,594751559744134763,20,4,400,0,2
60,963047071765281071,20,4,400,0,0
60,707737923501087821,20,4,400,0,1
60,821100932617942583,20,4,400,1,3
60,894821654502704527,20,4,400,1,2
60,820842411539441911,20,4,400,0,3
60,642401928128102773,20,4,400,1,3
60,975586445713570409,20,4,400,0,0
60,893137596497921081,20,4,400,0,0
60,716742754917539747,20,4,400,0,0
60,678648184300725487,20,4,400,0,1
60,760498910963464831,20,4,400,1,2
60,1056754645885216099,20,4,400,0,0
60,799807057382085617,20,4,400,0,0
60,945790458126853117,20,4,400,0,1
60,688624178087821537,20,4,400,1,2
60,929539324429169731,20,4,400,0,2
60,950986643684236183,20,4,400,0,1
60,1060978615169474773,20,4,400,1,4
50,611626162835993,17,4,289,0,2
50,907130693775587,17,4,289,2,2
50,716538907641563,17,4,289,3,7
50,676997935295849,17,4,289,6,9
50,913985239534691,17,4,289,3,4
50,747634499695651,17,4,289,4,6
50,696379067515423,17,4,289,0,1
50,726568002031919,17,4,289,1,3
50,630508040601277,17,4,289,0,2
50,647188754642939,17,4,289,4,18
50,686178337084241,17,4,289,3,6
50,748988095664527,17,4,289,3,11
50,579087996395171,17,4,289,3,7
50,792907549107127,17,4,289,1,1
50,620990421036379,17,4,289,7,12
50,967228777248989,17,4,289,4,5
50,606522965927863,17,4,289,12,33
50,672440516228233,17,4,289,2,2
50,791360165006449,17,4,289,7,13
50,669171931866973,17,4,289,1,3
50,1040164233845761,17,4,289,0,1
50,871084471614041,17,4,289,6,12
50,653199992811493,17,4,289,0,0
50,629199910323847,17,4,289,0,0
50,721857449722169,17,4,289,2,4
50,803164656168871,17,4,289,0,0
50,1037061733009723,17,4,289,2,6
50,820186919361749,17,4,289,4,10
50,924952263584539,17,4,289,3,6
50,787394162484029,17,4,289,0,1
50,623035719655967,17,4,289,3,5
50,836816170119707,17,4,289,1,3
50,683048537534633,17,4,289,1,1
50,623552630685349,17,4,289,3,7
50,734826473676707,17,4,289,0,0
50,612156486065011,17,4,289,0,0
50,731795192554703,17,4,289,0,0
50,570617768006137,17,4,289,1,1
50,827485005637993,17,4,289,2,2
50,767075754588257,17,4,289,2,4
50,650317668595033,17,4,289,0,0
50,668851853060437,17,4,289,3,5
50,688611337406501,17,4,289,1,3
50,967165591259213,17,4,289,2,5
50,889728147202471,17,4,289,2,2
50,609906335287831,17,4,289,5,8
50,567815549404991,17,4,289,4,4
50,737643363161647,17,4,289,2,7
50,602265538914803,17,4,289,6,13
50,942646372729319,17,4,289,2,2
50,952874886615073,17,4,289,3,14
50,805584303895121,17,4,289,1,1
50,911443706253221,17,4,289,0,0
50,764776689533327,17,4,289,1,1
50,577245684416909,17,4,289,1,1
50,695522748802177,17,4,289,2,4
50,674028594578201,17,4,289,2,2
50,593681521343497,17,4,289,1,2
50,611523251932133,17,4,289,5,8
50,756757812594793,17,4,289,2,4
50,995450998742873,17,4,289,3,6
50,745931138296027,17,4,289,0,1
50,709389301318471,17,4,289,3,6
50,814204012035371,17,4,289,4,12
50,905484812890967,17,4,289,1,1
50,700795696829849,17,4,289,5,8
50,668032879005299,17,4,289,0,0
50,831317380142213,17,4,289,4,8
50,569261269412447,17,4,289,0,0
50,768037409368517,17,4,289,0,0
50,915925766842061,17,4,289,0,4
50,651942717415573,17,4,289,2,2
50,735998580021311,17,4,289,0,2
50,851570871474277,17,4,289,0,1
50,776373687148151,17,4,289,1,1
50,990525494816251,17,4,289,7,14
50,620097918609331,17,4,289,8,16
50,582834779063861,17,4,289,0,0
50,566406849670951,17,4,289,2,5
50,574600249028297,17,4,289,2,2
50,609874867990361,17,4,289,5,6
50,717092532939707,17,4,289,2,8
50,627051877619659,17,4,289,2,4
50,884131800507071,17,4,289,6,13
50,936807594098939,17,4,289,3,11
50,741303122238169,17,4,289,0,0
50,855045017624737,17,4,289,2,2
50,661073618513807,17,4,289,4,10
50,665936642302027,17,4,289,0,0
50,866975017728913,17,4,289,0,0
50,624922988179433,17,4,289,2,2
50,725203887861251,17,4,289,2,5
50,572946308507107,17,4,289,1,1
50,577614492784531,17,4,289,5,13
50,573041518796927,17,4,289,2,5
50,765850196442301,17,4,289,1,5
50,828121355510723,17,4,289,8,18
50,793869080351689,17,4,289,2,5
50,895636481232953,17,4,289,6,9
50,723424200681251,17,4,289,3,7
50,880676309202419,17,4,289,0,0
50,758372563082539,17,4,289,1,1
50,584207383784347,17,4,289,1,2
50,775492464755543,17,4,289,3,12
50,796178744977549,17,4,289,3,12
50,868407939472537,17,4,289,0,1
50,616453221761257,17,4,289,1,4
50,909196995875237,17,4,289,0,0
50,882134909674757,17,4,289,3,7
50,683640494734007,17,4,289,2,3
50,585201401302057,17,4,289,6,23
50,772217585235683,17,4,289,1,4
50,755654231384837,17,4,289,6,12
50,660577555467559,17,4,289,1,6
50,574855518035009,17,4,289,0,0
50,625907273194319,17,4,289,2,3
50,613615719316381,17,4,289,0,0
50,693185041043711,17,4,289,2,4
50,680006247082237,17,4,289,0,0
50,720223305360761,17,4,289,0,0
50,599449226881607,17,4,289,3,8
50,1031630604130411,17,4,289,2,2
50,594936313622149,17,4,289,1,1
50,782647745534147,17,4,289,1,8
50,751277659278859,17,4,289,2,2
50,834685949680459,17,4,289,3,5
50,795591727213337,17,4,289,0,0
50,803748992522999,17,4,289,1,4
50,741524394550237,17,4,289,0,2
50,685397745638069,17,4,289,0,1
50,601742627398369,17,4,289,5,14
50,591217899194281,17,4,289,3,3
50,731391427565423,17,4,289,1,4
50,635264624668337,17,4,289,2,4
50,603792632292581,17,4,289,2,2
50,595972032836113,17,4,289,0,1
50,724152973844029,17,4,289,2,3
50,619179593026237,17,4,289,4,7
50,997021765411207,17,4,289,2,5
50,755304117666337,17,4,289,1,4
50,596532334947187,17,4,289,0,0
50,620720508049337,17,4,289,0,0
50,689216947525237,17,4,289,2,9
50,608617053479873,17,4,289,1,6
50,882067287717797,17,4,289,1,1
50,607037967872057,17,4,289,0,0
50,591886673777863,17,4,289,1,2
50,662054547893873,17,4,289,1,1
50,799533304343171,17,4,289,1,2
50,761514092930257,17,4,289,3,7
50,650437027513499,17,4,289,0,0
50,623346186854969,17,4,289,7,7
50,845184518974931,17,4,289,2,2
50,566225465380717,17,4,289,1,1
50,700576863097381,17,4,289,0,0
50,761000368322501,17,4,289,4,6
50,564332912321441,17,4,289,1,2
50,654957505890007,17,4,289,3,3
50,794945629808123,17,4,289,1,3
50,951436917080029,17,4,289,2,4
50,619860304018363,17,4,289,2,13
50,689453516335799,17,4,289,3,5
50,784617844146971,17,4,289,0,0
50,685344451992259,17,4,289,2,5
50,986063094205759,17,4,289,5,9
50,579635336314781,17,4,289,7,15
50,813638249215171,17,4,289,2,3
50,753853213496909,17,4,289,2,2
50,993874767862189,17,4,289,0,4
50,933810992875573,17,4,289,0,0
50,635718397042987,17,4,289,6,13
50,797615137272329,17,4,289,5,6
50,666350028521669,17,4,289,1,1
50,659368999879193,17,4,289,4,11
50,748810446734963,17,4,289,0,0
50,989450817957799,17,4,289,0,0
50,604207096244399,17,4,289,3,8
50,754812303283867,17,4,289,4,10
50,813324102412973,17,4,289,2,6
50,717882510144817,17,4,289,3,3
50,848971867657411,17,4,289,0,3
50,694455537966691,17,4,289,1,3
50,906765310400629,17,4,289,0,2
50,891601469443429,17,4,289,1,5
50,569319819334447,17,4,289,0,0
50,772103922834529,17,4,289,0,0
50,867941286896477,17,4,289,0,0
50,683830005378067,17,4,289,3,3
50,739641246986183,17,4,289,8,11
50,637323123663103,17,4,289,1,2
50,808677032579791,17,4,289,2,3
50,763816040502269,17,4,289,0,0
50,1010857545733723,17,4,289,5,15
50,786555455913583,17,4,289,3,5
50,1071924754508579,17,4,289,0,3
50,576323799681361,17,4,289,4,12
50,572204120740067,17,4,289,2,3
50,576833699766601,17,4,289,2,5
50,639237617672473,17,4,289,0,1
50,713096589785417,17,4,289,2,4
50,850296706732309,17,4,289,5,13
50,569383938023041,17,4,289,4,11
50,776929689864989,17,4,289,7,32
50,1105622614680839,17,4,289,1,1
50,689290636722739,17,4,289,2,3
50,620812064762621,17,4,289,5,10
50,851994527231273,17,4,289,2,3
50,708109231000393,17,4,289,1,4
50,900812587726603,17,4,289,5,15
50,907985176961333,17,4,289,1,3
50,1045234643042351,17,4,289,4,9
50,675919690413749,17,4,289,1,4
50,630136541291953,17,4,289,2,3
50,632443150708937,17,4,289,3,4
50,761914395052037,17,4,289,0,1
50,584374362889103,17,4,289,3,4
50,598151135839553,17,4,289,2,3
50,568419811236097,17,4,289,2,5
50,762829275187379,17,4,289,0,0
50,759504271864859,17,4,289,7,11
50,694626658228553,17,4,289,1,2
50,652733763405509,17,4,289,3,9
50,725765791063021,17,4,289,1,3
50,738884973111947,17,4,289,3,5
50,635697054526543,17,4,289,7,15
50,597635544497507,17,4,289,2,5
50,757942957901839,17,4,289,1,2
50,935949946171913,17,4,289,4,8
50,578929691408633,17,4,289,2,4
50,592875161718223,17,4,289,4,8
50,656663752275719,17,4,289,0,0
50,566468900872759,17,4,289,1,1
50,787453386450439,17,4,289,1,4
50,745712859579977,17,4,289,2,10
50,886505071215007,17,4,289,5,15
50,780716960206793,17,4,289,0,6
50,761910988919137,17,4,289,1,3
50,787768549665907,17,4,289,0,0
50,609037710987007,17,4,289,3,10
50,700985353801987,17,4,289,1,3
50,708016396917883,17,4,289,2,9
50,696747090778703,17,4,289,3,6
50,835098974565209,17,4,289,4,5
50,743431521603431,17,4,289,0,1
50,616535176994483,17,4,289,0,2
50,838495702418443,17,4,289,0,0
50,857384241324509,17,4,289,3,9
50,846827934613553,17,4,289,0,0
50,898741456685297,17,4,289,0,0
50,841648147111003,17,4,289,5,12
60,584552995602074207,20,4,400,4,8
60,655840501492562447,20,4,400,1,1
60,995859037578955141,20,4,400,1,3
60,920961957095078161,20,4,400,1,6
60,815388069614132689,20,4,400,0,1
60,845854529098934567,20,4,400,0,0
60,811022297516666597,20,4,400,0,1
60,624826668544398497,20,4,400,0,8
60,833907614047842877,20,4,400,0,0
60,785525751368472791,20,4,400,0,0
60,588660921271555567,20,4,400,1,1
60,868528198892114681,20,4,400,3,12
60,583740080161591321,20,4,400,1,4
60,849294634177238611,20,4,400,0,2
60,786495031970412221,20,4,400,0,4
60,599368713922830301,20,4,400,0,1
60,1017341819547895483,20,4,400,0,1
60,944642841927092479,20,4,400,0,0
60,634911229232236961,20,4,400,1,8
60,926427226237626977,20,4,400,0,0
60,771137026992907829,20,4,400,1,2
60,676794892762213343,20,4,400,1,2
60,923852186639561791,20,4,400,1,1
60,862274520454525469,20,4,400,2,6
60,813996199823796083,20,4,400,0,0
60,588802841374433341,20,4,400,0,1
60,860253392829186371,20,4,400,0,1
60,663575543877183961,20,4,400,1,12
60,918740993832819097,20,4,400,1,2
60,579042762218103307,20,4,400,0,0
60,743657577582298199,20,4,400,0,1
60,590159197952586929,20,4,400,0,3
60,723431100374895047,20,4,400,1,3
60,707531110422452791,20,4,400,0,1
60,864491428552885423,20,4,400,0,0
60,771172542984694217,20,4,400,0,0
60,758546988930235189,20,4,400,0,1
60,630494063618534491,20,4,400,0,1
60,925561863391935907,20,4,400,0,5
60,653357615605671437,20,4,400,1,8
60,794474035743446551,20,4,400,0,7
60,683001089673709237,20,4,400,1,1
60,686639189095554397,20,4,400,1,6
60,991333153984378477,20,4,400,0,4
60,1083717832961392201,20,4,400,1,3
60,678043670120499877,20,4,400,0,2
60,764352825297509093,20,4,400,0,1
60,615290488109368411,20,4,400,1,3
60,656182620521495633,20,4,400,0,0
60,805264390889067947,20,4,400,0,5
60,1026649285291913821,20,4,400,1,1
60,856178348990612699,20,4,400,0,1
60,737764974133467473,20,4,400,0,6
60,1091630239077299951,20,4,400,0,0
60,594581458568186417,20,4,400,1,1
60,869847352841393471,20,4,400,1,2
60,678532984460030431,20,4,400,0,0
60,870490231954034821,20,4,400,0,0
60,671896864761338677,20,4,400,2,2
60,631758367783198759,20,4,400,1,3
60,742375855165587403,20,4,400,1,4
60,681244421696529601,20,4,400,0,1
60,1047976802121297863,20,4,400,1,1
60,1033852293957623537,20,4,400,0,0
60,594531082511990537,20,4,400,0,0
60,749269572856970609,20,4,400,0,1
60,604037101024182149,20,4,400,1,1
60,860423226154466549,20,4,400,0,0
60,951137044132394731,20,4,400,2,2
60,581552495195282747,20,4,400,2,5
60,733330907315199311,20,4,400,1,8
60,668189723454288943,20,4,400,0,1
60,666591415005544271,20,4,400,2,2
60,590932777122289963,20,4,400,0,0
60,596868268515780731,20,4,400,0,0
60,675871252883243569,20,4,400,2,3
60,609766956954672943,20,4,400,0,0
60,660481996730861233,20,4,400,1,1
60,711496819125626603,20,4,400,1,4
60,657800451122719363,20,4,400,4,7
60,967797811031404747,20,4,400,0,0
60,661539286572405797,20,4,400,0,0
60,1123348462996460557,20,4,400,0,1
60,585609636451746857,20,4,400,1,8
60,594986491402524713,20,4,400,0,3
60,758638022348761969,20,4,400,0,0
60,644705514214156943,20,4,400,0,0
60,717472446311396431,20,4,400,1,3
60,705069361604107729,20,4,400,0,1
60,863530299357082979,20,4,400,2,9
60,747337848818941333,20,4,400,0,2
60,892333881995090537,20,4,400,0,6
60,1053126633772699133,20,4,400,0,0
60,747747975225927037,20,4,400,0,2
60,1038994784485299151,20,4,400,0,0
60,678708431325594227,20,4,400,0,0
60,672602428445911519,20,4,400,2,4
60,685683849733518619,20,4,400,0,1
60,594800086419338029,20,4,400,0,0
60,635284425889265219,20,4,400,0,0
60,582739332187624523,20,4,400,0,2
60,732755957762132413,20,4,400,3,3
60,781486867749214001,20,4,400,3,4
60,641112643597995923,20,4,400,0,4
60,576968186552838991,20,4,400,0,0
60,791079022969703131,20,4,400,1,4
60,839158758434705767,20,4,400,0,1
60,681350625766710059,20,4,400,1,5
60,984681144292365199,20,4,400,0,0
60,823975710982446017,20,4,400,0,3
60,799632882080153431,20,4,400,3,8
60,688858178502338723,20,4,400,1,5
60,765052495415676473,20,4,400,0,1
60,747757799364365813,20,4,400,0,1
60,788522658377852249,20,4,400,1,3
60,691865276512550209,20,4,400,0,0
60,861410581975053281,20,4,400,0,2
60,743595772608751697,20,4,400,0,0
60,644556951835674671,20,4,400,2,7
60,915302061181411637,20,4,400,0,2
60,774573495831979253,20,4,400,1,2
60,609590924227280339,20,4,400,0,5
60,921679698814000187,20,4,400,0,0
60,592484325080297303,20,4,400,2,12
60,671763125742300733,20,4,400,0,3
60,712278866026666759,20,4,400,1,1
60,925128898591090979,20,4,400,3,5
60,1011351414784295251,20,4,400,0,1
60,716025827855441071,20,4,400,0,0
60,598700427784761667,20,4,400,0,1
60,649221983764560307,20,4,400,0,0
60,591309993824918297,20,4,400,1,4
60,729512231655937571,20,4,400,0,2
60,580517160594826489,20,4,400,1,2
60,1052950568777483809,20,4,400,0,0
60,636880316753362459,20,4,400,0,0
60,672080972012157173,20,4,400,0,1
60,592049573884385801,20,4,400,0,2
60,583795464653624411,20,4,400,3,3
60,932366944570550017,20,4,400,0,0
60,877362826527100649,20,4,400,2,2
60,798696066681533701,20,4,400,0,0
60,927716920536484921,20,4,400,0,0
60,904122482025228149,20,4,400,0,1
60,607063175390694721,20,4,400,0,7
60,671363361367047499,20,4,400,3,4
60,594060785851197241,20,4,400,2,5
60,631629983976996569,20,4,400,0,2
60,752795365122677339,20,4,400,4,16
60,653356382513141603,20,4,400,0,1
60,862397364016991809,20,4,400,1,3
60,665727565123238263,20,4,400,0,0
60,596982944303111701,20,4,400,3,7
60,605840608843054363,20,4,400,1,4
60,617559082613914351,20,4,400,2,4
60,899554737542573129,20,4,400,0,3
60,665928640998294293,20,4,400,0,0
60,612348971064497509,20,4,400,0,0
60,579992933533660253,20,4,400,4,10
60,654274207413627137,20,4,400,0,2
60,753388236370575461,20,4,400,0,0
60,798643257275065529,20,4,400,1,3
60,891867218319209317,20,4,400,0,8
60,976644255824474491,20,4,400,0,0
60,738934184830580923,20,4,400,0,0
60,852960274829640779,20,4,400,1,1
60,749782563459609671,20,4,400,0,0
60,579015315015841201,20,4,400,0,5
60,730827059176016797,20,4,400,0,0
60,661180985000918227,20,4,400,0,2
60,847707011839112947,20,4,400,1,2
60,750097004135876827,20,4,400,1,7
60,912307302002526259,20,4,400,0,0
60,824681808766846333,20,4,400,0,6
60,600451345297201903,20,4,400,0,3
60,856597628347356461,20,4,400,0,3
60,583066185502841659,20,4,400,0,0
60,726896866316511893,20,4,400,0,1
60,1030494463751564827,20,4,400,0,0
60,685169773863210959,20,4,400,0,2
60,796219836967152593,20,4,400,0,1
60,843895147133585039,20,4,400,0,0
60,874161351260034367,20,4,400,1,2
60,715338141241409443,20,4,400,1,2
60,747778673251834949,20,4,400,0,0
60,607333861444272299,20,4,400,1,3
60,948750965044812859,20,4,400,0,4
60,680209008470208733,20,4,400,1,6
60,864974307129736429,20,4,400,2,4
60,759197703785985301,20,4,400,0,8
60,580612141760517071,20,4,400,2,2
60,657375628207312543,20,4,400,0,1
60,583260850959858131,20,4,400,0,0
60,849030161458747831,20,4,400,0,0
60,587081264213211731,20,4,400,1,2
60,730883343804769343,20,4,400,0,2
60,629344439611083173,20,4,400,0,0
60,600557344081382119,20,4,400,0,0
60,616759351066054817,20,4,400,0,0
60,772269924095025437,20,4,400,1,2
60,983274017212152647,20,4,400,2,4
60,850773069329133211,20,4,400,1,1
60,1021482194216713961,20,4,400,0,0
60,581990137837942193,20,4,400,0,0
60,659050092832683551,20,4,400,0,0
60,743648773598500183,20,4,400,1,1
60,810821284382422441,20,4,400,1,3
60,643922624644154563,20,4,400,0,1
60,757301393612838433,20,4,400,0,0
60,829298919282304013,20,4,400,0,0
60,680862761732036959,20,4,400,0,1
60,639251816352893593,20,4,400,0,7
60,622089270294890063,20,4,400,0,0
60,698748359994508261,20,4,400,0,0
60,585922493969712239,20,4,400,1,3
60,755329840482022087,20,4,400,2,4
60,667202334291408017,20,4,400,0,3
60,673403901672230117,20,4,400,1,1
60,598728072771097411,20,4,400,3,9
60,672172903740868039,20,4,400,0,1
60,691641337361294461,20,4,400,0,0
60,1069847003128270607,20,4,400,0,1
60,592654929751269271,20,4,400,2,3
60,857562533365271897,20,4,400,0,0
60,717288028434523243,20,4,400,0,1
60,700090736611567747,20,4,400,0,1
60,804391503178245233,20,4,400,0,2
60,583872445184159179,20,4,400,5,9
60,635686233999539579,20,4,400,1,1
60,671183076383079959,20,4,400,0,2
60,698305023696010781,20,4,400,0,0
60,712603968250959871,20,4,400,0,0
60,681355384869133399,20,4,400,1,2
60,754867496567141339,20,4,400,4,10
60,681071814681230507,20,4,400,1,4
60,623556501280884001,20,4,400,3,4
60,736168705673525941,20,4,400,3,8
60,702188237558647579,20,4,400,0,0
60,581816583533778701,20,4,400,0,3
60,578113676729396267,20,4,400,0,1
60,581961014778240023,20,4,400,2,5
60,693225763115270717,20,4,400,0,1
60,769152881259603769,20,4,400,1,2
60,765980162328891659,20,4,400,0,2
60,591481180221737671,20,4,400,0,0
60,709439093925664657,20,4,400,0,0
60,763866033908185889,20,4,400,0,3
60,678468493660305233,20,4,400,1,9
60,837387059061706771,20,4,400,0,1
60,738812594028369457,20,4,400,0,4
50,730366914758267,17,4,289,5,13
50,772000076980177,17,4,289,4,5
50,637717791749197,17,4,289,0,1
50,832690869618791,17,4,289,2,8
50,879519367264033,17,4,289,1,4
50,900208239584989,17,4,289,1,10
50,768433736108069,17,4,289,1,7
50,934208669676389,17,4,289,0,0
50,627105184784609,17,4,289,3,6
50,620659935217459,17,4,289,0,1
50,949323612511217,17,4,289,2,2
50,682281702937183,17,4,289,1,1
50,802205923075169,17,4,289,8,23
50,684418705201559,17,4,289,1,5
50,856522701773003,17,4,289,2,3
50,609402212459717,17,4,289,1,2
50,819641727696229,17,4,289,1,3
50,832665676274843,17,4,289,2,4
50,612394987556137,17,4,289,2,6
50,592524096848393,17,4,289,1,1
50,881540365750087,17,4,289,3,3
50,874679920781011,17,4,289,13,32
50,735000103878973,17,4,289,6,6
50,734735946326867,17,4,289,9,14
50,1005283389815729,17,4,289,5,22
50,800099631945919,17,4,289,2,3
50,679718902778249,17,4,289,0,0
50,712740567418361,17,4,289,3,4
50,897000454605067,17,4,289,4,8
50,670008291981803,17,4,289,1,2
50,811662131185853,17,4,289,2,5
50,768629425655419,17,4,289,1,1
50,645128948336017,17,4,289,0,0
50,739856979003017,17,4,289,3,8
50,707100521489917,17,4,289,1,1
50,595182427981667,17,4,289,2,5
50,597994165560821,17,4,289,0,1
50,667987608424757,17,4,289,0,0
50,720032379712739,17,4,289,5,17
50,816739312672399,17,4,289,3,10
50,708834781974973,17,4,289,2,4
50,771542140706543,17,4,289,0,1
50,911149602695789,17,4,289,5,24
50,593306909503421,17,4,289,3,10
50,810184048711801,17,4,289,1,2
50,844177531375907,17,4,289,1,6
50,656842796353019,17,4,289,8,18
50,930711704269621,17,4,289,0,0
50,575333923573879,17,4,289,2,3
50,760607828770351,17,4,289,3,6
50,625130161989097,17,4,289,4,6
50,875870728759219,17,4,289,1,6
50,584798144436559,17,4,289,1,2
50,666791112266729,17,4,289,0,3
50,676912249447453,17,4,289,2,4
50,796924552807717,17,4,289,0,0
50,643189291883279,17,4,289,1,4
50,1004740999141001,17,4,289,2,9
50,820558358399863,17,4,289,0,4
50,829816787174069,17,4,289,0,1
50,597193964897371,17,4,289,2,2
50,792033592262293,17,4,289,1,1
50,933684913461103,17,4,289,0,0
50,597184435386823,17,4,289,2,8
50,610450236262571,17,4,289,11,20
50,1005697081799621,17,4,289,1,3
50,645460469015287,17,4,289,0,0
50,769356662875397,17,4,289,1,2
50,590465826132353,17,4,289,3,3
50,604188040932331,17,4,289,1,1
50,950667192502141,17,4,289,0,3
50,683376181336333,17,4,289,3,10
50,801700957790599,17,4,289,0,2
50,815310508348513,17,4,289,2,5
50,761139683624989,17,4,289,0,1
50,1006811198084801,17,4,289,0,0
50,652090128180011,17,4,289,5,9
50,741206092180661,17,4,289,2,9
50,904475575899391,17,4,289,0,0
50,1002897053214743,17,4,289,0,1
50,606317274837623,17,4,289,1,7
50,629868248406431,17,4,289,0,1
50,624564729374381,17,4,289,1,1
50,583287176390549,17,4,289,0,0
50,1069388778645023,17,4,289,1,4
50,665617633734589,17,4,289,0,0
50,844536102341791,17,4,289,1,3
50,923213203254977,17,4,289,2,7
50,725544171906089,17,4,289,2,2
50,802260123192403,17,4,289,0,0
50,629703144148061,17,4,289,1,1
50,700608806444033,17,4,289,0,1
50,773497807253029,17,4,289,0,0
50,598188451724069,17,4,289,1,2
50,565033939278827,17,4,289,1,1
50,570057175021739,17,4,289,1,2
50,742598054416399,17,4,289,1,3
50,772258895165929,17,4,289,7,16
50,1060965448326761,17,4,289,3,6
50,701598174625547,17,4,289,0,0
50,835538120693819,17,4,289,4,7
50,657939210534457,17,4,289,2,4
50,713574752991643,17,4,289,3,7
50,885725326654169,17,4,289,0,0
50,602585928907951,17,4,289,2,3
50,728822361938893,17,4,289,0,0
50,979709392755839,17,4,289,1,1
50,593834990605547,17,4,289,2,8
50,651515485298459,17,4,289,2,4
50,932727818842283,17,4,289,3,5
50,947624351191237,17,4,289,1,1
50,998571600865247,17,4,289,1,3
50,967891722453437,17,4,289,0,0
50,696920629301957,17,4,289,1,1
50,912820522302869,17,4,289,6,9
50,596411115192037,17,4,289,2,5
50,952272714553229,17,4,289,2,5
50,937684563215639,17,4,289,0,0
50,723453240640913,17,4,289,2,6
50,684677475060539,17,4,289,2,6
50,700217401819139,17,4,289,6,15
50,641587163006191,17,4,289,0,0
50,968175806993441,17,4,289,0,0
50,754724700916367,17,4,289,1,2
50,814861740409397,17,4,289,4,11
50,766365008808071,17,4,289,3,6
50,615535704481667,17,4,289,4,6
50,797702146419847,17,4,289,5,10
50,874170182339591,17,4,289,5,9
50,667223226772321,17,4,289,4,11
50,737510239263103,17,4,289,7,9
50,575557948563847,17,4,289,3,4
50,868786351586969,17,4,289,7,22
50,822584916259181,17,4,289,3,3
50,751319050101859,17,4,289,0,1
50,896168765891159,17,4,289,0,0
50,736852869981763,17,4,289,0,2
50,727907914337269,17,4,289,2,3
50,697591600849789,17,4,289,1,2
50,903355942578941,17,4,289,1,8
50,744128901889511,17,4,289,1,5
50,806015742941711,17,4,289,0,3
50,654114289737523,17,4,289,0,0
50,653522440487561,17,4,289,2,3
50,917747812426223,17,4,289,0,0
50,600355634685529,17,4,289,2,5
50,672156540270379,17,4,289,1,1
50,694860851211407,17,4,289,1,4
50,771041675173349,17,4,289,1,1
50,632375432208473,17,4,289,1,2
50,616877109380611,17,4,289,3,7
50,799506498387503,17,4,289,7,17
50,969055086958303,17,4,289,3,10
50,814195472681249,17,4,289,5,6
50,571352742255241,17,4,289,0,0
50,640538900171333,17,4,289,1,7
50,608244359404867,17,4,289,1,1
50,789993086452363,17,4,289,2,4
50,960210119675867,17,4,289,3,5
50,583769788188011,17,4,289,2,2
50,632821464956977,17,4,289,1,4
50,582240677447497,17,4,289,4,5
50,772731233608891,17,4,289,2,4
50,715559304731857,17,4,289,2,5
50,674402021429533,17,4,289,0,0
50,711923476196243,17,4,289,0,0
50,684564399814901,17,4,289,7,16
50,736874706347399,17,4,289,1,1
50,897343222787651,17,4,289,2,3
50,709822807498243,17,4,289,2,5
50,591610731457313,17,4,289,1,1
50,785591749569677,17,4,289,3,3
50,767950845085049,17,4,289,6,14
50,756369182108857,17,4,289,1,3
50,667797503787923,17,4,289,0,0
50,949201912433771,17,4,289,1,1
50,1026846702626707,17,4,289,1,2
50,765394459886029,17,4,289,0,0
50,755989366451873,17,4,289,0,0
50,690468038646307,17,4,289,3,5
50,897187506474013,17,4,289,0,0
50,761082072767479,17,4,289,2,3
50,750527897488183,17,4,289,0,2
50,617664564724673,17,4,289,2,9
50,725527825257047,17,4,289,0,0
50,607195118965333,17,4,289,5,6
50,840544057931857,17,4,289,1,5
50,615467243811089,17,4,289,1,3
50,771400845838187,17,4,289,3,6
50,690388016302757,17,4,289,0,1
50,572901006975091,17,4,289,0,0
50,814417271830367,17,4,289,2,4
50,620510739964613,17,4,289,2,5
50,672180117072731,17,4,289,3,6
50,794335654093367,17,4,289,2,3
50,890680417692839,17,4,289,0,0
50,816211162286483,17,4,289,2,3
50,592806969403307,17,4,289,1,7
50,855249883951733,17,4,289,3,8
50,802681809344179,17,4,289,6,24
50,747230271580861,17,4,289,1,2
50,583318916059091,17,4,289,3,4
50,740306141203883,17,4,289,1,4
50,738735764953343,17,4,289,1,1
50,586361864344871,17,4,289,2,5
50,641500498271657,17,4,289,1,2
50,838785595248569,17,4,289,2,7
50,651988254856801,17,4,289,3,6
50,760707932852689,17,4,289,1,3
50,678678525495077,17,4,289,0,3
50,713014340664517,17,4,289,0,0
50,852111842274851,17,4,289,0,2
50,673366357729609,17,4,289,0,0
50,663721032322627,17,4,289,8,14
50,805216811745253,17,4,289,1,4
50,728177254758137,17,4,289,1,1
50,817258003561091,17,4,289,2,3
50,714505635806197,17,4,289,1,4
50,808034035444859,17,4,289,0,0
50,621941088199237,17,4,289,0,0
50,643577673711871,17,4,289,1,1
50,982758216986141,17,4,289,0,1
50,572047859500027,17,4,289,9,15
50,756385985694299,17,4,289,2,7
50,693085758550333,17,4,289,0,0
50,587497349662283,17,4,289,2,3
50,746298513076481,17,4,289,5,10
50,676925773453537,17,4,289,1,4
50,587015889203197,17,4,289,1,6
50,810315522070051,17,4,289,2,8
50,705057442690361,17,4,289,3,3
50,643814719191359,17,4,289,3,3
50,640131487442747,17,4,289,1,3
50,601314966667027,17,4,289,2,2
50,569313067227053,17,4,289,0,2
50,736780855548643,17,4,289,2,3
50,597214103404777,17,4,289,2,2
50,1024790308565329,17,4,289,2,3
50,598368573543161,17,4,289,4,7
50,813642606356143,17,4,289,0,0
50,849178384666421,17,4,289,0,1
50,779735749711967,17,4,289,0,0
50,872236710869189,17,4,289,4,7
50,773983864639103,17,4,289,2,2
50,1031923388734829,17,4,289,3,4
50,694305501508337,17,4,289,3,4
50,570603793162993,17,4,289,1,3
50,1010528575073861,17,4,289,0,4
50,675441593240597,17,4,289,1,3
50,817572892535149,17,4,289,1,2
60,776927632227182873,20,4,400,1,3
60,871529621668810499,20,4,400,3,13
60,600165747672810901,20,4,400,0,1
60,745017072797195069,20,4,400,0,5
60,678649710730358597,20,4,400,0,0
60,804795823895052449,20,4,400,0,0
60,1090605228265665163,20,4,400,2,2
60,794745866575737347,20,4,400,0,1
60,782822228951747473,20,4,400,0,2
60,736645262418154477,20,4,400,0,1
60,749052974567566597,20,4,400,1,2
60,806077282052312071,20,4,400,0,0
60,674655156384010657,20,4,400,1,27
60,751525168436116847,20,4,400,1,1
60,1001979737012426131,20,4,400,0,0
60,1062735035753501569,20,4,400,1,3
60,718749477953679743,20,4,400,1,3
60,627519451177171997,20,4,400,0,2
60,681836099097389389,20,4,400,0,0
60,878794529221184419,20,4,400,1,9
60,981633785052084257,20,4,400,1,4
60,1052641720989415199,20,4,400,0,1
60,897616191009706561,20,4,400,0,5
60,716050729734305807,20,4,400,0,1
60,796090261841332639,20,4,400,2,4
60,617840371292334889,20,4,400,2,3
60,756077680086122561,20,4,400,0,1
60,649387393010376227,20,4,400,0,5
60,881185640922702823,20,4,400,0,0
60,806899847265564517,20,4,400,2,9
60,732466197265829419,20,4,400,0,2
60,599066637185772869,20,4,400,1,4
60,715830797802644431,20,4,400,2,4
60,960891799431966163,20,4,400,1,1
60,601290914347361681,20,4,400,0,0
60,815337434424229039,20,4,400,0,1
60,699870130816712951,20,4,400,0,0
60,621236940090881311,20,4,400,2,4
60,739649899021948427,20,4,400,1,1
60,950305731693508579,20,4,400,0,1
60,738967509325717747,20,4,400,1,5
60,1047231689962139317,20,4,400,1,5
60,719656787994212353,20,4,400,3,5
60,944802259864894061,20,4,400,1,4
60,721296074281056229,20,4,400,2,3
60,598603316027598359,20,4,400,1,1
60,730471978273042699,20,4,400,0,1
60,644467111061054549,20,4,400,2,4
60,681530814367346171,20,4,400,2,3
60,939244817448186593,20,4,400,1,1
60,843381617520885523,20,4,400,0,3
60,725902044178258567,20,4,400,0,7
60,751042208848468039,20,4,400,0,1
60,595908408082366139,20,4,400,3,4
60,621570677738448617,20,4,400,0,15
60,765088927747462301,20,4,400,1,2
60,964896942293166719,20,4,400,0,2
60,722201311944257147,20,4,400,0,1
60,586030475603423743,20,4,400,0,0
60,601057165686774877,20,4,400,3,18
60,613569015029378843,20,4,400,0,0
60,671470359239829937,20,4,400,0,2
60,799822514960395291,20,4,400,1,2
60,725852742224005559,20,4,400,2,12
60,579217231228740677,20,4,400,0,1
60,747312593483072549,20,4,400,1,2
60,755005983501611129,20,4,400,0,4
60,827506231895901167,20,4,400,1,3
60,687550234440135037,20,4,400,0,1
60,651729423718306511,20,4,400,0,0
60,967643739388644259,20,4,400,0,1
60,942965384875618963,20,4,400,0,2
60,1045156174110871241,20,4,400,0,1
60,867940796196061127,20,4,400,1,4
60,583446628692426529,20,4,400,0,0
60,788451707723937823,20,4,400,1,3
60,812683918108562887,20,4,400,1,2
60,698844619378721443,20,4,400,0,0
60,910736220226198357,20,4,400,0,3
60,716378653055217583,20,4,400,1,3
60,671370494599453001,20,4,400,0,5
60,733633604323147459,20,4,400,0,0
60,775872777106918321,20,4,400,0,3
60,876167064047931899,20,4,400,0,4
60,581097066118886423,20,4,400,0,0
60,906248528403375797,20,4,400,3,8
60,591351707936467451,20,4,400,1,1
60,826190294508857591,20,4,400,0,2
60,852241155841517579,20,4,400,0,2
60,915028564925965717,20,4,400,1,8
60,747682578902239723,20,4,400,2,8
60,578399078740012589,20,4,400,2,9
60,997058306065447789,20,4,400,0,0
60,888816177552767311,20,4,400,0,3
60,923461485876532507,20,4,400,0,2
60,786873513805202407,20,4,400,0,0
60,723562181723720951,20,4,400,0,1
60,787933719104621099,20,4,400,2,2
60,934663685950714859,20,4,400,1,3
60,620520510831135119,20,4,400,1,4
60,796614833278820209,20,4,400,0,1
60,851961086154842611,20,4,400,1,2
60,669606396816245671,20,4,400,0,0
60,644271739932694691,20,4,400,0,0
60,992924136977825497,20,4,400,1,5
60,762262797455728447,20,4,400,2,4
60,677238108632984827,20,4,400,0,0
60,595164149455342111,20,4,400,0,0
60,600263185380382991,20,4,400,0,0
60,676572252042498697,20,4,400,1,3
60,685975956527490313,20,4,400,1,6
60,840036612816313001,20,4,400,2,12
60,723980857536884737,20,4,400,0,0
60,653192267020373963,20,4,400,0,3
60,711017638839184409,20,4,400,0,0
60,1060906471994081281,20,4,400,0,0
60,666903234599183297,20,4,400,0,2
60,862507252246368787,20,4,400,0,0
60,929380508769621031,20,4,400,0,0
60,930943649568521761,20,4,400,2,5
60,588081584359394911,20,4,400,0,1
60,596829701524883311,20,4,400,0,0
60,704743346323862353,20,4,400,3,5
60,685372441532499739,20,4,400,0,7
60,676610426733245479,20,4,400,0,0
60,1055097807199572677,20,4,400,0,3
60,629543567836501709,20,4,400,0,0
60,601580367471573883,20,4,400,0,1
60,944480229094711801,20,4,400,0,0
60,582676859545567411,20,4,400,2,5
60,601656630769011079,20,4,400,0,2
60,640493162682461857,20,4,400,2,10
60,821326719013013903,20,4,400,2,3
60,748852198696884071,20,4,400,0,0
60,627307901124202943,20,4,400,1,7
60,1009547382878477353,20,4,400,2,9
60,649871238575092669,20,4,400,0,1
60,681261892545218497,20,4,400,0,2
60,604902934773788059,20,4,400,2,5
60,884599284816330659,20,4,400,0,1
60,745045925806460581,20,4,400,0,3
60,728071880534907803,20,4,400,0,0
60,933787007589786157,20,4,400,0,1
60,730146112264445803,20,4,400,0,1
60,699544088653603289,20,4,400,2,5
60,608942416311554491,20,4,400,0,1
60,792316520628130601,20,4,400,0,2
60,833102835699779543,20,4,400,2,6
60,670966448614021577,20,4,400,1,2
60,689987000486004329,20,4,400,0,1
60,718086280410712457,20,4,400,0,0
60,643284519309838027,20,4,400,0,4
60,609101360154714179,20,4,400,0,0
60,776837834988395239,20,4,400,1,2
60,1064676271381669019,20,4,400,1,1
60,644645380329703339,20,4,400,0,0
60,579933746423431157,20,4,400,3,10
60,743603946524446699,20,4,400,0,0
60,1025474342487274963,20,4,400,0,0
60,1032790525046221517,20,4,400,3,8
60,785948322472822001,20,4,400,0,0
60,709955607174264809,20,4,400,1,1
60,868743886760804401,20,4,400,0,2
60,768323420328328597,20,4,400,0,0
60,815935821163112729,20,4,400,0,3
60,578099454410897869,20,4,400,1,3
60,607430623412466599,20,4,400,0,2
60,811620543459911209,20,4,400,0,4
60,590414575393284077,20,4,400,0,4
60,914403655406674193,20,4,400,0,0
60,819675000694025551,20,4,400,0,1
60,583357163514089273,20,4,400,0,0
60,922308859227246523,20,4,400,0,2
60,976412309918494391,20,4,400,0,23
60,598170771311797921,20,4,400,0,2
60,951300766081519649,20,4,400,0,1
60,783277227001335881,20,4,400,0,0
60,844289653573436051,20,4,400,1,2
60,578372237008508069,20,4,400,0,4
60,696344093913991927,20,4,400,0,0
60,649013999516537951,20,4,400,0,1
60,624995773756542313,20,4,400,1,1
60,620444300947109273,20,4,400,1,5
60,1035679447680474889,20,4,400,1,1
60,577572348673123337,20,4,400,1,6
60,917232780903600599,20,4,400,1,4
60,593174281794181277,20,4,400,0,0
60,875206114262193823,20,4,400,1,3
60,901679939128662563,20,4,400,0,1
60,655764424918578299,20,4,400,0,1
60,604565283883576313,20,4,400,1,4
60,692776061492524883,20,4,400,1,3
60,624494659030070707,20,4,400,1,3
60,834233419510146127,20,4,400,0,3
60,599064970150734319,20,4,400,2,3
60,961193342100545207,20,4,400,1,4
60,688481298913034201,20,4,400,1,5
60,1006295310067487243,20,4,400,0,0
60,685120339131110657,20,4,400,0,9
60,680518129815025829,20,4,400,1,4
60,826858906677519701,20,4,400,1,2
60,724585647508636427,20,4,400,2,5
60,927519451457734579,20,4,400,0,1
60,729118795164012259,20,4,400,2,6
60,588857346353628799,20,4,400,1,3
60,781781967207903853,20,4,400,0,1
60,916686579770112163,20,4,400,0,0
60,945240032651745599,20,4,400,0,0
60,1019794639255065931,20,4,400,0,1
60,623384471333691629,20,4,400,0,2
60,578867952389058247,20,4,400,1,1
60,605768183257555049,20,4,400,3,5
60,818936172692092823,20,4,400,1,6
60,756632543372143439,20,4,400,0,0
60,756674540226809683,20,4,400,1,15
60,596636918689371179,20,4,400,1,5
60,596428354284522317,20,4,400,0,4
60,854006204112271513,20,4,400,0,2
60,874911649938145621,20,4,400,0,2
60,853950038787361679,20,4,400,0,1
60,897171435632063413,20,4,400,1,1
60,930522056607610657,20,4,400,1,3
60,668534125589847383,20,4,400,0,2
60,844525443137450231,20,4,400,0,0
60,768730052480467387,20,4,400,1,1
60,856361355551030821,20,4,400,0,5
60,681819080938083653,20,4,400,1,3
60,607614746638707403,20,4,400,0,0
60,577602357140165923,20,4,400,0,7
60,898482355242225797,20,4,400,3,7
60,971558199987178613,20,4,400,0,1
60,778699038923629961,20,4,400,1,1
60,658304319639250307,20,4,400,1,5
60,606797926837005773,20,4,400,0,0
60,997785335146869023,20,4,400,0,1
60,711318158405175401,20,4,400,1,4
60,1016435669103176167,20,4,400,0,1
60,720580053724585217,20,4,400,2,2
60,1005911149708017811,20,4,400,0,0
60,796893246534409793,20,4,400,1,16
60,623744914532276231,20,4,400,1,1
60,838932743869337893,20,4,400,3,23
60,682815888633366179,20,4,400,1,2
60,874782698467250561,20,4,400,0,3
60,664490565493228361,20,4,400,1,2
60,657742938479535101,20,4,400,1,4
60,887314866552129877,20,4,400,0,1
60,678779946651147659,20,4,400,0,0
60,938596741026388597,20,4,400,0,2
60,729165426095459407,20,4,400,0,0
50,1030127744070301,17,4,289,2,4
50,935617018266179,17,4,289,1,4
50,825415462987693,17,4,289,1,3
50,602956468727891,17,4,289,1,2
50,680621166573287,17,4,289,3,4
50,722101017256309,17,4,289,2,3
50,639667182702563,17,4,289,2,5
50,683136767066653,17,4,289,6,14
50,647612053922177,17,4,289,5,11
50,925387714589477,17,4,289,0,0
50,668115568700257,17,4,289,2,2
50,640068518206081,17,4,289,2,3
50,888755525902547,17,4,289,0,2
50,700965919936543,17,4,289,2,5
50,765772854116407,17,4,289,6,10
50,903942552080567,17,4,289,3,5
50,999160457554993,17,4,289,1,5
50,656937328979579,17,4,289,0,0
50,827386640143981,17,4,289,1,9
50,795673048024709,17,4,289,4,20
50,664172231852237,17,4,289,4,10
50,596604461240009,17,4,289,1,2
50,603319260573691,17,4,289,0,0
50,776156473090321,17,4,289,2,5
50,777403866999143,17,4,289,1,1
50,610032809414969,17,4,289,5,12
50,994002779924929,17,4,289,1,1
50,596120448773887,17,4,289,1,3
50,782404869463573,17,4,289,6,12
50,682993096187873,17,4,289,0,1
50,566039733256763,17,4,289,0,1
50,976647126007687,17,4,289,4,6
50,930930348972691,17,4,289,1,1
50,563212167918311,17,4,289,0,0
50,865001434595653,17,4,289,1,2
50,672299107196051,17,4,289,1,3
50,619533685036267,17,4,289,0,0
50,748335794512043,17,4,289,4,8
50,633252518703043,17,4,289,0,0
50,669434389707497,17,4,289,3,5
50,642132092747833,17,4,289,0,3
50,828149485943693,17,4,289,0,0
50,896201393169343,17,4,289,1,1
50,568841867773601,17,4,289,5,7
50,597075231694657,17,4,289,4,9
50,827314663175113,17,4,289,0,0
50,706722408559049,17,4,289,0,1
50,613920413823217,17,4,289,2,2
50,764530804845823,17,4,289,4,9
50,1037568428171669,17,4,289,2,3
50,590045642859971,17,4,289,4,4
50,759963192245567,17,4,289,3,4
50,610141581084731,17,4,289,3,5
50,823654818395309,17,4,289,8,26
50,759541564460383,17,4,289,8,9
50,866821946104151,17,4,289,3,6
50,655232247611069,17,4,289,6,11
50,877910598758147,17,4,289,2,4
50,974518590468811,17,4,289,2,4
50,1009883153189543,17,4,289,0,0
50,604103174676977,17,4,289,0,0
50,729998886938287,17,4,289,0,1
50,924648772689091,17,4,289,2,16
50,884766586688671,17,4,289,0,1
50,769464347300657,17,4,289,5,11
50,866003348764861,17,4,289,0,2
50,674557441028749,17,4,289,1,2
50,564373089567367,17,4,289,2,9
50,884433515450279,17,4,289,1,4
50,679455427671901,17,4,289,1,4
50,1110730382055241,17,4,289,0,0
50,1017433823772529,17,4,289,2,6
50,610327218571709,17,4,289,1,1
50,586964710833133,17,4,289,1,3
50,651795112587253,17,4,289,1,1
50,592807259945519,17,4,289,0,1
50,575378360072281,17,4,289,2,6
50,568873937212127,17,4,289,1,3
50,622651580689267,17,4,289,5,7
50,681535337060407,17,4,289,3,3
50,618241367252203,17,4,289,4,10
50,666129552913459,17,4,289,0,0
50,746904317958439,17,4,289,7,10
50,784624198452923,17,4,289,3,14
50,811982291055983,17,4,289,3,10
50,689025163365817,17,4,289,3,5
50,808160898363769,17,4,289,3,5
50,565459289437943,17,4,289,3,4
50,697827799210211,17,4,289,0,0
50,979527640119911,17,4,289,2,5
50,655824192918361,17,4,289,0,0
50,630699145312723,17,4,289,0,1
50,706174111496879,17,4,289,6,11
50,675476973720293,17,4,289,0,0
50,660495473528987,17,4,289,0,1
50,650938368476839,17,4,289,2,3
50,920376178414141,17,4,289,0,0
50,734418389924117,17,4,289,3,17
50,610723740512539,17,4,289,3,5
50,705910849662659,17,4,289,1,3
50,940913530564277,17,4,289,0,0
50,1020010761131657,17,4,289,1,1
50,584121243503851,17,4,289,0,0
50,566885091832049,17,4,289,2,3
50,624222204146323,17,4,289,1,1
50,981882291843109,17,4,289,3,5
50,1018202307461671,17,4,289,0,0
50,763702117329059,17,4,289,4,14
50,805015204081091,17,4,289,1,1
50,1004602462505113,17,4,289,2,9
50,566346486877429,17,4,289,3,8
50,1043541242616563,17,4,289,1,1
50,712927011443827,17,4,289,3,15
50,1039128142022317,17,4,289,1,1
50,700309242518581,17,4,289,2,3
50,626720927519263,17,4,289,0,0
50,777333871004347,17,4,289,2,2
50,681907560861151,17,4,289,0,0
50,581306075035099,17,4,289,3,7
50,662192389593743,17,4,289,0,2
50,723115362076721,17,4,289,0,1
50,713418475587799,17,4,289,1,1
50,599751997025969,17,4,289,0,1
50,608700448868549,17,4,289,1,2
50,708700212706427,17,4,289,1,8
50,784440350701589,17,4,289,3,4
50,592801010631481,17,4,289,6,14
50,867278388033929,17,4,289,3,4
50,662782017304469,17,4,289,3,8
50,842573862976543,17,4,289,1,4
50,641862865682981,17,4,289,2,5
50,621078357703889,17,4,289,1,3
50,807149972132503,17,4,289,0,0
50,969190329175129,17,4,289,0,0
50,664878573154063,17,4,289,8,19
50,649874101752929,17,4,289,0,1
50,620917180909573,17,4,289,5,20
50,623680018964063,17,4,289,6,22
50,723366205300903,17,4,289,2,3
50,940330507186003,17,4,289,0,0
50,675538037645683,17,4,289,2,3
50,717312020259487,17,4,289,3,7
50,982965326629571,17,4,289,0,0
50,646117743101507,17,4,289,2,3
50,717414025212979,17,4,289,6,25
50,728357649599249,17,4,289,1,1
50,654982955854217,17,4,289,3,5
50,613482835565129,17,4,289,6,24
50,636853106494499,17,4,289,3,6
50,733256510426831,17,4,289,1,2
50,585678084699101,17,4,289,0,1
50,648157969093337,17,4,289,2,3
50,732432756992771,17,4,289,1,2
50,658238611890103,17,4,289,2,7
50,652019816075851,17,4,289,3,7
50,1078360829678179,17,4,289,3,6
50,565767592505699,17,4,289,4,6
50,646675899500021,17,4,289,2,7
50,922255617249319,17,4,289,1,1
50,628789424142221,17,4,289,5,17
50,764414615491529,17,4,289,2,2
50,840530587146421,17,4,289,3,3
50,884409601838891,17,4,289,0,1
50,679742094185263,17,4,289,5,12
50,651318648734821,17,4,289,1,1
50,586861280947849,17,4,289,3,7
50,579637884964829,17,4,289,4,15
50,669556322380481,17,4,289,2,5
50,618355098753121,17,4,289,1,4
50,656372529387437,17,4,289,0,4
50,591318617059747,17,4,289,4,7
50,887720389460941,17,4,289,1,7
50,894511951554313,17,4,289,1,1
50,737782845050597,17,4,289,0,2
50,760643086767029,17,4,289,5,13
50,627577856471477,17,4,289,7,11
50,719032894602739,17,4,289,1,2
50,677381842864681,17,4,289,0,0
50,631907421603611,17,4,289,2,5
50,782224688029933,17,4,289,1,4
50,610182202943227,17,4,289,2,7
50,664842303566033,17,4,289,0,1
50,849033981577361,17,4,289,1,1
50,872776756241009,17,4,289,0,0
50,832262366345329,17,4,289,0,0
50,682817105825389,17,4,289,1,2
50,713191987813493,17,4,289,0,0
50,820735102386373,17,4,289,0,0
50,585893701087883,17,4,289,2,4
50,855775980347713,17,4,289,0,2
50,932345142551443,17,4,289,2,6
50,784633978097639,17,4,289,0,2
50,926776390834883,17,4,289,2,3
50,955907579241421,17,4,289,1,4
50,602108761316903,17,4,289,8,11
50,585021600977153,17,4,289,1,4
50,771953122337603,17,4,289,0,0
50,721808456294741,17,4,289,4,7
50,615481106273191,17,4,289,4,7
50,863803758251017,17,4,289,5,16
50,1016893436638397,17,4,289,0,0
50,973659752209349,17,4,289,1,2
50,580611790579879,17,4,289,0,0
50,683139207419681,17,4,289,0,6
50,714629948816627,17,4,289,2,4
50,908884930452929,17,4,289,0,2
50,634575352886681,17,4,289,2,3
50,690228104467697,17,4,289,3,6
50,969127315962293,17,4,289,1,3
50,665351252893381,17,4,289,0,2
50,709760482956433,17,4,289,2,2
50,712306041963821,17,4,289,2,2
50,599575070941019,17,4,289,2,11
50,610886536941253,17,4,289,1,5
50,794822188506167,17,4,289,1,3
50,716945475261061,17,4,289,8,20
50,1083919277060117,17,4,289,7,16
50,591250762705849,17,4,289,5,8
50,653792851948681,17,4,289,2,4
50,788799099265403,17,4,289,1,2
50,568002707878679,17,4,289,11,28
50,566884313892319,17,4,289,3,6
50,621681904734083,17,4,289,4,6
50,975497722064683,17,4,289,2,8
50,661497906663991,17,4,289,2,8
50,763427731990537,17,4,289,1,2
50,808396119075931,17,4,289,3,3
50,670885623497281,17,4,289,0,2
50,860117677608713,17,4,289,4,9
50,571773482357017,17,4,289,1,2
50,682737650904319,17,4,289,3,7
50,674511307695353,17,4,289,9,13
50,817879242869251,17,4,289,2,13
50,611283623644877,17,4,289,1,1
50,700239537487687,17,4,289,5,7
50,793005477352721,17,4,289,0,0
50,794456978057471,17,4,289,2,5
50,701714963682721,17,4,289,2,5
50,991712562635471,17,4,289,0,4
50,630978587882063,17,4,289,0,1
50,813935273170501,17,4,289,3,4
50,1057966792252043,17,4,289,0,0
50,929143471912091,17,4,289,0,1
50,604452935778397,17,4,289,4,24
50,972396190130777,17,4,289,2,7
50,846564390379271,17,4,289,2,15
50,685468137786611,17,4,289,1,1
50,951052839109201,17,4,289,2,7
50,1064241619276333,17,4,289,3,4
50,639461543010781,17,4,289,3,8
